[2026-05-05 06:19:09] laravel.EMERGENCY: Unable to create configured logger. Using emergency logger. {"exception":"[object] (InvalidArgumentException(code: 0): Log [] is not defined. at C:/Users/nahid/Downloads/campus-connect-pro-complete-20-features-v2-fixed/campus-connect-pro-complete/vendor/laravel/framework/src/Illuminate/Log/LogManager.php:212)
[stacktrace]
#0 C:/Users/nahid/Downloads/campus-connect-pro-complete-20-features-v2-fixed/campus-connect-pro-complete/vendor/laravel/framework/src/Illuminate/Log/LogManager.php(137): Illuminate/Log/LogManager->resolve(NULL, NULL)
#1 C:/Users/nahid/Downloads/campus-connect-pro-complete-20-features-v2-fixed/campus-connect-pro-complete/vendor/laravel/framework/src/Illuminate/Log/LogManager.php(124): Illuminate/Log/LogManager->get(NULL)
#2 C:/Users/nahid/Downloads/campus-connect-pro-complete-20-features-v2-fixed/campus-connect-pro-complete/vendor/laravel/framework/src/Illuminate/Log/LogManager.php(681): Illuminate/Log/LogManager->driver()
#3 C:/Users/nahid/Downloads/campus-connect-pro-complete-20-features-v2-fixed/campus-connect-pro-complete/vendor/laravel/framework/src/Illuminate/Foundation/Exceptions/Handler.php(317): Illuminate/Log/LogManager->error('Illuminate//Mail...', Array)
#4 C:/Users/nahid/Downloads/campus-connect-pro-complete-20-features-v2-fixed/campus-connect-pro-complete/vendor/laravel/framework/src/Illuminate/Foundation/Exceptions/Handler.php(278): Illuminate/Foundation/Exceptions/Handler->reportThrowable(Object(TypeError))
#5 C:/Users/nahid/Downloads/campus-connect-pro-complete-20-features-v2-fixed/campus-connect-pro-complete/vendor/laravel/framework/src/Illuminate/Routing/Pipeline.php(49): Illuminate/Foundation/Exceptions/Handler->report(Object(TypeError))
#6 C:/Users/nahid/Downloads/campus-connect-pro-complete-20-features-v2-fixed/campus-connect-pro-complete/vendor/laravel/framework/src/Illuminate/Pipeline/Pipeline.php(146): Illuminate/Routing/Pipeline->handleException(Object(Illuminate/Http/Request), Object(TypeError))
#7 C:/Users/nahid/Downloads/campus-connect-pro-complete-20-features-v2-fixed/campus-connect-pro-complete/app/Http/Middleware/CheckSuspended.php(19): Illuminate/Pipeline/Pipeline->Illuminate/Pipeline/{closure}(Object(Illuminate/Http/Request))
#8 C:/Users/nahid/Downloads/campus-connect-pro-complete-20-features-v2-fixed/campus-connect-pro-complete/vendor/laravel/framework/src/Illuminate/Pipeline/Pipeline.php(183): App/Http/Middleware/CheckSuspended->handle(Object(Illuminate/Http/Request), Object(Closure))
#9 C:/Users/nahid/Downloads/campus-connect-pro-complete-20-features-v2-fixed/campus-connect-pro-complete/vendor/laravel/framework/src/Illuminate/Routing/Middleware/SubstituteBindings.php(50): Illuminate/Pipeline/Pipeline->Illuminate/Pipeline/{closure}(Object(Illuminate/Http/Request))
#10 C:/Users/nahid/Downloads/campus-connect-pro-complete-20-features-v2-fixed/campus-connect-pro-complete/vendor/laravel/framework/src/Illuminate/Pipeline/Pipeline.php(183): Illuminate/Routing/Middleware/SubstituteBindings->handle(Object(Illuminate/Http/Request), Object(Closure))
#11 C:/Users/nahid/Downloads/campus-connect-pro-complete-20-features-v2-fixed/campus-connect-pro-complete/vendor/laravel/framework/src/Illuminate/Auth/Middleware/Authenticate.php(57): Illuminate/Pipeline/Pipeline->Illuminate/Pipeline/{closure}(Object(Illuminate/Http/Request))
#12 C:/Users/nahid/Downloads/campus-connect-pro-complete-20-features-v2-fixed/campus-connect-pro-complete/vendor/laravel/framework/src/Illuminate/Pipeline/Pipeline.php(183): Illuminate/Auth/Middleware/Authenticate->handle(Object(Illuminate/Http/Request), Object(Closure))
#13 C:/Users/nahid/Downloads/campus-connect-pro-complete-20-features-v2-fixed/campus-connect-pro-complete/vendor/laravel/framework/src/Illuminate/Foundation/Http/Middleware/VerifyCsrfToken.php(78): Illuminate/Pipeline/Pipeline->Illuminate/Pipeline/{closure}(Object(Illuminate/Http/Request))
#14 C:/Users/nahid/Downloads/campus-connect-pro-complete-20-features-v2-fixed/campus-connect-pro-complete/vendor/laravel/framework/src/Illuminate/Pipeline/Pipeline.php(183): Illuminate/Foundation/Http/Middleware/VerifyCsrfToken->handle(Object(Illuminate/Http/Request), Object(Closure))
#15 C:/Users/nahid/Downloads/campus-connect-pro-complete-20-features-v2-fixed/campus-connect-pro-complete/vendor/laravel/framework/src/Illuminate/View/Middleware/ShareErrorsFromSession.php(49): Illuminate/Pipeline/Pipeline->Illuminate/Pipeline/{closure}(Object(Illuminate/Http/Request))
#16 C:/Users/nahid/Downloads/campus-connect-pro-complete-20-features-v2-fixed/campus-connect-pro-complete/vendor/laravel/framework/src/Illuminate/Pipeline/Pipeline.php(183): Illuminate/View/Middleware/ShareErrorsFromSession->handle(Object(Illuminate/Http/Request), Object(Closure))
#17 C:/Users/nahid/Downloads/campus-connect-pro-complete-20-features-v2-fixed/campus-connect-pro-complete/vendor/laravel/framework/src/Illuminate/Session/Middleware/StartSession.php(121): Illuminate/Pipeline/Pipeline->Illuminate/Pipeline/{closure}(Object(Illuminate/Http/Request))
#18 C:/Users/nahid/Downloads/campus-connect-pro-complete-20-features-v2-fixed/campus-connect-pro-complete/vendor/laravel/framework/src/Illuminate/Session/Middleware/StartSession.php(64): Illuminate/Session/Middleware/StartSession->handleStatefulRequest(Object(Illuminate/Http/Request), Object(Illuminate/Session/Store), Object(Closure))
#19 C:/Users/nahid/Downloads/campus-connect-pro-complete-20-features-v2-fixed/campus-connect-pro-complete/vendor/laravel/framework/src/Illuminate/Pipeline/Pipeline.php(183): Illuminate/Session/Middleware/StartSession->handle(Object(Illuminate/Http/Request), Object(Closure))
#20 C:/Users/nahid/Downloads/campus-connect-pro-complete-20-features-v2-fixed/campus-connect-pro-complete/vendor/laravel/framework/src/Illuminate/Cookie/Middleware/AddQueuedCookiesToResponse.php(37): Illuminate/Pipeline/Pipeline->Illuminate/Pipeline/{closure}(Object(Illuminate/Http/Request))
#21 C:/Users/nahid/Downloads/campus-connect-pro-complete-20-features-v2-fixed/campus-connect-pro-complete/vendor/laravel/framework/src/Illuminate/Pipeline/Pipeline.php(183): Illuminate/Cookie/Middleware/AddQueuedCookiesToResponse->handle(Object(Illuminate/Http/Request), Object(Closure))
#22 C:/Users/nahid/Downloads/campus-connect-pro-complete-20-features-v2-fixed/campus-connect-pro-complete/vendor/laravel/framework/src/Illuminate/Cookie/Middleware/EncryptCookies.php(67): Illuminate/Pipeline/Pipeline->Illuminate/Pipeline/{closure}(Object(Illuminate/Http/Request))
#23 C:/Users/nahid/Downloads/campus-connect-pro-complete-20-features-v2-fixed/campus-connect-pro-complete/vendor/laravel/framework/src/Illuminate/Pipeline/Pipeline.php(183): Illuminate/Cookie/Middleware/EncryptCookies->handle(Object(Illuminate/Http/Request), Object(Closure))
#24 C:/Users/nahid/Downloads/campus-connect-pro-complete-20-features-v2-fixed/campus-connect-pro-complete/vendor/laravel/framework/src/Illuminate/Pipeline/Pipeline.php(119): Illuminate/Pipeline/Pipeline->Illuminate/Pipeline/{closure}(Object(Illuminate/Http/Request))
#25 C:/Users/nahid/Downloads/campus-connect-pro-complete-20-features-v2-fixed/campus-connect-pro-complete/vendor/laravel/framework/src/Illuminate/Routing/Router.php(805): Illuminate/Pipeline/Pipeline->then(Object(Closure))
#26 C:/Users/nahid/Downloads/campus-connect-pro-complete-20-features-v2-fixed/campus-connect-pro-complete/vendor/laravel/framework/src/Illuminate/Routing/Router.php(784): Illuminate/Routing/Router->runRouteWithinStack(Object(Illuminate/Routing/Route), Object(Illuminate/Http/Request))
#27 C:/Users/nahid/Downloads/campus-connect-pro-complete-20-features-v2-fixed/campus-connect-pro-complete/vendor/laravel/framework/src/Illuminate/Routing/Router.php(748): Illuminate/Routing/Router->runRoute(Object(Illuminate/Http/Request), Object(Illuminate/Routing/Route))
#28 C:/Users/nahid/Downloads/campus-connect-pro-complete-20-features-v2-fixed/campus-connect-pro-complete/vendor/laravel/framework/src/Illuminate/Routing/Router.php(737): Illuminate/Routing/Router->dispatchToRoute(Object(Illuminate/Http/Request))
#29 C:/Users/nahid/Downloads/campus-connect-pro-complete-20-features-v2-fixed/campus-connect-pro-complete/vendor/laravel/framework/src/Illuminate/Foundation/Http/Kernel.php(200): Illuminate/Routing/Router->dispatch(Object(Illuminate/Http/Request))
#30 C:/Users/nahid/Downloads/campus-connect-pro-complete-20-features-v2-fixed/campus-connect-pro-complete/vendor/laravel/framework/src/Illuminate/Pipeline/Pipeline.php(144): Illuminate/Foundation/Http/Kernel->Illuminate/Foundation/Http/{closure}(Object(Illuminate/Http/Request))
#31 C:/Users/nahid/Downloads/campus-connect-pro-complete-20-features-v2-fixed/campus-connect-pro-complete/vendor/laravel/framework/src/Illuminate/Foundation/Http/Middleware/TransformsRequest.php(21): Illuminate/Pipeline/Pipeline->Illuminate/Pipeline/{closure}(Object(Illuminate/Http/Request))
#32 C:/Users/nahid/Downloads/campus-connect-pro-complete-20-features-v2-fixed/campus-connect-pro-complete/vendor/laravel/framework/src/Illuminate/Foundation/Http/Middleware/ConvertEmptyStringsToNull.php(31): Illuminate/Foundation/Http/Middleware/TransformsRequest->handle(Object(Illuminate/Http/Request), Object(Closure))
#33 C:/Users/nahid/Downloads/campus-connect-pro-complete-20-features-v2-fixed/campus-connect-pro-complete/vendor/laravel/framework/src/Illuminate/Pipeline/Pipeline.php(183): Illuminate/Foundation/Http/Middleware/ConvertEmptyStringsToNull->handle(Object(Illuminate/Http/Request), Object(Closure))
#34 C:/Users/nahid/Downloads/campus-connect-pro-complete-20-features-v2-fixed/campus-connect-pro-complete/vendor/laravel/framework/src/Illuminate/Foundation/Http/Middleware/TransformsRequest.php(21): Illuminate/Pipeline/Pipeline->Illuminate/Pipeline/{closure}(Object(Illuminate/Http/Request))
#35 C:/Users/nahid/Downloads/campus-connect-pro-complete-20-features-v2-fixed/campus-connect-pro-complete/vendor/laravel/framework/src/Illuminate/Foundation/Http/Middleware/TrimStrings.php(40): Illuminate/Foundation/Http/Middleware/TransformsRequest->handle(Object(Illuminate/Http/Request), Object(Closure))
#36 C:/Users/nahid/Downloads/campus-connect-pro-complete-20-features-v2-fixed/campus-connect-pro-complete/vendor/laravel/framework/src/Illuminate/Pipeline/Pipeline.php(183): Illuminate/Foundation/Http/Middleware/TrimStrings->handle(Object(Illuminate/Http/Request), Object(Closure))
#37 C:/Users/nahid/Downloads/campus-connect-pro-complete-20-features-v2-fixed/campus-connect-pro-complete/vendor/laravel/framework/src/Illuminate/Foundation/Http/Middleware/ValidatePostSize.php(27): Illuminate/Pipeline/Pipeline->Illuminate/Pipeline/{closure}(Object(Illuminate/Http/Request))
#38 C:/Users/nahid/Downloads/campus-connect-pro-complete-20-features-v2-fixed/campus-connect-pro-complete/vendor/laravel/framework/src/Illuminate/Pipeline/Pipeline.php(183): Illuminate/Foundation/Http/Middleware/ValidatePostSize->handle(Object(Illuminate/Http/Request), Object(Closure))
#39 C:/Users/nahid/Downloads/campus-connect-pro-complete-20-features-v2-fixed/campus-connect-pro-complete/vendor/laravel/framework/src/Illuminate/Http/Middleware/HandleCors.php(49): Illuminate/Pipeline/Pipeline->Illuminate/Pipeline/{closure}(Object(Illuminate/Http/Request))
#40 C:/Users/nahid/Downloads/campus-connect-pro-complete-20-features-v2-fixed/campus-connect-pro-complete/vendor/laravel/framework/src/Illuminate/Pipeline/Pipeline.php(183): Illuminate/Http/Middleware/HandleCors->handle(Object(Illuminate/Http/Request), Object(Closure))
#41 C:/Users/nahid/Downloads/campus-connect-pro-complete-20-features-v2-fixed/campus-connect-pro-complete/vendor/laravel/framework/src/Illuminate/Pipeline/Pipeline.php(119): Illuminate/Pipeline/Pipeline->Illuminate/Pipeline/{closure}(Object(Illuminate/Http/Request))
#42 C:/Users/nahid/Downloads/campus-connect-pro-complete-20-features-v2-fixed/campus-connect-pro-complete/vendor/laravel/framework/src/Illuminate/Foundation/Http/Kernel.php(175): Illuminate/Pipeline/Pipeline->then(Object(Closure))
#43 C:/Users/nahid/Downloads/campus-connect-pro-complete-20-features-v2-fixed/campus-connect-pro-complete/vendor/laravel/framework/src/Illuminate/Foundation/Http/Kernel.php(144): Illuminate/Foundation/Http/Kernel->sendRequestThroughRouter(Object(Illuminate/Http/Request))
#44 C:/Users/nahid/Downloads/campus-connect-pro-complete-20-features-v2-fixed/campus-connect-pro-complete/public/index.php(20): Illuminate/Foundation/Http/Kernel->handle(Object(Illuminate/Http/Request))
#45 C:/Users/nahid/Downloads/campus-connect-pro-complete-20-features-v2-fixed/campus-connect-pro-complete/vendor/laravel/framework/src/Illuminate/Foundation/resources/server.php(16): require_once('C://Users//nahid//...')
#46 {main}
"} 
[2026-05-05 06:19:09] laravel.ERROR: Illuminate\Mail\MailManager::getConfig(): Argument #1 ($name) must be of type string, null given, called in C:\Users\nahid\Downloads\campus-connect-pro-complete-20-features-v2-fixed\campus-connect-pro-complete\vendor\laravel\framework\src\Illuminate\Mail\MailManager.php on line 112 {"userId":2,"exception":"[object] (TypeError(code: 0): Illuminate\\Mail\\MailManager::getConfig(): Argument #1 ($name) must be of type string, null given, called in C:\\Users\\nahid\\Downloads\\campus-connect-pro-complete-20-features-v2-fixed\\campus-connect-pro-complete\\vendor\\laravel\\framework\\src\\Illuminate\\Mail\\MailManager.php on line 112 at C:/Users/nahid/Downloads/campus-connect-pro-complete-20-features-v2-fixed/campus-connect-pro-complete/vendor/laravel/framework/src/Illuminate/Mail/MailManager.php:474)
[stacktrace]
#0 C:/Users/nahid/Downloads/campus-connect-pro-complete-20-features-v2-fixed/campus-connect-pro-complete/vendor/laravel/framework/src/Illuminate/Mail/MailManager.php(112): Illuminate/Mail/MailManager->getConfig(NULL)
#1 C:/Users/nahid/Downloads/campus-connect-pro-complete-20-features-v2-fixed/campus-connect-pro-complete/vendor/laravel/framework/src/Illuminate/Mail/MailManager.php(99): Illuminate/Mail/MailManager->resolve(NULL)
#2 C:/Users/nahid/Downloads/campus-connect-pro-complete-20-features-v2-fixed/campus-connect-pro-complete/vendor/laravel/framework/src/Illuminate/Mail/MailManager.php(77): Illuminate/Mail/MailManager->get(NULL)
#3 C:/Users/nahid/Downloads/campus-connect-pro-complete-20-features-v2-fixed/campus-connect-pro-complete/vendor/laravel/framework/src/Illuminate/Notifications/Channels/MailChannel.php(66): Illuminate/Mail/MailManager->mailer(NULL)
#4 C:/Users/nahid/Downloads/campus-connect-pro-complete-20-features-v2-fixed/campus-connect-pro-complete/vendor/laravel/framework/src/Illuminate/Notifications/NotificationSender.php(148): Illuminate/Notifications/Channels/MailChannel->send(Object(App/Models/User), Object(App/Notifications/NewMessageNotification))
#5 C:/Users/nahid/Downloads/campus-connect-pro-complete-20-features-v2-fixed/campus-connect-pro-complete/vendor/laravel/framework/src/Illuminate/Notifications/NotificationSender.php(106): Illuminate/Notifications/NotificationSender->sendToNotifiable(Object(App/Models/User), '044c71d9-0744-4...', Object(App/Notifications/NewMessageNotification), 'mail')
#6 C:/Users/nahid/Downloads/campus-connect-pro-complete-20-features-v2-fixed/campus-connect-pro-complete/vendor/laravel/framework/src/Illuminate/Support/Traits/Localizable.php(19): Illuminate/Notifications/NotificationSender->Illuminate/Notifications/{closure}()
#7 C:/Users/nahid/Downloads/campus-connect-pro-complete-20-features-v2-fixed/campus-connect-pro-complete/vendor/laravel/framework/src/Illuminate/Notifications/NotificationSender.php(101): Illuminate/Notifications/NotificationSender->withLocale(NULL, Object(Closure))
#8 C:/Users/nahid/Downloads/campus-connect-pro-complete-20-features-v2-fixed/campus-connect-pro-complete/vendor/laravel/framework/src/Illuminate/Notifications/NotificationSender.php(79): Illuminate/Notifications/NotificationSender->sendNow(Object(Illuminate/Database/Eloquent/Collection), Object(App/Notifications/NewMessageNotification))
#9 C:/Users/nahid/Downloads/campus-connect-pro-complete-20-features-v2-fixed/campus-connect-pro-complete/vendor/laravel/framework/src/Illuminate/Notifications/ChannelManager.php(39): Illuminate/Notifications/NotificationSender->send(Object(Illuminate/Database/Eloquent/Collection), Object(App/Notifications/NewMessageNotification))
#10 C:/Users/nahid/Downloads/campus-connect-pro-complete-20-features-v2-fixed/campus-connect-pro-complete/vendor/laravel/framework/src/Illuminate/Notifications/RoutesNotifications.php(18): Illuminate/Notifications/ChannelManager->send(Object(App/Models/User), Object(App/Notifications/NewMessageNotification))
#11 C:/Users/nahid/Downloads/campus-connect-pro-complete-20-features-v2-fixed/campus-connect-pro-complete/app/Http/Controllers/Marketplace/ChatController.php(94): App/Models/User->notify(Object(App/Notifications/NewMessageNotification))
#12 C:/Users/nahid/Downloads/campus-connect-pro-complete-20-features-v2-fixed/campus-connect-pro-complete/vendor/laravel/framework/src/Illuminate/Routing/Controller.php(54): App/Http/Controllers/Marketplace/ChatController->sendMessage(Object(App/Http/Requests/SendMessageRequest), Object(App/Models/Conversation))
#13 C:/Users/nahid/Downloads/campus-connect-pro-complete-20-features-v2-fixed/campus-connect-pro-complete/vendor/laravel/framework/src/Illuminate/Routing/ControllerDispatcher.php(43): Illuminate/Routing/Controller->callAction('sendMessage', Array)
#14 C:/Users/nahid/Downloads/campus-connect-pro-complete-20-features-v2-fixed/campus-connect-pro-complete/vendor/laravel/framework/src/Illuminate/Routing/Route.php(259): Illuminate/Routing/ControllerDispatcher->dispatch(Object(Illuminate/Routing/Route), Object(App/Http/Controllers/Marketplace/ChatController), 'sendMessage')
#15 C:/Users/nahid/Downloads/campus-connect-pro-complete-20-features-v2-fixed/campus-connect-pro-complete/vendor/laravel/framework/src/Illuminate/Routing/Route.php(205): Illuminate/Routing/Route->runController()
#16 C:/Users/nahid/Downloads/campus-connect-pro-complete-20-features-v2-fixed/campus-connect-pro-complete/vendor/laravel/framework/src/Illuminate/Routing/Router.php(806): Illuminate/Routing/Route->run()
#17 C:/Users/nahid/Downloads/campus-connect-pro-complete-20-features-v2-fixed/campus-connect-pro-complete/vendor/laravel/framework/src/Illuminate/Pipeline/Pipeline.php(144): Illuminate/Routing/Router->Illuminate/Routing/{closure}(Object(Illuminate/Http/Request))
#18 C:/Users/nahid/Downloads/campus-connect-pro-complete-20-features-v2-fixed/campus-connect-pro-complete/app/Http/Middleware/CheckSuspended.php(19): Illuminate/Pipeline/Pipeline->Illuminate/Pipeline/{closure}(Object(Illuminate/Http/Request))
#19 C:/Users/nahid/Downloads/campus-connect-pro-complete-20-features-v2-fixed/campus-connect-pro-complete/vendor/laravel/framework/src/Illuminate/Pipeline/Pipeline.php(183): App/Http/Middleware/CheckSuspended->handle(Object(Illuminate/Http/Request), Object(Closure))
#20 C:/Users/nahid/Downloads/campus-connect-pro-complete-20-features-v2-fixed/campus-connect-pro-complete/vendor/laravel/framework/src/Illuminate/Routing/Middleware/SubstituteBindings.php(50): Illuminate/Pipeline/Pipeline->Illuminate/Pipeline/{closure}(Object(Illuminate/Http/Request))
#21 C:/Users/nahid/Downloads/campus-connect-pro-complete-20-features-v2-fixed/campus-connect-pro-complete/vendor/laravel/framework/src/Illuminate/Pipeline/Pipeline.php(183): Illuminate/Routing/Middleware/SubstituteBindings->handle(Object(Illuminate/Http/Request), Object(Closure))
#22 C:/Users/nahid/Downloads/campus-connect-pro-complete-20-features-v2-fixed/campus-connect-pro-complete/vendor/laravel/framework/src/Illuminate/Auth/Middleware/Authenticate.php(57): Illuminate/Pipeline/Pipeline->Illuminate/Pipeline/{closure}(Object(Illuminate/Http/Request))
#23 C:/Users/nahid/Downloads/campus-connect-pro-complete-20-features-v2-fixed/campus-connect-pro-complete/vendor/laravel/framework/src/Illuminate/Pipeline/Pipeline.php(183): Illuminate/Auth/Middleware/Authenticate->handle(Object(Illuminate/Http/Request), Object(Closure))
#24 C:/Users/nahid/Downloads/campus-connect-pro-complete-20-features-v2-fixed/campus-connect-pro-complete/vendor/laravel/framework/src/Illuminate/Foundation/Http/Middleware/VerifyCsrfToken.php(78): Illuminate/Pipeline/Pipeline->Illuminate/Pipeline/{closure}(Object(Illuminate/Http/Request))
#25 C:/Users/nahid/Downloads/campus-connect-pro-complete-20-features-v2-fixed/campus-connect-pro-complete/vendor/laravel/framework/src/Illuminate/Pipeline/Pipeline.php(183): Illuminate/Foundation/Http/Middleware/VerifyCsrfToken->handle(Object(Illuminate/Http/Request), Object(Closure))
#26 C:/Users/nahid/Downloads/campus-connect-pro-complete-20-features-v2-fixed/campus-connect-pro-complete/vendor/laravel/framework/src/Illuminate/View/Middleware/ShareErrorsFromSession.php(49): Illuminate/Pipeline/Pipeline->Illuminate/Pipeline/{closure}(Object(Illuminate/Http/Request))
#27 C:/Users/nahid/Downloads/campus-connect-pro-complete-20-features-v2-fixed/campus-connect-pro-complete/vendor/laravel/framework/src/Illuminate/Pipeline/Pipeline.php(183): Illuminate/View/Middleware/ShareErrorsFromSession->handle(Object(Illuminate/Http/Request), Object(Closure))
#28 C:/Users/nahid/Downloads/campus-connect-pro-complete-20-features-v2-fixed/campus-connect-pro-complete/vendor/laravel/framework/src/Illuminate/Session/Middleware/StartSession.php(121): Illuminate/Pipeline/Pipeline->Illuminate/Pipeline/{closure}(Object(Illuminate/Http/Request))
#29 C:/Users/nahid/Downloads/campus-connect-pro-complete-20-features-v2-fixed/campus-connect-pro-complete/vendor/laravel/framework/src/Illuminate/Session/Middleware/StartSession.php(64): Illuminate/Session/Middleware/StartSession->handleStatefulRequest(Object(Illuminate/Http/Request), Object(Illuminate/Session/Store), Object(Closure))
#30 C:/Users/nahid/Downloads/campus-connect-pro-complete-20-features-v2-fixed/campus-connect-pro-complete/vendor/laravel/framework/src/Illuminate/Pipeline/Pipeline.php(183): Illuminate/Session/Middleware/StartSession->handle(Object(Illuminate/Http/Request), Object(Closure))
#31 C:/Users/nahid/Downloads/campus-connect-pro-complete-20-features-v2-fixed/campus-connect-pro-complete/vendor/laravel/framework/src/Illuminate/Cookie/Middleware/AddQueuedCookiesToResponse.php(37): Illuminate/Pipeline/Pipeline->Illuminate/Pipeline/{closure}(Object(Illuminate/Http/Request))
#32 C:/Users/nahid/Downloads/campus-connect-pro-complete-20-features-v2-fixed/campus-connect-pro-complete/vendor/laravel/framework/src/Illuminate/Pipeline/Pipeline.php(183): Illuminate/Cookie/Middleware/AddQueuedCookiesToResponse->handle(Object(Illuminate/Http/Request), Object(Closure))
#33 C:/Users/nahid/Downloads/campus-connect-pro-complete-20-features-v2-fixed/campus-connect-pro-complete/vendor/laravel/framework/src/Illuminate/Cookie/Middleware/EncryptCookies.php(67): Illuminate/Pipeline/Pipeline->Illuminate/Pipeline/{closure}(Object(Illuminate/Http/Request))
#34 C:/Users/nahid/Downloads/campus-connect-pro-complete-20-features-v2-fixed/campus-connect-pro-complete/vendor/laravel/framework/src/Illuminate/Pipeline/Pipeline.php(183): Illuminate/Cookie/Middleware/EncryptCookies->handle(Object(Illuminate/Http/Request), Object(Closure))
#35 C:/Users/nahid/Downloads/campus-connect-pro-complete-20-features-v2-fixed/campus-connect-pro-complete/vendor/laravel/framework/src/Illuminate/Pipeline/Pipeline.php(119): Illuminate/Pipeline/Pipeline->Illuminate/Pipeline/{closure}(Object(Illuminate/Http/Request))
#36 C:/Users/nahid/Downloads/campus-connect-pro-complete-20-features-v2-fixed/campus-connect-pro-complete/vendor/laravel/framework/src/Illuminate/Routing/Router.php(805): Illuminate/Pipeline/Pipeline->then(Object(Closure))
#37 C:/Users/nahid/Downloads/campus-connect-pro-complete-20-features-v2-fixed/campus-connect-pro-complete/vendor/laravel/framework/src/Illuminate/Routing/Router.php(784): Illuminate/Routing/Router->runRouteWithinStack(Object(Illuminate/Routing/Route), Object(Illuminate/Http/Request))
#38 C:/Users/nahid/Downloads/campus-connect-pro-complete-20-features-v2-fixed/campus-connect-pro-complete/vendor/laravel/framework/src/Illuminate/Routing/Router.php(748): Illuminate/Routing/Router->runRoute(Object(Illuminate/Http/Request), Object(Illuminate/Routing/Route))
#39 C:/Users/nahid/Downloads/campus-connect-pro-complete-20-features-v2-fixed/campus-connect-pro-complete/vendor/laravel/framework/src/Illuminate/Routing/Router.php(737): Illuminate/Routing/Router->dispatchToRoute(Object(Illuminate/Http/Request))
#40 C:/Users/nahid/Downloads/campus-connect-pro-complete-20-features-v2-fixed/campus-connect-pro-complete/vendor/laravel/framework/src/Illuminate/Foundation/Http/Kernel.php(200): Illuminate/Routing/Router->dispatch(Object(Illuminate/Http/Request))
#41 C:/Users/nahid/Downloads/campus-connect-pro-complete-20-features-v2-fixed/campus-connect-pro-complete/vendor/laravel/framework/src/Illuminate/Pipeline/Pipeline.php(144): Illuminate/Foundation/Http/Kernel->Illuminate/Foundation/Http/{closure}(Object(Illuminate/Http/Request))
#42 C:/Users/nahid/Downloads/campus-connect-pro-complete-20-features-v2-fixed/campus-connect-pro-complete/vendor/laravel/framework/src/Illuminate/Foundation/Http/Middleware/TransformsRequest.php(21): Illuminate/Pipeline/Pipeline->Illuminate/Pipeline/{closure}(Object(Illuminate/Http/Request))
#43 C:/Users/nahid/Downloads/campus-connect-pro-complete-20-features-v2-fixed/campus-connect-pro-complete/vendor/laravel/framework/src/Illuminate/Foundation/Http/Middleware/ConvertEmptyStringsToNull.php(31): Illuminate/Foundation/Http/Middleware/TransformsRequest->handle(Object(Illuminate/Http/Request), Object(Closure))
#44 C:/Users/nahid/Downloads/campus-connect-pro-complete-20-features-v2-fixed/campus-connect-pro-complete/vendor/laravel/framework/src/Illuminate/Pipeline/Pipeline.php(183): Illuminate/Foundation/Http/Middleware/ConvertEmptyStringsToNull->handle(Object(Illuminate/Http/Request), Object(Closure))
#45 C:/Users/nahid/Downloads/campus-connect-pro-complete-20-features-v2-fixed/campus-connect-pro-complete/vendor/laravel/framework/src/Illuminate/Foundation/Http/Middleware/TransformsRequest.php(21): Illuminate/Pipeline/Pipeline->Illuminate/Pipeline/{closure}(Object(Illuminate/Http/Request))
#46 C:/Users/nahid/Downloads/campus-connect-pro-complete-20-features-v2-fixed/campus-connect-pro-complete/vendor/laravel/framework/src/Illuminate/Foundation/Http/Middleware/TrimStrings.php(40): Illuminate/Foundation/Http/Middleware/TransformsRequest->handle(Object(Illuminate/Http/Request), Object(Closure))
#47 C:/Users/nahid/Downloads/campus-connect-pro-complete-20-features-v2-fixed/campus-connect-pro-complete/vendor/laravel/framework/src/Illuminate/Pipeline/Pipeline.php(183): Illuminate/Foundation/Http/Middleware/TrimStrings->handle(Object(Illuminate/Http/Request), Object(Closure))
#48 C:/Users/nahid/Downloads/campus-connect-pro-complete-20-features-v2-fixed/campus-connect-pro-complete/vendor/laravel/framework/src/Illuminate/Foundation/Http/Middleware/ValidatePostSize.php(27): Illuminate/Pipeline/Pipeline->Illuminate/Pipeline/{closure}(Object(Illuminate/Http/Request))
#49 C:/Users/nahid/Downloads/campus-connect-pro-complete-20-features-v2-fixed/campus-connect-pro-complete/vendor/laravel/framework/src/Illuminate/Pipeline/Pipeline.php(183): Illuminate/Foundation/Http/Middleware/ValidatePostSize->handle(Object(Illuminate/Http/Request), Object(Closure))
#50 C:/Users/nahid/Downloads/campus-connect-pro-complete-20-features-v2-fixed/campus-connect-pro-complete/vendor/laravel/framework/src/Illuminate/Http/Middleware/HandleCors.php(49): Illuminate/Pipeline/Pipeline->Illuminate/Pipeline/{closure}(Object(Illuminate/Http/Request))
#51 C:/Users/nahid/Downloads/campus-connect-pro-complete-20-features-v2-fixed/campus-connect-pro-complete/vendor/laravel/framework/src/Illuminate/Pipeline/Pipeline.php(183): Illuminate/Http/Middleware/HandleCors->handle(Object(Illuminate/Http/Request), Object(Closure))
#52 C:/Users/nahid/Downloads/campus-connect-pro-complete-20-features-v2-fixed/campus-connect-pro-complete/vendor/laravel/framework/src/Illuminate/Pipeline/Pipeline.php(119): Illuminate/Pipeline/Pipeline->Illuminate/Pipeline/{closure}(Object(Illuminate/Http/Request))
#53 C:/Users/nahid/Downloads/campus-connect-pro-complete-20-features-v2-fixed/campus-connect-pro-complete/vendor/laravel/framework/src/Illuminate/Foundation/Http/Kernel.php(175): Illuminate/Pipeline/Pipeline->then(Object(Closure))
#54 C:/Users/nahid/Downloads/campus-connect-pro-complete-20-features-v2-fixed/campus-connect-pro-complete/vendor/laravel/framework/src/Illuminate/Foundation/Http/Kernel.php(144): Illuminate/Foundation/Http/Kernel->sendRequestThroughRouter(Object(Illuminate/Http/Request))
#55 C:/Users/nahid/Downloads/campus-connect-pro-complete-20-features-v2-fixed/campus-connect-pro-complete/public/index.php(20): Illuminate/Foundation/Http/Kernel->handle(Object(Illuminate/Http/Request))
#56 C:/Users/nahid/Downloads/campus-connect-pro-complete-20-features-v2-fixed/campus-connect-pro-complete/vendor/laravel/framework/src/Illuminate/Foundation/resources/server.php(16): require_once('C://Users//nahid//...')
#57 {main}
"} 
[2026-05-05 06:23:20] laravel.EMERGENCY: Unable to create configured logger. Using emergency logger. {"exception":"[object] (InvalidArgumentException(code: 0): Log [] is not defined. at C:/Users/nahid/Downloads/campus-connect-pro-complete-20-features-v2-fixed/campus-connect-pro-complete/vendor/laravel/framework/src/Illuminate/Log/LogManager.php:212)
[stacktrace]
#0 C:/Users/nahid/Downloads/campus-connect-pro-complete-20-features-v2-fixed/campus-connect-pro-complete/vendor/laravel/framework/src/Illuminate/Log/LogManager.php(137): Illuminate/Log/LogManager->resolve(NULL, NULL)
#1 C:/Users/nahid/Downloads/campus-connect-pro-complete-20-features-v2-fixed/campus-connect-pro-complete/vendor/laravel/framework/src/Illuminate/Log/LogManager.php(124): Illuminate/Log/LogManager->get(NULL)
#2 C:/Users/nahid/Downloads/campus-connect-pro-complete-20-features-v2-fixed/campus-connect-pro-complete/vendor/laravel/framework/src/Illuminate/Log/LogManager.php(681): Illuminate/Log/LogManager->driver()
#3 C:/Users/nahid/Downloads/campus-connect-pro-complete-20-features-v2-fixed/campus-connect-pro-complete/vendor/laravel/framework/src/Illuminate/Foundation/Exceptions/Handler.php(317): Illuminate/Log/LogManager->error('Illuminate//Mail...', Array)
#4 C:/Users/nahid/Downloads/campus-connect-pro-complete-20-features-v2-fixed/campus-connect-pro-complete/vendor/laravel/framework/src/Illuminate/Foundation/Exceptions/Handler.php(278): Illuminate/Foundation/Exceptions/Handler->reportThrowable(Object(TypeError))
#5 C:/Users/nahid/Downloads/campus-connect-pro-complete-20-features-v2-fixed/campus-connect-pro-complete/vendor/laravel/framework/src/Illuminate/Routing/Pipeline.php(49): Illuminate/Foundation/Exceptions/Handler->report(Object(TypeError))
#6 C:/Users/nahid/Downloads/campus-connect-pro-complete-20-features-v2-fixed/campus-connect-pro-complete/vendor/laravel/framework/src/Illuminate/Pipeline/Pipeline.php(146): Illuminate/Routing/Pipeline->handleException(Object(Illuminate/Http/Request), Object(TypeError))
#7 C:/Users/nahid/Downloads/campus-connect-pro-complete-20-features-v2-fixed/campus-connect-pro-complete/app/Http/Middleware/CheckSuspended.php(19): Illuminate/Pipeline/Pipeline->Illuminate/Pipeline/{closure}(Object(Illuminate/Http/Request))
#8 C:/Users/nahid/Downloads/campus-connect-pro-complete-20-features-v2-fixed/campus-connect-pro-complete/vendor/laravel/framework/src/Illuminate/Pipeline/Pipeline.php(183): App/Http/Middleware/CheckSuspended->handle(Object(Illuminate/Http/Request), Object(Closure))
#9 C:/Users/nahid/Downloads/campus-connect-pro-complete-20-features-v2-fixed/campus-connect-pro-complete/vendor/laravel/framework/src/Illuminate/Routing/Middleware/SubstituteBindings.php(50): Illuminate/Pipeline/Pipeline->Illuminate/Pipeline/{closure}(Object(Illuminate/Http/Request))
#10 C:/Users/nahid/Downloads/campus-connect-pro-complete-20-features-v2-fixed/campus-connect-pro-complete/vendor/laravel/framework/src/Illuminate/Pipeline/Pipeline.php(183): Illuminate/Routing/Middleware/SubstituteBindings->handle(Object(Illuminate/Http/Request), Object(Closure))
#11 C:/Users/nahid/Downloads/campus-connect-pro-complete-20-features-v2-fixed/campus-connect-pro-complete/vendor/laravel/framework/src/Illuminate/Auth/Middleware/Authenticate.php(57): Illuminate/Pipeline/Pipeline->Illuminate/Pipeline/{closure}(Object(Illuminate/Http/Request))
#12 C:/Users/nahid/Downloads/campus-connect-pro-complete-20-features-v2-fixed/campus-connect-pro-complete/vendor/laravel/framework/src/Illuminate/Pipeline/Pipeline.php(183): Illuminate/Auth/Middleware/Authenticate->handle(Object(Illuminate/Http/Request), Object(Closure))
#13 C:/Users/nahid/Downloads/campus-connect-pro-complete-20-features-v2-fixed/campus-connect-pro-complete/vendor/laravel/framework/src/Illuminate/Foundation/Http/Middleware/VerifyCsrfToken.php(78): Illuminate/Pipeline/Pipeline->Illuminate/Pipeline/{closure}(Object(Illuminate/Http/Request))
#14 C:/Users/nahid/Downloads/campus-connect-pro-complete-20-features-v2-fixed/campus-connect-pro-complete/vendor/laravel/framework/src/Illuminate/Pipeline/Pipeline.php(183): Illuminate/Foundation/Http/Middleware/VerifyCsrfToken->handle(Object(Illuminate/Http/Request), Object(Closure))
#15 C:/Users/nahid/Downloads/campus-connect-pro-complete-20-features-v2-fixed/campus-connect-pro-complete/vendor/laravel/framework/src/Illuminate/View/Middleware/ShareErrorsFromSession.php(49): Illuminate/Pipeline/Pipeline->Illuminate/Pipeline/{closure}(Object(Illuminate/Http/Request))
#16 C:/Users/nahid/Downloads/campus-connect-pro-complete-20-features-v2-fixed/campus-connect-pro-complete/vendor/laravel/framework/src/Illuminate/Pipeline/Pipeline.php(183): Illuminate/View/Middleware/ShareErrorsFromSession->handle(Object(Illuminate/Http/Request), Object(Closure))
#17 C:/Users/nahid/Downloads/campus-connect-pro-complete-20-features-v2-fixed/campus-connect-pro-complete/vendor/laravel/framework/src/Illuminate/Session/Middleware/StartSession.php(121): Illuminate/Pipeline/Pipeline->Illuminate/Pipeline/{closure}(Object(Illuminate/Http/Request))
#18 C:/Users/nahid/Downloads/campus-connect-pro-complete-20-features-v2-fixed/campus-connect-pro-complete/vendor/laravel/framework/src/Illuminate/Session/Middleware/StartSession.php(64): Illuminate/Session/Middleware/StartSession->handleStatefulRequest(Object(Illuminate/Http/Request), Object(Illuminate/Session/Store), Object(Closure))
#19 C:/Users/nahid/Downloads/campus-connect-pro-complete-20-features-v2-fixed/campus-connect-pro-complete/vendor/laravel/framework/src/Illuminate/Pipeline/Pipeline.php(183): Illuminate/Session/Middleware/StartSession->handle(Object(Illuminate/Http/Request), Object(Closure))
#20 C:/Users/nahid/Downloads/campus-connect-pro-complete-20-features-v2-fixed/campus-connect-pro-complete/vendor/laravel/framework/src/Illuminate/Cookie/Middleware/AddQueuedCookiesToResponse.php(37): Illuminate/Pipeline/Pipeline->Illuminate/Pipeline/{closure}(Object(Illuminate/Http/Request))
#21 C:/Users/nahid/Downloads/campus-connect-pro-complete-20-features-v2-fixed/campus-connect-pro-complete/vendor/laravel/framework/src/Illuminate/Pipeline/Pipeline.php(183): Illuminate/Cookie/Middleware/AddQueuedCookiesToResponse->handle(Object(Illuminate/Http/Request), Object(Closure))
#22 C:/Users/nahid/Downloads/campus-connect-pro-complete-20-features-v2-fixed/campus-connect-pro-complete/vendor/laravel/framework/src/Illuminate/Cookie/Middleware/EncryptCookies.php(67): Illuminate/Pipeline/Pipeline->Illuminate/Pipeline/{closure}(Object(Illuminate/Http/Request))
#23 C:/Users/nahid/Downloads/campus-connect-pro-complete-20-features-v2-fixed/campus-connect-pro-complete/vendor/laravel/framework/src/Illuminate/Pipeline/Pipeline.php(183): Illuminate/Cookie/Middleware/EncryptCookies->handle(Object(Illuminate/Http/Request), Object(Closure))
#24 C:/Users/nahid/Downloads/campus-connect-pro-complete-20-features-v2-fixed/campus-connect-pro-complete/vendor/laravel/framework/src/Illuminate/Pipeline/Pipeline.php(119): Illuminate/Pipeline/Pipeline->Illuminate/Pipeline/{closure}(Object(Illuminate/Http/Request))
#25 C:/Users/nahid/Downloads/campus-connect-pro-complete-20-features-v2-fixed/campus-connect-pro-complete/vendor/laravel/framework/src/Illuminate/Routing/Router.php(805): Illuminate/Pipeline/Pipeline->then(Object(Closure))
#26 C:/Users/nahid/Downloads/campus-connect-pro-complete-20-features-v2-fixed/campus-connect-pro-complete/vendor/laravel/framework/src/Illuminate/Routing/Router.php(784): Illuminate/Routing/Router->runRouteWithinStack(Object(Illuminate/Routing/Route), Object(Illuminate/Http/Request))
#27 C:/Users/nahid/Downloads/campus-connect-pro-complete-20-features-v2-fixed/campus-connect-pro-complete/vendor/laravel/framework/src/Illuminate/Routing/Router.php(748): Illuminate/Routing/Router->runRoute(Object(Illuminate/Http/Request), Object(Illuminate/Routing/Route))
#28 C:/Users/nahid/Downloads/campus-connect-pro-complete-20-features-v2-fixed/campus-connect-pro-complete/vendor/laravel/framework/src/Illuminate/Routing/Router.php(737): Illuminate/Routing/Router->dispatchToRoute(Object(Illuminate/Http/Request))
#29 C:/Users/nahid/Downloads/campus-connect-pro-complete-20-features-v2-fixed/campus-connect-pro-complete/vendor/laravel/framework/src/Illuminate/Foundation/Http/Kernel.php(200): Illuminate/Routing/Router->dispatch(Object(Illuminate/Http/Request))
#30 C:/Users/nahid/Downloads/campus-connect-pro-complete-20-features-v2-fixed/campus-connect-pro-complete/vendor/laravel/framework/src/Illuminate/Pipeline/Pipeline.php(144): Illuminate/Foundation/Http/Kernel->Illuminate/Foundation/Http/{closure}(Object(Illuminate/Http/Request))
#31 C:/Users/nahid/Downloads/campus-connect-pro-complete-20-features-v2-fixed/campus-connect-pro-complete/vendor/laravel/framework/src/Illuminate/Foundation/Http/Middleware/TransformsRequest.php(21): Illuminate/Pipeline/Pipeline->Illuminate/Pipeline/{closure}(Object(Illuminate/Http/Request))
#32 C:/Users/nahid/Downloads/campus-connect-pro-complete-20-features-v2-fixed/campus-connect-pro-complete/vendor/laravel/framework/src/Illuminate/Foundation/Http/Middleware/ConvertEmptyStringsToNull.php(31): Illuminate/Foundation/Http/Middleware/TransformsRequest->handle(Object(Illuminate/Http/Request), Object(Closure))
#33 C:/Users/nahid/Downloads/campus-connect-pro-complete-20-features-v2-fixed/campus-connect-pro-complete/vendor/laravel/framework/src/Illuminate/Pipeline/Pipeline.php(183): Illuminate/Foundation/Http/Middleware/ConvertEmptyStringsToNull->handle(Object(Illuminate/Http/Request), Object(Closure))
#34 C:/Users/nahid/Downloads/campus-connect-pro-complete-20-features-v2-fixed/campus-connect-pro-complete/vendor/laravel/framework/src/Illuminate/Foundation/Http/Middleware/TransformsRequest.php(21): Illuminate/Pipeline/Pipeline->Illuminate/Pipeline/{closure}(Object(Illuminate/Http/Request))
#35 C:/Users/nahid/Downloads/campus-connect-pro-complete-20-features-v2-fixed/campus-connect-pro-complete/vendor/laravel/framework/src/Illuminate/Foundation/Http/Middleware/TrimStrings.php(40): Illuminate/Foundation/Http/Middleware/TransformsRequest->handle(Object(Illuminate/Http/Request), Object(Closure))
#36 C:/Users/nahid/Downloads/campus-connect-pro-complete-20-features-v2-fixed/campus-connect-pro-complete/vendor/laravel/framework/src/Illuminate/Pipeline/Pipeline.php(183): Illuminate/Foundation/Http/Middleware/TrimStrings->handle(Object(Illuminate/Http/Request), Object(Closure))
#37 C:/Users/nahid/Downloads/campus-connect-pro-complete-20-features-v2-fixed/campus-connect-pro-complete/vendor/laravel/framework/src/Illuminate/Foundation/Http/Middleware/ValidatePostSize.php(27): Illuminate/Pipeline/Pipeline->Illuminate/Pipeline/{closure}(Object(Illuminate/Http/Request))
#38 C:/Users/nahid/Downloads/campus-connect-pro-complete-20-features-v2-fixed/campus-connect-pro-complete/vendor/laravel/framework/src/Illuminate/Pipeline/Pipeline.php(183): Illuminate/Foundation/Http/Middleware/ValidatePostSize->handle(Object(Illuminate/Http/Request), Object(Closure))
#39 C:/Users/nahid/Downloads/campus-connect-pro-complete-20-features-v2-fixed/campus-connect-pro-complete/vendor/laravel/framework/src/Illuminate/Http/Middleware/HandleCors.php(49): Illuminate/Pipeline/Pipeline->Illuminate/Pipeline/{closure}(Object(Illuminate/Http/Request))
#40 C:/Users/nahid/Downloads/campus-connect-pro-complete-20-features-v2-fixed/campus-connect-pro-complete/vendor/laravel/framework/src/Illuminate/Pipeline/Pipeline.php(183): Illuminate/Http/Middleware/HandleCors->handle(Object(Illuminate/Http/Request), Object(Closure))
#41 C:/Users/nahid/Downloads/campus-connect-pro-complete-20-features-v2-fixed/campus-connect-pro-complete/vendor/laravel/framework/src/Illuminate/Pipeline/Pipeline.php(119): Illuminate/Pipeline/Pipeline->Illuminate/Pipeline/{closure}(Object(Illuminate/Http/Request))
#42 C:/Users/nahid/Downloads/campus-connect-pro-complete-20-features-v2-fixed/campus-connect-pro-complete/vendor/laravel/framework/src/Illuminate/Foundation/Http/Kernel.php(175): Illuminate/Pipeline/Pipeline->then(Object(Closure))
#43 C:/Users/nahid/Downloads/campus-connect-pro-complete-20-features-v2-fixed/campus-connect-pro-complete/vendor/laravel/framework/src/Illuminate/Foundation/Http/Kernel.php(144): Illuminate/Foundation/Http/Kernel->sendRequestThroughRouter(Object(Illuminate/Http/Request))
#44 C:/Users/nahid/Downloads/campus-connect-pro-complete-20-features-v2-fixed/campus-connect-pro-complete/public/index.php(20): Illuminate/Foundation/Http/Kernel->handle(Object(Illuminate/Http/Request))
#45 C:/Users/nahid/Downloads/campus-connect-pro-complete-20-features-v2-fixed/campus-connect-pro-complete/vendor/laravel/framework/src/Illuminate/Foundation/resources/server.php(16): require_once('C://Users//nahid//...')
#46 {main}
"} 
[2026-05-05 06:23:20] laravel.ERROR: Illuminate\Mail\MailManager::getConfig(): Argument #1 ($name) must be of type string, null given, called in C:\Users\nahid\Downloads\campus-connect-pro-complete-20-features-v2-fixed\campus-connect-pro-complete\vendor\laravel\framework\src\Illuminate\Mail\MailManager.php on line 112 {"userId":2,"exception":"[object] (TypeError(code: 0): Illuminate\\Mail\\MailManager::getConfig(): Argument #1 ($name) must be of type string, null given, called in C:\\Users\\nahid\\Downloads\\campus-connect-pro-complete-20-features-v2-fixed\\campus-connect-pro-complete\\vendor\\laravel\\framework\\src\\Illuminate\\Mail\\MailManager.php on line 112 at C:/Users/nahid/Downloads/campus-connect-pro-complete-20-features-v2-fixed/campus-connect-pro-complete/vendor/laravel/framework/src/Illuminate/Mail/MailManager.php:474)
[stacktrace]
#0 C:/Users/nahid/Downloads/campus-connect-pro-complete-20-features-v2-fixed/campus-connect-pro-complete/vendor/laravel/framework/src/Illuminate/Mail/MailManager.php(112): Illuminate/Mail/MailManager->getConfig(NULL)
#1 C:/Users/nahid/Downloads/campus-connect-pro-complete-20-features-v2-fixed/campus-connect-pro-complete/vendor/laravel/framework/src/Illuminate/Mail/MailManager.php(99): Illuminate/Mail/MailManager->resolve(NULL)
#2 C:/Users/nahid/Downloads/campus-connect-pro-complete-20-features-v2-fixed/campus-connect-pro-complete/vendor/laravel/framework/src/Illuminate/Mail/MailManager.php(77): Illuminate/Mail/MailManager->get(NULL)
#3 C:/Users/nahid/Downloads/campus-connect-pro-complete-20-features-v2-fixed/campus-connect-pro-complete/vendor/laravel/framework/src/Illuminate/Notifications/Channels/MailChannel.php(66): Illuminate/Mail/MailManager->mailer(NULL)
#4 C:/Users/nahid/Downloads/campus-connect-pro-complete-20-features-v2-fixed/campus-connect-pro-complete/vendor/laravel/framework/src/Illuminate/Notifications/NotificationSender.php(148): Illuminate/Notifications/Channels/MailChannel->send(Object(App/Models/User), Object(App/Notifications/ReviewReceivedNotification))
#5 C:/Users/nahid/Downloads/campus-connect-pro-complete-20-features-v2-fixed/campus-connect-pro-complete/vendor/laravel/framework/src/Illuminate/Notifications/NotificationSender.php(106): Illuminate/Notifications/NotificationSender->sendToNotifiable(Object(App/Models/User), '9249bb28-3021-4...', Object(App/Notifications/ReviewReceivedNotification), 'mail')
#6 C:/Users/nahid/Downloads/campus-connect-pro-complete-20-features-v2-fixed/campus-connect-pro-complete/vendor/laravel/framework/src/Illuminate/Support/Traits/Localizable.php(19): Illuminate/Notifications/NotificationSender->Illuminate/Notifications/{closure}()
#7 C:/Users/nahid/Downloads/campus-connect-pro-complete-20-features-v2-fixed/campus-connect-pro-complete/vendor/laravel/framework/src/Illuminate/Notifications/NotificationSender.php(101): Illuminate/Notifications/NotificationSender->withLocale(NULL, Object(Closure))
#8 C:/Users/nahid/Downloads/campus-connect-pro-complete-20-features-v2-fixed/campus-connect-pro-complete/vendor/laravel/framework/src/Illuminate/Notifications/NotificationSender.php(79): Illuminate/Notifications/NotificationSender->sendNow(Object(Illuminate/Database/Eloquent/Collection), Object(App/Notifications/ReviewReceivedNotification))
#9 C:/Users/nahid/Downloads/campus-connect-pro-complete-20-features-v2-fixed/campus-connect-pro-complete/vendor/laravel/framework/src/Illuminate/Notifications/ChannelManager.php(39): Illuminate/Notifications/NotificationSender->send(Object(Illuminate/Database/Eloquent/Collection), Object(App/Notifications/ReviewReceivedNotification))
#10 C:/Users/nahid/Downloads/campus-connect-pro-complete-20-features-v2-fixed/campus-connect-pro-complete/vendor/laravel/framework/src/Illuminate/Notifications/RoutesNotifications.php(18): Illuminate/Notifications/ChannelManager->send(Object(App/Models/User), Object(App/Notifications/ReviewReceivedNotification))
#11 C:/Users/nahid/Downloads/campus-connect-pro-complete-20-features-v2-fixed/campus-connect-pro-complete/app/Http/Controllers/Marketplace/ReviewController.php(63): App/Models/User->notify(Object(App/Notifications/ReviewReceivedNotification))
#12 C:/Users/nahid/Downloads/campus-connect-pro-complete-20-features-v2-fixed/campus-connect-pro-complete/vendor/laravel/framework/src/Illuminate/Routing/Controller.php(54): App/Http/Controllers/Marketplace/ReviewController->store(Object(App/Http/Requests/StoreReviewRequest), Object(App/Models/Transaction))
#13 C:/Users/nahid/Downloads/campus-connect-pro-complete-20-features-v2-fixed/campus-connect-pro-complete/vendor/laravel/framework/src/Illuminate/Routing/ControllerDispatcher.php(43): Illuminate/Routing/Controller->callAction('store', Array)
#14 C:/Users/nahid/Downloads/campus-connect-pro-complete-20-features-v2-fixed/campus-connect-pro-complete/vendor/laravel/framework/src/Illuminate/Routing/Route.php(259): Illuminate/Routing/ControllerDispatcher->dispatch(Object(Illuminate/Routing/Route), Object(App/Http/Controllers/Marketplace/ReviewController), 'store')
#15 C:/Users/nahid/Downloads/campus-connect-pro-complete-20-features-v2-fixed/campus-connect-pro-complete/vendor/laravel/framework/src/Illuminate/Routing/Route.php(205): Illuminate/Routing/Route->runController()
#16 C:/Users/nahid/Downloads/campus-connect-pro-complete-20-features-v2-fixed/campus-connect-pro-complete/vendor/laravel/framework/src/Illuminate/Routing/Router.php(806): Illuminate/Routing/Route->run()
#17 C:/Users/nahid/Downloads/campus-connect-pro-complete-20-features-v2-fixed/campus-connect-pro-complete/vendor/laravel/framework/src/Illuminate/Pipeline/Pipeline.php(144): Illuminate/Routing/Router->Illuminate/Routing/{closure}(Object(Illuminate/Http/Request))
#18 C:/Users/nahid/Downloads/campus-connect-pro-complete-20-features-v2-fixed/campus-connect-pro-complete/app/Http/Middleware/CheckSuspended.php(19): Illuminate/Pipeline/Pipeline->Illuminate/Pipeline/{closure}(Object(Illuminate/Http/Request))
#19 C:/Users/nahid/Downloads/campus-connect-pro-complete-20-features-v2-fixed/campus-connect-pro-complete/vendor/laravel/framework/src/Illuminate/Pipeline/Pipeline.php(183): App/Http/Middleware/CheckSuspended->handle(Object(Illuminate/Http/Request), Object(Closure))
#20 C:/Users/nahid/Downloads/campus-connect-pro-complete-20-features-v2-fixed/campus-connect-pro-complete/vendor/laravel/framework/src/Illuminate/Routing/Middleware/SubstituteBindings.php(50): Illuminate/Pipeline/Pipeline->Illuminate/Pipeline/{closure}(Object(Illuminate/Http/Request))
#21 C:/Users/nahid/Downloads/campus-connect-pro-complete-20-features-v2-fixed/campus-connect-pro-complete/vendor/laravel/framework/src/Illuminate/Pipeline/Pipeline.php(183): Illuminate/Routing/Middleware/SubstituteBindings->handle(Object(Illuminate/Http/Request), Object(Closure))
#22 C:/Users/nahid/Downloads/campus-connect-pro-complete-20-features-v2-fixed/campus-connect-pro-complete/vendor/laravel/framework/src/Illuminate/Auth/Middleware/Authenticate.php(57): Illuminate/Pipeline/Pipeline->Illuminate/Pipeline/{closure}(Object(Illuminate/Http/Request))
#23 C:/Users/nahid/Downloads/campus-connect-pro-complete-20-features-v2-fixed/campus-connect-pro-complete/vendor/laravel/framework/src/Illuminate/Pipeline/Pipeline.php(183): Illuminate/Auth/Middleware/Authenticate->handle(Object(Illuminate/Http/Request), Object(Closure))
#24 C:/Users/nahid/Downloads/campus-connect-pro-complete-20-features-v2-fixed/campus-connect-pro-complete/vendor/laravel/framework/src/Illuminate/Foundation/Http/Middleware/VerifyCsrfToken.php(78): Illuminate/Pipeline/Pipeline->Illuminate/Pipeline/{closure}(Object(Illuminate/Http/Request))
#25 C:/Users/nahid/Downloads/campus-connect-pro-complete-20-features-v2-fixed/campus-connect-pro-complete/vendor/laravel/framework/src/Illuminate/Pipeline/Pipeline.php(183): Illuminate/Foundation/Http/Middleware/VerifyCsrfToken->handle(Object(Illuminate/Http/Request), Object(Closure))
#26 C:/Users/nahid/Downloads/campus-connect-pro-complete-20-features-v2-fixed/campus-connect-pro-complete/vendor/laravel/framework/src/Illuminate/View/Middleware/ShareErrorsFromSession.php(49): Illuminate/Pipeline/Pipeline->Illuminate/Pipeline/{closure}(Object(Illuminate/Http/Request))
#27 C:/Users/nahid/Downloads/campus-connect-pro-complete-20-features-v2-fixed/campus-connect-pro-complete/vendor/laravel/framework/src/Illuminate/Pipeline/Pipeline.php(183): Illuminate/View/Middleware/ShareErrorsFromSession->handle(Object(Illuminate/Http/Request), Object(Closure))
#28 C:/Users/nahid/Downloads/campus-connect-pro-complete-20-features-v2-fixed/campus-connect-pro-complete/vendor/laravel/framework/src/Illuminate/Session/Middleware/StartSession.php(121): Illuminate/Pipeline/Pipeline->Illuminate/Pipeline/{closure}(Object(Illuminate/Http/Request))
#29 C:/Users/nahid/Downloads/campus-connect-pro-complete-20-features-v2-fixed/campus-connect-pro-complete/vendor/laravel/framework/src/Illuminate/Session/Middleware/StartSession.php(64): Illuminate/Session/Middleware/StartSession->handleStatefulRequest(Object(Illuminate/Http/Request), Object(Illuminate/Session/Store), Object(Closure))
#30 C:/Users/nahid/Downloads/campus-connect-pro-complete-20-features-v2-fixed/campus-connect-pro-complete/vendor/laravel/framework/src/Illuminate/Pipeline/Pipeline.php(183): Illuminate/Session/Middleware/StartSession->handle(Object(Illuminate/Http/Request), Object(Closure))
#31 C:/Users/nahid/Downloads/campus-connect-pro-complete-20-features-v2-fixed/campus-connect-pro-complete/vendor/laravel/framework/src/Illuminate/Cookie/Middleware/AddQueuedCookiesToResponse.php(37): Illuminate/Pipeline/Pipeline->Illuminate/Pipeline/{closure}(Object(Illuminate/Http/Request))
#32 C:/Users/nahid/Downloads/campus-connect-pro-complete-20-features-v2-fixed/campus-connect-pro-complete/vendor/laravel/framework/src/Illuminate/Pipeline/Pipeline.php(183): Illuminate/Cookie/Middleware/AddQueuedCookiesToResponse->handle(Object(Illuminate/Http/Request), Object(Closure))
#33 C:/Users/nahid/Downloads/campus-connect-pro-complete-20-features-v2-fixed/campus-connect-pro-complete/vendor/laravel/framework/src/Illuminate/Cookie/Middleware/EncryptCookies.php(67): Illuminate/Pipeline/Pipeline->Illuminate/Pipeline/{closure}(Object(Illuminate/Http/Request))
#34 C:/Users/nahid/Downloads/campus-connect-pro-complete-20-features-v2-fixed/campus-connect-pro-complete/vendor/laravel/framework/src/Illuminate/Pipeline/Pipeline.php(183): Illuminate/Cookie/Middleware/EncryptCookies->handle(Object(Illuminate/Http/Request), Object(Closure))
#35 C:/Users/nahid/Downloads/campus-connect-pro-complete-20-features-v2-fixed/campus-connect-pro-complete/vendor/laravel/framework/src/Illuminate/Pipeline/Pipeline.php(119): Illuminate/Pipeline/Pipeline->Illuminate/Pipeline/{closure}(Object(Illuminate/Http/Request))
#36 C:/Users/nahid/Downloads/campus-connect-pro-complete-20-features-v2-fixed/campus-connect-pro-complete/vendor/laravel/framework/src/Illuminate/Routing/Router.php(805): Illuminate/Pipeline/Pipeline->then(Object(Closure))
#37 C:/Users/nahid/Downloads/campus-connect-pro-complete-20-features-v2-fixed/campus-connect-pro-complete/vendor/laravel/framework/src/Illuminate/Routing/Router.php(784): Illuminate/Routing/Router->runRouteWithinStack(Object(Illuminate/Routing/Route), Object(Illuminate/Http/Request))
#38 C:/Users/nahid/Downloads/campus-connect-pro-complete-20-features-v2-fixed/campus-connect-pro-complete/vendor/laravel/framework/src/Illuminate/Routing/Router.php(748): Illuminate/Routing/Router->runRoute(Object(Illuminate/Http/Request), Object(Illuminate/Routing/Route))
#39 C:/Users/nahid/Downloads/campus-connect-pro-complete-20-features-v2-fixed/campus-connect-pro-complete/vendor/laravel/framework/src/Illuminate/Routing/Router.php(737): Illuminate/Routing/Router->dispatchToRoute(Object(Illuminate/Http/Request))
#40 C:/Users/nahid/Downloads/campus-connect-pro-complete-20-features-v2-fixed/campus-connect-pro-complete/vendor/laravel/framework/src/Illuminate/Foundation/Http/Kernel.php(200): Illuminate/Routing/Router->dispatch(Object(Illuminate/Http/Request))
#41 C:/Users/nahid/Downloads/campus-connect-pro-complete-20-features-v2-fixed/campus-connect-pro-complete/vendor/laravel/framework/src/Illuminate/Pipeline/Pipeline.php(144): Illuminate/Foundation/Http/Kernel->Illuminate/Foundation/Http/{closure}(Object(Illuminate/Http/Request))
#42 C:/Users/nahid/Downloads/campus-connect-pro-complete-20-features-v2-fixed/campus-connect-pro-complete/vendor/laravel/framework/src/Illuminate/Foundation/Http/Middleware/TransformsRequest.php(21): Illuminate/Pipeline/Pipeline->Illuminate/Pipeline/{closure}(Object(Illuminate/Http/Request))
#43 C:/Users/nahid/Downloads/campus-connect-pro-complete-20-features-v2-fixed/campus-connect-pro-complete/vendor/laravel/framework/src/Illuminate/Foundation/Http/Middleware/ConvertEmptyStringsToNull.php(31): Illuminate/Foundation/Http/Middleware/TransformsRequest->handle(Object(Illuminate/Http/Request), Object(Closure))
#44 C:/Users/nahid/Downloads/campus-connect-pro-complete-20-features-v2-fixed/campus-connect-pro-complete/vendor/laravel/framework/src/Illuminate/Pipeline/Pipeline.php(183): Illuminate/Foundation/Http/Middleware/ConvertEmptyStringsToNull->handle(Object(Illuminate/Http/Request), Object(Closure))
#45 C:/Users/nahid/Downloads/campus-connect-pro-complete-20-features-v2-fixed/campus-connect-pro-complete/vendor/laravel/framework/src/Illuminate/Foundation/Http/Middleware/TransformsRequest.php(21): Illuminate/Pipeline/Pipeline->Illuminate/Pipeline/{closure}(Object(Illuminate/Http/Request))
#46 C:/Users/nahid/Downloads/campus-connect-pro-complete-20-features-v2-fixed/campus-connect-pro-complete/vendor/laravel/framework/src/Illuminate/Foundation/Http/Middleware/TrimStrings.php(40): Illuminate/Foundation/Http/Middleware/TransformsRequest->handle(Object(Illuminate/Http/Request), Object(Closure))
#47 C:/Users/nahid/Downloads/campus-connect-pro-complete-20-features-v2-fixed/campus-connect-pro-complete/vendor/laravel/framework/src/Illuminate/Pipeline/Pipeline.php(183): Illuminate/Foundation/Http/Middleware/TrimStrings->handle(Object(Illuminate/Http/Request), Object(Closure))
#48 C:/Users/nahid/Downloads/campus-connect-pro-complete-20-features-v2-fixed/campus-connect-pro-complete/vendor/laravel/framework/src/Illuminate/Foundation/Http/Middleware/ValidatePostSize.php(27): Illuminate/Pipeline/Pipeline->Illuminate/Pipeline/{closure}(Object(Illuminate/Http/Request))
#49 C:/Users/nahid/Downloads/campus-connect-pro-complete-20-features-v2-fixed/campus-connect-pro-complete/vendor/laravel/framework/src/Illuminate/Pipeline/Pipeline.php(183): Illuminate/Foundation/Http/Middleware/ValidatePostSize->handle(Object(Illuminate/Http/Request), Object(Closure))
#50 C:/Users/nahid/Downloads/campus-connect-pro-complete-20-features-v2-fixed/campus-connect-pro-complete/vendor/laravel/framework/src/Illuminate/Http/Middleware/HandleCors.php(49): Illuminate/Pipeline/Pipeline->Illuminate/Pipeline/{closure}(Object(Illuminate/Http/Request))
#51 C:/Users/nahid/Downloads/campus-connect-pro-complete-20-features-v2-fixed/campus-connect-pro-complete/vendor/laravel/framework/src/Illuminate/Pipeline/Pipeline.php(183): Illuminate/Http/Middleware/HandleCors->handle(Object(Illuminate/Http/Request), Object(Closure))
#52 C:/Users/nahid/Downloads/campus-connect-pro-complete-20-features-v2-fixed/campus-connect-pro-complete/vendor/laravel/framework/src/Illuminate/Pipeline/Pipeline.php(119): Illuminate/Pipeline/Pipeline->Illuminate/Pipeline/{closure}(Object(Illuminate/Http/Request))
#53 C:/Users/nahid/Downloads/campus-connect-pro-complete-20-features-v2-fixed/campus-connect-pro-complete/vendor/laravel/framework/src/Illuminate/Foundation/Http/Kernel.php(175): Illuminate/Pipeline/Pipeline->then(Object(Closure))
#54 C:/Users/nahid/Downloads/campus-connect-pro-complete-20-features-v2-fixed/campus-connect-pro-complete/vendor/laravel/framework/src/Illuminate/Foundation/Http/Kernel.php(144): Illuminate/Foundation/Http/Kernel->sendRequestThroughRouter(Object(Illuminate/Http/Request))
#55 C:/Users/nahid/Downloads/campus-connect-pro-complete-20-features-v2-fixed/campus-connect-pro-complete/public/index.php(20): Illuminate/Foundation/Http/Kernel->handle(Object(Illuminate/Http/Request))
#56 C:/Users/nahid/Downloads/campus-connect-pro-complete-20-features-v2-fixed/campus-connect-pro-complete/vendor/laravel/framework/src/Illuminate/Foundation/resources/server.php(16): require_once('C://Users//nahid//...')
#57 {main}
"} 
[2026-05-05 06:31:25] laravel.EMERGENCY: Unable to create configured logger. Using emergency logger. {"exception":"[object] (InvalidArgumentException(code: 0): Log [] is not defined. at C:/Users/nahid/Downloads/campus-connect-pro-complete-20-features-v2-fixed/campus-connect-pro-complete/vendor/laravel/framework/src/Illuminate/Log/LogManager.php:212)
[stacktrace]
#0 C:/Users/nahid/Downloads/campus-connect-pro-complete-20-features-v2-fixed/campus-connect-pro-complete/vendor/laravel/framework/src/Illuminate/Log/LogManager.php(137): Illuminate/Log/LogManager->resolve(NULL, NULL)
#1 C:/Users/nahid/Downloads/campus-connect-pro-complete-20-features-v2-fixed/campus-connect-pro-complete/vendor/laravel/framework/src/Illuminate/Log/LogManager.php(124): Illuminate/Log/LogManager->get(NULL)
#2 C:/Users/nahid/Downloads/campus-connect-pro-complete-20-features-v2-fixed/campus-connect-pro-complete/vendor/laravel/framework/src/Illuminate/Log/LogManager.php(681): Illuminate/Log/LogManager->driver()
#3 C:/Users/nahid/Downloads/campus-connect-pro-complete-20-features-v2-fixed/campus-connect-pro-complete/vendor/laravel/framework/src/Illuminate/Foundation/Exceptions/Handler.php(317): Illuminate/Log/LogManager->error('Illuminate//Mail...', Array)
#4 C:/Users/nahid/Downloads/campus-connect-pro-complete-20-features-v2-fixed/campus-connect-pro-complete/vendor/laravel/framework/src/Illuminate/Foundation/Exceptions/Handler.php(278): Illuminate/Foundation/Exceptions/Handler->reportThrowable(Object(TypeError))
#5 C:/Users/nahid/Downloads/campus-connect-pro-complete-20-features-v2-fixed/campus-connect-pro-complete/vendor/laravel/framework/src/Illuminate/Routing/Pipeline.php(49): Illuminate/Foundation/Exceptions/Handler->report(Object(TypeError))
#6 C:/Users/nahid/Downloads/campus-connect-pro-complete-20-features-v2-fixed/campus-connect-pro-complete/vendor/laravel/framework/src/Illuminate/Pipeline/Pipeline.php(146): Illuminate/Routing/Pipeline->handleException(Object(Illuminate/Http/Request), Object(TypeError))
#7 C:/Users/nahid/Downloads/campus-connect-pro-complete-20-features-v2-fixed/campus-connect-pro-complete/app/Http/Middleware/CheckSuspended.php(19): Illuminate/Pipeline/Pipeline->Illuminate/Pipeline/{closure}(Object(Illuminate/Http/Request))
#8 C:/Users/nahid/Downloads/campus-connect-pro-complete-20-features-v2-fixed/campus-connect-pro-complete/vendor/laravel/framework/src/Illuminate/Pipeline/Pipeline.php(183): App/Http/Middleware/CheckSuspended->handle(Object(Illuminate/Http/Request), Object(Closure))
#9 C:/Users/nahid/Downloads/campus-connect-pro-complete-20-features-v2-fixed/campus-connect-pro-complete/vendor/laravel/framework/src/Illuminate/Routing/Middleware/SubstituteBindings.php(50): Illuminate/Pipeline/Pipeline->Illuminate/Pipeline/{closure}(Object(Illuminate/Http/Request))
#10 C:/Users/nahid/Downloads/campus-connect-pro-complete-20-features-v2-fixed/campus-connect-pro-complete/vendor/laravel/framework/src/Illuminate/Pipeline/Pipeline.php(183): Illuminate/Routing/Middleware/SubstituteBindings->handle(Object(Illuminate/Http/Request), Object(Closure))
#11 C:/Users/nahid/Downloads/campus-connect-pro-complete-20-features-v2-fixed/campus-connect-pro-complete/vendor/laravel/framework/src/Illuminate/Auth/Middleware/Authenticate.php(57): Illuminate/Pipeline/Pipeline->Illuminate/Pipeline/{closure}(Object(Illuminate/Http/Request))
#12 C:/Users/nahid/Downloads/campus-connect-pro-complete-20-features-v2-fixed/campus-connect-pro-complete/vendor/laravel/framework/src/Illuminate/Pipeline/Pipeline.php(183): Illuminate/Auth/Middleware/Authenticate->handle(Object(Illuminate/Http/Request), Object(Closure))
#13 C:/Users/nahid/Downloads/campus-connect-pro-complete-20-features-v2-fixed/campus-connect-pro-complete/vendor/laravel/framework/src/Illuminate/Foundation/Http/Middleware/VerifyCsrfToken.php(78): Illuminate/Pipeline/Pipeline->Illuminate/Pipeline/{closure}(Object(Illuminate/Http/Request))
#14 C:/Users/nahid/Downloads/campus-connect-pro-complete-20-features-v2-fixed/campus-connect-pro-complete/vendor/laravel/framework/src/Illuminate/Pipeline/Pipeline.php(183): Illuminate/Foundation/Http/Middleware/VerifyCsrfToken->handle(Object(Illuminate/Http/Request), Object(Closure))
#15 C:/Users/nahid/Downloads/campus-connect-pro-complete-20-features-v2-fixed/campus-connect-pro-complete/vendor/laravel/framework/src/Illuminate/View/Middleware/ShareErrorsFromSession.php(49): Illuminate/Pipeline/Pipeline->Illuminate/Pipeline/{closure}(Object(Illuminate/Http/Request))
#16 C:/Users/nahid/Downloads/campus-connect-pro-complete-20-features-v2-fixed/campus-connect-pro-complete/vendor/laravel/framework/src/Illuminate/Pipeline/Pipeline.php(183): Illuminate/View/Middleware/ShareErrorsFromSession->handle(Object(Illuminate/Http/Request), Object(Closure))
#17 C:/Users/nahid/Downloads/campus-connect-pro-complete-20-features-v2-fixed/campus-connect-pro-complete/vendor/laravel/framework/src/Illuminate/Session/Middleware/StartSession.php(121): Illuminate/Pipeline/Pipeline->Illuminate/Pipeline/{closure}(Object(Illuminate/Http/Request))
#18 C:/Users/nahid/Downloads/campus-connect-pro-complete-20-features-v2-fixed/campus-connect-pro-complete/vendor/laravel/framework/src/Illuminate/Session/Middleware/StartSession.php(64): Illuminate/Session/Middleware/StartSession->handleStatefulRequest(Object(Illuminate/Http/Request), Object(Illuminate/Session/Store), Object(Closure))
#19 C:/Users/nahid/Downloads/campus-connect-pro-complete-20-features-v2-fixed/campus-connect-pro-complete/vendor/laravel/framework/src/Illuminate/Pipeline/Pipeline.php(183): Illuminate/Session/Middleware/StartSession->handle(Object(Illuminate/Http/Request), Object(Closure))
#20 C:/Users/nahid/Downloads/campus-connect-pro-complete-20-features-v2-fixed/campus-connect-pro-complete/vendor/laravel/framework/src/Illuminate/Cookie/Middleware/AddQueuedCookiesToResponse.php(37): Illuminate/Pipeline/Pipeline->Illuminate/Pipeline/{closure}(Object(Illuminate/Http/Request))
#21 C:/Users/nahid/Downloads/campus-connect-pro-complete-20-features-v2-fixed/campus-connect-pro-complete/vendor/laravel/framework/src/Illuminate/Pipeline/Pipeline.php(183): Illuminate/Cookie/Middleware/AddQueuedCookiesToResponse->handle(Object(Illuminate/Http/Request), Object(Closure))
#22 C:/Users/nahid/Downloads/campus-connect-pro-complete-20-features-v2-fixed/campus-connect-pro-complete/vendor/laravel/framework/src/Illuminate/Cookie/Middleware/EncryptCookies.php(67): Illuminate/Pipeline/Pipeline->Illuminate/Pipeline/{closure}(Object(Illuminate/Http/Request))
#23 C:/Users/nahid/Downloads/campus-connect-pro-complete-20-features-v2-fixed/campus-connect-pro-complete/vendor/laravel/framework/src/Illuminate/Pipeline/Pipeline.php(183): Illuminate/Cookie/Middleware/EncryptCookies->handle(Object(Illuminate/Http/Request), Object(Closure))
#24 C:/Users/nahid/Downloads/campus-connect-pro-complete-20-features-v2-fixed/campus-connect-pro-complete/vendor/laravel/framework/src/Illuminate/Pipeline/Pipeline.php(119): Illuminate/Pipeline/Pipeline->Illuminate/Pipeline/{closure}(Object(Illuminate/Http/Request))
#25 C:/Users/nahid/Downloads/campus-connect-pro-complete-20-features-v2-fixed/campus-connect-pro-complete/vendor/laravel/framework/src/Illuminate/Routing/Router.php(805): Illuminate/Pipeline/Pipeline->then(Object(Closure))
#26 C:/Users/nahid/Downloads/campus-connect-pro-complete-20-features-v2-fixed/campus-connect-pro-complete/vendor/laravel/framework/src/Illuminate/Routing/Router.php(784): Illuminate/Routing/Router->runRouteWithinStack(Object(Illuminate/Routing/Route), Object(Illuminate/Http/Request))
#27 C:/Users/nahid/Downloads/campus-connect-pro-complete-20-features-v2-fixed/campus-connect-pro-complete/vendor/laravel/framework/src/Illuminate/Routing/Router.php(748): Illuminate/Routing/Router->runRoute(Object(Illuminate/Http/Request), Object(Illuminate/Routing/Route))
#28 C:/Users/nahid/Downloads/campus-connect-pro-complete-20-features-v2-fixed/campus-connect-pro-complete/vendor/laravel/framework/src/Illuminate/Routing/Router.php(737): Illuminate/Routing/Router->dispatchToRoute(Object(Illuminate/Http/Request))
#29 C:/Users/nahid/Downloads/campus-connect-pro-complete-20-features-v2-fixed/campus-connect-pro-complete/vendor/laravel/framework/src/Illuminate/Foundation/Http/Kernel.php(200): Illuminate/Routing/Router->dispatch(Object(Illuminate/Http/Request))
#30 C:/Users/nahid/Downloads/campus-connect-pro-complete-20-features-v2-fixed/campus-connect-pro-complete/vendor/laravel/framework/src/Illuminate/Pipeline/Pipeline.php(144): Illuminate/Foundation/Http/Kernel->Illuminate/Foundation/Http/{closure}(Object(Illuminate/Http/Request))
#31 C:/Users/nahid/Downloads/campus-connect-pro-complete-20-features-v2-fixed/campus-connect-pro-complete/vendor/laravel/framework/src/Illuminate/Foundation/Http/Middleware/TransformsRequest.php(21): Illuminate/Pipeline/Pipeline->Illuminate/Pipeline/{closure}(Object(Illuminate/Http/Request))
#32 C:/Users/nahid/Downloads/campus-connect-pro-complete-20-features-v2-fixed/campus-connect-pro-complete/vendor/laravel/framework/src/Illuminate/Foundation/Http/Middleware/ConvertEmptyStringsToNull.php(31): Illuminate/Foundation/Http/Middleware/TransformsRequest->handle(Object(Illuminate/Http/Request), Object(Closure))
#33 C:/Users/nahid/Downloads/campus-connect-pro-complete-20-features-v2-fixed/campus-connect-pro-complete/vendor/laravel/framework/src/Illuminate/Pipeline/Pipeline.php(183): Illuminate/Foundation/Http/Middleware/ConvertEmptyStringsToNull->handle(Object(Illuminate/Http/Request), Object(Closure))
#34 C:/Users/nahid/Downloads/campus-connect-pro-complete-20-features-v2-fixed/campus-connect-pro-complete/vendor/laravel/framework/src/Illuminate/Foundation/Http/Middleware/TransformsRequest.php(21): Illuminate/Pipeline/Pipeline->Illuminate/Pipeline/{closure}(Object(Illuminate/Http/Request))
#35 C:/Users/nahid/Downloads/campus-connect-pro-complete-20-features-v2-fixed/campus-connect-pro-complete/vendor/laravel/framework/src/Illuminate/Foundation/Http/Middleware/TrimStrings.php(40): Illuminate/Foundation/Http/Middleware/TransformsRequest->handle(Object(Illuminate/Http/Request), Object(Closure))
#36 C:/Users/nahid/Downloads/campus-connect-pro-complete-20-features-v2-fixed/campus-connect-pro-complete/vendor/laravel/framework/src/Illuminate/Pipeline/Pipeline.php(183): Illuminate/Foundation/Http/Middleware/TrimStrings->handle(Object(Illuminate/Http/Request), Object(Closure))
#37 C:/Users/nahid/Downloads/campus-connect-pro-complete-20-features-v2-fixed/campus-connect-pro-complete/vendor/laravel/framework/src/Illuminate/Foundation/Http/Middleware/ValidatePostSize.php(27): Illuminate/Pipeline/Pipeline->Illuminate/Pipeline/{closure}(Object(Illuminate/Http/Request))
#38 C:/Users/nahid/Downloads/campus-connect-pro-complete-20-features-v2-fixed/campus-connect-pro-complete/vendor/laravel/framework/src/Illuminate/Pipeline/Pipeline.php(183): Illuminate/Foundation/Http/Middleware/ValidatePostSize->handle(Object(Illuminate/Http/Request), Object(Closure))
#39 C:/Users/nahid/Downloads/campus-connect-pro-complete-20-features-v2-fixed/campus-connect-pro-complete/vendor/laravel/framework/src/Illuminate/Http/Middleware/HandleCors.php(49): Illuminate/Pipeline/Pipeline->Illuminate/Pipeline/{closure}(Object(Illuminate/Http/Request))
#40 C:/Users/nahid/Downloads/campus-connect-pro-complete-20-features-v2-fixed/campus-connect-pro-complete/vendor/laravel/framework/src/Illuminate/Pipeline/Pipeline.php(183): Illuminate/Http/Middleware/HandleCors->handle(Object(Illuminate/Http/Request), Object(Closure))
#41 C:/Users/nahid/Downloads/campus-connect-pro-complete-20-features-v2-fixed/campus-connect-pro-complete/vendor/laravel/framework/src/Illuminate/Pipeline/Pipeline.php(119): Illuminate/Pipeline/Pipeline->Illuminate/Pipeline/{closure}(Object(Illuminate/Http/Request))
#42 C:/Users/nahid/Downloads/campus-connect-pro-complete-20-features-v2-fixed/campus-connect-pro-complete/vendor/laravel/framework/src/Illuminate/Foundation/Http/Kernel.php(175): Illuminate/Pipeline/Pipeline->then(Object(Closure))
#43 C:/Users/nahid/Downloads/campus-connect-pro-complete-20-features-v2-fixed/campus-connect-pro-complete/vendor/laravel/framework/src/Illuminate/Foundation/Http/Kernel.php(144): Illuminate/Foundation/Http/Kernel->sendRequestThroughRouter(Object(Illuminate/Http/Request))
#44 C:/Users/nahid/Downloads/campus-connect-pro-complete-20-features-v2-fixed/campus-connect-pro-complete/public/index.php(20): Illuminate/Foundation/Http/Kernel->handle(Object(Illuminate/Http/Request))
#45 C:/Users/nahid/Downloads/campus-connect-pro-complete-20-features-v2-fixed/campus-connect-pro-complete/vendor/laravel/framework/src/Illuminate/Foundation/resources/server.php(16): require_once('C://Users//nahid//...')
#46 {main}
"} 
[2026-05-05 06:31:25] laravel.ERROR: Illuminate\Mail\MailManager::getConfig(): Argument #1 ($name) must be of type string, null given, called in C:\Users\nahid\Downloads\campus-connect-pro-complete-20-features-v2-fixed\campus-connect-pro-complete\vendor\laravel\framework\src\Illuminate\Mail\MailManager.php on line 112 {"userId":2,"exception":"[object] (TypeError(code: 0): Illuminate\\Mail\\MailManager::getConfig(): Argument #1 ($name) must be of type string, null given, called in C:\\Users\\nahid\\Downloads\\campus-connect-pro-complete-20-features-v2-fixed\\campus-connect-pro-complete\\vendor\\laravel\\framework\\src\\Illuminate\\Mail\\MailManager.php on line 112 at C:/Users/nahid/Downloads/campus-connect-pro-complete-20-features-v2-fixed/campus-connect-pro-complete/vendor/laravel/framework/src/Illuminate/Mail/MailManager.php:474)
[stacktrace]
#0 C:/Users/nahid/Downloads/campus-connect-pro-complete-20-features-v2-fixed/campus-connect-pro-complete/vendor/laravel/framework/src/Illuminate/Mail/MailManager.php(112): Illuminate/Mail/MailManager->getConfig(NULL)
#1 C:/Users/nahid/Downloads/campus-connect-pro-complete-20-features-v2-fixed/campus-connect-pro-complete/vendor/laravel/framework/src/Illuminate/Mail/MailManager.php(99): Illuminate/Mail/MailManager->resolve(NULL)
#2 C:/Users/nahid/Downloads/campus-connect-pro-complete-20-features-v2-fixed/campus-connect-pro-complete/vendor/laravel/framework/src/Illuminate/Mail/MailManager.php(77): Illuminate/Mail/MailManager->get(NULL)
#3 C:/Users/nahid/Downloads/campus-connect-pro-complete-20-features-v2-fixed/campus-connect-pro-complete/vendor/laravel/framework/src/Illuminate/Notifications/Channels/MailChannel.php(66): Illuminate/Mail/MailManager->mailer(NULL)
#4 C:/Users/nahid/Downloads/campus-connect-pro-complete-20-features-v2-fixed/campus-connect-pro-complete/vendor/laravel/framework/src/Illuminate/Notifications/NotificationSender.php(148): Illuminate/Notifications/Channels/MailChannel->send(Object(App/Models/User), Object(App/Notifications/ReviewReceivedNotification))
#5 C:/Users/nahid/Downloads/campus-connect-pro-complete-20-features-v2-fixed/campus-connect-pro-complete/vendor/laravel/framework/src/Illuminate/Notifications/NotificationSender.php(106): Illuminate/Notifications/NotificationSender->sendToNotifiable(Object(App/Models/User), '7a485070-5434-4...', Object(App/Notifications/ReviewReceivedNotification), 'mail')
#6 C:/Users/nahid/Downloads/campus-connect-pro-complete-20-features-v2-fixed/campus-connect-pro-complete/vendor/laravel/framework/src/Illuminate/Support/Traits/Localizable.php(19): Illuminate/Notifications/NotificationSender->Illuminate/Notifications/{closure}()
#7 C:/Users/nahid/Downloads/campus-connect-pro-complete-20-features-v2-fixed/campus-connect-pro-complete/vendor/laravel/framework/src/Illuminate/Notifications/NotificationSender.php(101): Illuminate/Notifications/NotificationSender->withLocale(NULL, Object(Closure))
#8 C:/Users/nahid/Downloads/campus-connect-pro-complete-20-features-v2-fixed/campus-connect-pro-complete/vendor/laravel/framework/src/Illuminate/Notifications/NotificationSender.php(79): Illuminate/Notifications/NotificationSender->sendNow(Object(Illuminate/Database/Eloquent/Collection), Object(App/Notifications/ReviewReceivedNotification))
#9 C:/Users/nahid/Downloads/campus-connect-pro-complete-20-features-v2-fixed/campus-connect-pro-complete/vendor/laravel/framework/src/Illuminate/Notifications/ChannelManager.php(39): Illuminate/Notifications/NotificationSender->send(Object(Illuminate/Database/Eloquent/Collection), Object(App/Notifications/ReviewReceivedNotification))
#10 C:/Users/nahid/Downloads/campus-connect-pro-complete-20-features-v2-fixed/campus-connect-pro-complete/vendor/laravel/framework/src/Illuminate/Notifications/RoutesNotifications.php(18): Illuminate/Notifications/ChannelManager->send(Object(App/Models/User), Object(App/Notifications/ReviewReceivedNotification))
#11 C:/Users/nahid/Downloads/campus-connect-pro-complete-20-features-v2-fixed/campus-connect-pro-complete/app/Http/Controllers/Marketplace/ReviewController.php(63): App/Models/User->notify(Object(App/Notifications/ReviewReceivedNotification))
#12 C:/Users/nahid/Downloads/campus-connect-pro-complete-20-features-v2-fixed/campus-connect-pro-complete/vendor/laravel/framework/src/Illuminate/Routing/Controller.php(54): App/Http/Controllers/Marketplace/ReviewController->store(Object(App/Http/Requests/StoreReviewRequest), Object(App/Models/Transaction))
#13 C:/Users/nahid/Downloads/campus-connect-pro-complete-20-features-v2-fixed/campus-connect-pro-complete/vendor/laravel/framework/src/Illuminate/Routing/ControllerDispatcher.php(43): Illuminate/Routing/Controller->callAction('store', Array)
#14 C:/Users/nahid/Downloads/campus-connect-pro-complete-20-features-v2-fixed/campus-connect-pro-complete/vendor/laravel/framework/src/Illuminate/Routing/Route.php(259): Illuminate/Routing/ControllerDispatcher->dispatch(Object(Illuminate/Routing/Route), Object(App/Http/Controllers/Marketplace/ReviewController), 'store')
#15 C:/Users/nahid/Downloads/campus-connect-pro-complete-20-features-v2-fixed/campus-connect-pro-complete/vendor/laravel/framework/src/Illuminate/Routing/Route.php(205): Illuminate/Routing/Route->runController()
#16 C:/Users/nahid/Downloads/campus-connect-pro-complete-20-features-v2-fixed/campus-connect-pro-complete/vendor/laravel/framework/src/Illuminate/Routing/Router.php(806): Illuminate/Routing/Route->run()
#17 C:/Users/nahid/Downloads/campus-connect-pro-complete-20-features-v2-fixed/campus-connect-pro-complete/vendor/laravel/framework/src/Illuminate/Pipeline/Pipeline.php(144): Illuminate/Routing/Router->Illuminate/Routing/{closure}(Object(Illuminate/Http/Request))
#18 C:/Users/nahid/Downloads/campus-connect-pro-complete-20-features-v2-fixed/campus-connect-pro-complete/app/Http/Middleware/CheckSuspended.php(19): Illuminate/Pipeline/Pipeline->Illuminate/Pipeline/{closure}(Object(Illuminate/Http/Request))
#19 C:/Users/nahid/Downloads/campus-connect-pro-complete-20-features-v2-fixed/campus-connect-pro-complete/vendor/laravel/framework/src/Illuminate/Pipeline/Pipeline.php(183): App/Http/Middleware/CheckSuspended->handle(Object(Illuminate/Http/Request), Object(Closure))
#20 C:/Users/nahid/Downloads/campus-connect-pro-complete-20-features-v2-fixed/campus-connect-pro-complete/vendor/laravel/framework/src/Illuminate/Routing/Middleware/SubstituteBindings.php(50): Illuminate/Pipeline/Pipeline->Illuminate/Pipeline/{closure}(Object(Illuminate/Http/Request))
#21 C:/Users/nahid/Downloads/campus-connect-pro-complete-20-features-v2-fixed/campus-connect-pro-complete/vendor/laravel/framework/src/Illuminate/Pipeline/Pipeline.php(183): Illuminate/Routing/Middleware/SubstituteBindings->handle(Object(Illuminate/Http/Request), Object(Closure))
#22 C:/Users/nahid/Downloads/campus-connect-pro-complete-20-features-v2-fixed/campus-connect-pro-complete/vendor/laravel/framework/src/Illuminate/Auth/Middleware/Authenticate.php(57): Illuminate/Pipeline/Pipeline->Illuminate/Pipeline/{closure}(Object(Illuminate/Http/Request))
#23 C:/Users/nahid/Downloads/campus-connect-pro-complete-20-features-v2-fixed/campus-connect-pro-complete/vendor/laravel/framework/src/Illuminate/Pipeline/Pipeline.php(183): Illuminate/Auth/Middleware/Authenticate->handle(Object(Illuminate/Http/Request), Object(Closure))
#24 C:/Users/nahid/Downloads/campus-connect-pro-complete-20-features-v2-fixed/campus-connect-pro-complete/vendor/laravel/framework/src/Illuminate/Foundation/Http/Middleware/VerifyCsrfToken.php(78): Illuminate/Pipeline/Pipeline->Illuminate/Pipeline/{closure}(Object(Illuminate/Http/Request))
#25 C:/Users/nahid/Downloads/campus-connect-pro-complete-20-features-v2-fixed/campus-connect-pro-complete/vendor/laravel/framework/src/Illuminate/Pipeline/Pipeline.php(183): Illuminate/Foundation/Http/Middleware/VerifyCsrfToken->handle(Object(Illuminate/Http/Request), Object(Closure))
#26 C:/Users/nahid/Downloads/campus-connect-pro-complete-20-features-v2-fixed/campus-connect-pro-complete/vendor/laravel/framework/src/Illuminate/View/Middleware/ShareErrorsFromSession.php(49): Illuminate/Pipeline/Pipeline->Illuminate/Pipeline/{closure}(Object(Illuminate/Http/Request))
#27 C:/Users/nahid/Downloads/campus-connect-pro-complete-20-features-v2-fixed/campus-connect-pro-complete/vendor/laravel/framework/src/Illuminate/Pipeline/Pipeline.php(183): Illuminate/View/Middleware/ShareErrorsFromSession->handle(Object(Illuminate/Http/Request), Object(Closure))
#28 C:/Users/nahid/Downloads/campus-connect-pro-complete-20-features-v2-fixed/campus-connect-pro-complete/vendor/laravel/framework/src/Illuminate/Session/Middleware/StartSession.php(121): Illuminate/Pipeline/Pipeline->Illuminate/Pipeline/{closure}(Object(Illuminate/Http/Request))
#29 C:/Users/nahid/Downloads/campus-connect-pro-complete-20-features-v2-fixed/campus-connect-pro-complete/vendor/laravel/framework/src/Illuminate/Session/Middleware/StartSession.php(64): Illuminate/Session/Middleware/StartSession->handleStatefulRequest(Object(Illuminate/Http/Request), Object(Illuminate/Session/Store), Object(Closure))
#30 C:/Users/nahid/Downloads/campus-connect-pro-complete-20-features-v2-fixed/campus-connect-pro-complete/vendor/laravel/framework/src/Illuminate/Pipeline/Pipeline.php(183): Illuminate/Session/Middleware/StartSession->handle(Object(Illuminate/Http/Request), Object(Closure))
#31 C:/Users/nahid/Downloads/campus-connect-pro-complete-20-features-v2-fixed/campus-connect-pro-complete/vendor/laravel/framework/src/Illuminate/Cookie/Middleware/AddQueuedCookiesToResponse.php(37): Illuminate/Pipeline/Pipeline->Illuminate/Pipeline/{closure}(Object(Illuminate/Http/Request))
#32 C:/Users/nahid/Downloads/campus-connect-pro-complete-20-features-v2-fixed/campus-connect-pro-complete/vendor/laravel/framework/src/Illuminate/Pipeline/Pipeline.php(183): Illuminate/Cookie/Middleware/AddQueuedCookiesToResponse->handle(Object(Illuminate/Http/Request), Object(Closure))
#33 C:/Users/nahid/Downloads/campus-connect-pro-complete-20-features-v2-fixed/campus-connect-pro-complete/vendor/laravel/framework/src/Illuminate/Cookie/Middleware/EncryptCookies.php(67): Illuminate/Pipeline/Pipeline->Illuminate/Pipeline/{closure}(Object(Illuminate/Http/Request))
#34 C:/Users/nahid/Downloads/campus-connect-pro-complete-20-features-v2-fixed/campus-connect-pro-complete/vendor/laravel/framework/src/Illuminate/Pipeline/Pipeline.php(183): Illuminate/Cookie/Middleware/EncryptCookies->handle(Object(Illuminate/Http/Request), Object(Closure))
#35 C:/Users/nahid/Downloads/campus-connect-pro-complete-20-features-v2-fixed/campus-connect-pro-complete/vendor/laravel/framework/src/Illuminate/Pipeline/Pipeline.php(119): Illuminate/Pipeline/Pipeline->Illuminate/Pipeline/{closure}(Object(Illuminate/Http/Request))
#36 C:/Users/nahid/Downloads/campus-connect-pro-complete-20-features-v2-fixed/campus-connect-pro-complete/vendor/laravel/framework/src/Illuminate/Routing/Router.php(805): Illuminate/Pipeline/Pipeline->then(Object(Closure))
#37 C:/Users/nahid/Downloads/campus-connect-pro-complete-20-features-v2-fixed/campus-connect-pro-complete/vendor/laravel/framework/src/Illuminate/Routing/Router.php(784): Illuminate/Routing/Router->runRouteWithinStack(Object(Illuminate/Routing/Route), Object(Illuminate/Http/Request))
#38 C:/Users/nahid/Downloads/campus-connect-pro-complete-20-features-v2-fixed/campus-connect-pro-complete/vendor/laravel/framework/src/Illuminate/Routing/Router.php(748): Illuminate/Routing/Router->runRoute(Object(Illuminate/Http/Request), Object(Illuminate/Routing/Route))
#39 C:/Users/nahid/Downloads/campus-connect-pro-complete-20-features-v2-fixed/campus-connect-pro-complete/vendor/laravel/framework/src/Illuminate/Routing/Router.php(737): Illuminate/Routing/Router->dispatchToRoute(Object(Illuminate/Http/Request))
#40 C:/Users/nahid/Downloads/campus-connect-pro-complete-20-features-v2-fixed/campus-connect-pro-complete/vendor/laravel/framework/src/Illuminate/Foundation/Http/Kernel.php(200): Illuminate/Routing/Router->dispatch(Object(Illuminate/Http/Request))
#41 C:/Users/nahid/Downloads/campus-connect-pro-complete-20-features-v2-fixed/campus-connect-pro-complete/vendor/laravel/framework/src/Illuminate/Pipeline/Pipeline.php(144): Illuminate/Foundation/Http/Kernel->Illuminate/Foundation/Http/{closure}(Object(Illuminate/Http/Request))
#42 C:/Users/nahid/Downloads/campus-connect-pro-complete-20-features-v2-fixed/campus-connect-pro-complete/vendor/laravel/framework/src/Illuminate/Foundation/Http/Middleware/TransformsRequest.php(21): Illuminate/Pipeline/Pipeline->Illuminate/Pipeline/{closure}(Object(Illuminate/Http/Request))
#43 C:/Users/nahid/Downloads/campus-connect-pro-complete-20-features-v2-fixed/campus-connect-pro-complete/vendor/laravel/framework/src/Illuminate/Foundation/Http/Middleware/ConvertEmptyStringsToNull.php(31): Illuminate/Foundation/Http/Middleware/TransformsRequest->handle(Object(Illuminate/Http/Request), Object(Closure))
#44 C:/Users/nahid/Downloads/campus-connect-pro-complete-20-features-v2-fixed/campus-connect-pro-complete/vendor/laravel/framework/src/Illuminate/Pipeline/Pipeline.php(183): Illuminate/Foundation/Http/Middleware/ConvertEmptyStringsToNull->handle(Object(Illuminate/Http/Request), Object(Closure))
#45 C:/Users/nahid/Downloads/campus-connect-pro-complete-20-features-v2-fixed/campus-connect-pro-complete/vendor/laravel/framework/src/Illuminate/Foundation/Http/Middleware/TransformsRequest.php(21): Illuminate/Pipeline/Pipeline->Illuminate/Pipeline/{closure}(Object(Illuminate/Http/Request))
#46 C:/Users/nahid/Downloads/campus-connect-pro-complete-20-features-v2-fixed/campus-connect-pro-complete/vendor/laravel/framework/src/Illuminate/Foundation/Http/Middleware/TrimStrings.php(40): Illuminate/Foundation/Http/Middleware/TransformsRequest->handle(Object(Illuminate/Http/Request), Object(Closure))
#47 C:/Users/nahid/Downloads/campus-connect-pro-complete-20-features-v2-fixed/campus-connect-pro-complete/vendor/laravel/framework/src/Illuminate/Pipeline/Pipeline.php(183): Illuminate/Foundation/Http/Middleware/TrimStrings->handle(Object(Illuminate/Http/Request), Object(Closure))
#48 C:/Users/nahid/Downloads/campus-connect-pro-complete-20-features-v2-fixed/campus-connect-pro-complete/vendor/laravel/framework/src/Illuminate/Foundation/Http/Middleware/ValidatePostSize.php(27): Illuminate/Pipeline/Pipeline->Illuminate/Pipeline/{closure}(Object(Illuminate/Http/Request))
#49 C:/Users/nahid/Downloads/campus-connect-pro-complete-20-features-v2-fixed/campus-connect-pro-complete/vendor/laravel/framework/src/Illuminate/Pipeline/Pipeline.php(183): Illuminate/Foundation/Http/Middleware/ValidatePostSize->handle(Object(Illuminate/Http/Request), Object(Closure))
#50 C:/Users/nahid/Downloads/campus-connect-pro-complete-20-features-v2-fixed/campus-connect-pro-complete/vendor/laravel/framework/src/Illuminate/Http/Middleware/HandleCors.php(49): Illuminate/Pipeline/Pipeline->Illuminate/Pipeline/{closure}(Object(Illuminate/Http/Request))
#51 C:/Users/nahid/Downloads/campus-connect-pro-complete-20-features-v2-fixed/campus-connect-pro-complete/vendor/laravel/framework/src/Illuminate/Pipeline/Pipeline.php(183): Illuminate/Http/Middleware/HandleCors->handle(Object(Illuminate/Http/Request), Object(Closure))
#52 C:/Users/nahid/Downloads/campus-connect-pro-complete-20-features-v2-fixed/campus-connect-pro-complete/vendor/laravel/framework/src/Illuminate/Pipeline/Pipeline.php(119): Illuminate/Pipeline/Pipeline->Illuminate/Pipeline/{closure}(Object(Illuminate/Http/Request))
#53 C:/Users/nahid/Downloads/campus-connect-pro-complete-20-features-v2-fixed/campus-connect-pro-complete/vendor/laravel/framework/src/Illuminate/Foundation/Http/Kernel.php(175): Illuminate/Pipeline/Pipeline->then(Object(Closure))
#54 C:/Users/nahid/Downloads/campus-connect-pro-complete-20-features-v2-fixed/campus-connect-pro-complete/vendor/laravel/framework/src/Illuminate/Foundation/Http/Kernel.php(144): Illuminate/Foundation/Http/Kernel->sendRequestThroughRouter(Object(Illuminate/Http/Request))
#55 C:/Users/nahid/Downloads/campus-connect-pro-complete-20-features-v2-fixed/campus-connect-pro-complete/public/index.php(20): Illuminate/Foundation/Http/Kernel->handle(Object(Illuminate/Http/Request))
#56 C:/Users/nahid/Downloads/campus-connect-pro-complete-20-features-v2-fixed/campus-connect-pro-complete/vendor/laravel/framework/src/Illuminate/Foundation/resources/server.php(16): require_once('C://Users//nahid//...')
#57 {main}
"} 
[2026-05-05 07:38:25] laravel.EMERGENCY: Unable to create configured logger. Using emergency logger. {"exception":"[object] (InvalidArgumentException(code: 0): Log [] is not defined. at C:/Users/nahid/Downloads/campus-connect-pro-complete-20-features-v2-fixed/campus-connect-pro-complete/vendor/laravel/framework/src/Illuminate/Log/LogManager.php:212)
[stacktrace]
#0 C:/Users/nahid/Downloads/campus-connect-pro-complete-20-features-v2-fixed/campus-connect-pro-complete/vendor/laravel/framework/src/Illuminate/Log/LogManager.php(137): Illuminate/Log/LogManager->resolve(NULL, NULL)
#1 C:/Users/nahid/Downloads/campus-connect-pro-complete-20-features-v2-fixed/campus-connect-pro-complete/vendor/laravel/framework/src/Illuminate/Log/LogManager.php(124): Illuminate/Log/LogManager->get(NULL)
#2 C:/Users/nahid/Downloads/campus-connect-pro-complete-20-features-v2-fixed/campus-connect-pro-complete/vendor/laravel/framework/src/Illuminate/Log/LogManager.php(681): Illuminate/Log/LogManager->driver()
#3 C:/Users/nahid/Downloads/campus-connect-pro-complete-20-features-v2-fixed/campus-connect-pro-complete/vendor/laravel/framework/src/Illuminate/Foundation/Exceptions/Handler.php(317): Illuminate/Log/LogManager->error('Vite manifest n...', Array)
#4 C:/Users/nahid/Downloads/campus-connect-pro-complete-20-features-v2-fixed/campus-connect-pro-complete/vendor/laravel/framework/src/Illuminate/Foundation/Exceptions/Handler.php(278): Illuminate/Foundation/Exceptions/Handler->reportThrowable(Object(Spatie/LaravelIgnition/Exceptions/ViewException))
#5 C:/Users/nahid/Downloads/campus-connect-pro-complete-20-features-v2-fixed/campus-connect-pro-complete/vendor/laravel/framework/src/Illuminate/Routing/Pipeline.php(49): Illuminate/Foundation/Exceptions/Handler->report(Object(Spatie/LaravelIgnition/Exceptions/ViewException))
#6 C:/Users/nahid/Downloads/campus-connect-pro-complete-20-features-v2-fixed/campus-connect-pro-complete/vendor/laravel/framework/src/Illuminate/Pipeline/Pipeline.php(146): Illuminate/Routing/Pipeline->handleException(Object(Illuminate/Http/Request), Object(Illuminate/View/ViewException))
#7 C:/Users/nahid/Downloads/campus-connect-pro-complete-20-features-v2-fixed/campus-connect-pro-complete/app/Http/Middleware/CheckSuspended.php(19): Illuminate/Pipeline/Pipeline->Illuminate/Pipeline/{closure}(Object(Illuminate/Http/Request))
#8 C:/Users/nahid/Downloads/campus-connect-pro-complete-20-features-v2-fixed/campus-connect-pro-complete/vendor/laravel/framework/src/Illuminate/Pipeline/Pipeline.php(183): App/Http/Middleware/CheckSuspended->handle(Object(Illuminate/Http/Request), Object(Closure))
#9 C:/Users/nahid/Downloads/campus-connect-pro-complete-20-features-v2-fixed/campus-connect-pro-complete/vendor/laravel/framework/src/Illuminate/Routing/Middleware/SubstituteBindings.php(50): Illuminate/Pipeline/Pipeline->Illuminate/Pipeline/{closure}(Object(Illuminate/Http/Request))
#10 C:/Users/nahid/Downloads/campus-connect-pro-complete-20-features-v2-fixed/campus-connect-pro-complete/vendor/laravel/framework/src/Illuminate/Pipeline/Pipeline.php(183): Illuminate/Routing/Middleware/SubstituteBindings->handle(Object(Illuminate/Http/Request), Object(Closure))
#11 C:/Users/nahid/Downloads/campus-connect-pro-complete-20-features-v2-fixed/campus-connect-pro-complete/vendor/laravel/framework/src/Illuminate/Auth/Middleware/Authenticate.php(57): Illuminate/Pipeline/Pipeline->Illuminate/Pipeline/{closure}(Object(Illuminate/Http/Request))
#12 C:/Users/nahid/Downloads/campus-connect-pro-complete-20-features-v2-fixed/campus-connect-pro-complete/vendor/laravel/framework/src/Illuminate/Pipeline/Pipeline.php(183): Illuminate/Auth/Middleware/Authenticate->handle(Object(Illuminate/Http/Request), Object(Closure))
#13 C:/Users/nahid/Downloads/campus-connect-pro-complete-20-features-v2-fixed/campus-connect-pro-complete/vendor/laravel/framework/src/Illuminate/Foundation/Http/Middleware/VerifyCsrfToken.php(78): Illuminate/Pipeline/Pipeline->Illuminate/Pipeline/{closure}(Object(Illuminate/Http/Request))
#14 C:/Users/nahid/Downloads/campus-connect-pro-complete-20-features-v2-fixed/campus-connect-pro-complete/vendor/laravel/framework/src/Illuminate/Pipeline/Pipeline.php(183): Illuminate/Foundation/Http/Middleware/VerifyCsrfToken->handle(Object(Illuminate/Http/Request), Object(Closure))
#15 C:/Users/nahid/Downloads/campus-connect-pro-complete-20-features-v2-fixed/campus-connect-pro-complete/vendor/laravel/framework/src/Illuminate/View/Middleware/ShareErrorsFromSession.php(49): Illuminate/Pipeline/Pipeline->Illuminate/Pipeline/{closure}(Object(Illuminate/Http/Request))
#16 C:/Users/nahid/Downloads/campus-connect-pro-complete-20-features-v2-fixed/campus-connect-pro-complete/vendor/laravel/framework/src/Illuminate/Pipeline/Pipeline.php(183): Illuminate/View/Middleware/ShareErrorsFromSession->handle(Object(Illuminate/Http/Request), Object(Closure))
#17 C:/Users/nahid/Downloads/campus-connect-pro-complete-20-features-v2-fixed/campus-connect-pro-complete/vendor/laravel/framework/src/Illuminate/Session/Middleware/StartSession.php(121): Illuminate/Pipeline/Pipeline->Illuminate/Pipeline/{closure}(Object(Illuminate/Http/Request))
#18 C:/Users/nahid/Downloads/campus-connect-pro-complete-20-features-v2-fixed/campus-connect-pro-complete/vendor/laravel/framework/src/Illuminate/Session/Middleware/StartSession.php(64): Illuminate/Session/Middleware/StartSession->handleStatefulRequest(Object(Illuminate/Http/Request), Object(Illuminate/Session/Store), Object(Closure))
#19 C:/Users/nahid/Downloads/campus-connect-pro-complete-20-features-v2-fixed/campus-connect-pro-complete/vendor/laravel/framework/src/Illuminate/Pipeline/Pipeline.php(183): Illuminate/Session/Middleware/StartSession->handle(Object(Illuminate/Http/Request), Object(Closure))
#20 C:/Users/nahid/Downloads/campus-connect-pro-complete-20-features-v2-fixed/campus-connect-pro-complete/vendor/laravel/framework/src/Illuminate/Cookie/Middleware/AddQueuedCookiesToResponse.php(37): Illuminate/Pipeline/Pipeline->Illuminate/Pipeline/{closure}(Object(Illuminate/Http/Request))
#21 C:/Users/nahid/Downloads/campus-connect-pro-complete-20-features-v2-fixed/campus-connect-pro-complete/vendor/laravel/framework/src/Illuminate/Pipeline/Pipeline.php(183): Illuminate/Cookie/Middleware/AddQueuedCookiesToResponse->handle(Object(Illuminate/Http/Request), Object(Closure))
#22 C:/Users/nahid/Downloads/campus-connect-pro-complete-20-features-v2-fixed/campus-connect-pro-complete/vendor/laravel/framework/src/Illuminate/Cookie/Middleware/EncryptCookies.php(67): Illuminate/Pipeline/Pipeline->Illuminate/Pipeline/{closure}(Object(Illuminate/Http/Request))
#23 C:/Users/nahid/Downloads/campus-connect-pro-complete-20-features-v2-fixed/campus-connect-pro-complete/vendor/laravel/framework/src/Illuminate/Pipeline/Pipeline.php(183): Illuminate/Cookie/Middleware/EncryptCookies->handle(Object(Illuminate/Http/Request), Object(Closure))
#24 C:/Users/nahid/Downloads/campus-connect-pro-complete-20-features-v2-fixed/campus-connect-pro-complete/vendor/laravel/framework/src/Illuminate/Pipeline/Pipeline.php(119): Illuminate/Pipeline/Pipeline->Illuminate/Pipeline/{closure}(Object(Illuminate/Http/Request))
#25 C:/Users/nahid/Downloads/campus-connect-pro-complete-20-features-v2-fixed/campus-connect-pro-complete/vendor/laravel/framework/src/Illuminate/Routing/Router.php(805): Illuminate/Pipeline/Pipeline->then(Object(Closure))
#26 C:/Users/nahid/Downloads/campus-connect-pro-complete-20-features-v2-fixed/campus-connect-pro-complete/vendor/laravel/framework/src/Illuminate/Routing/Router.php(784): Illuminate/Routing/Router->runRouteWithinStack(Object(Illuminate/Routing/Route), Object(Illuminate/Http/Request))
#27 C:/Users/nahid/Downloads/campus-connect-pro-complete-20-features-v2-fixed/campus-connect-pro-complete/vendor/laravel/framework/src/Illuminate/Routing/Router.php(748): Illuminate/Routing/Router->runRoute(Object(Illuminate/Http/Request), Object(Illuminate/Routing/Route))
#28 C:/Users/nahid/Downloads/campus-connect-pro-complete-20-features-v2-fixed/campus-connect-pro-complete/vendor/laravel/framework/src/Illuminate/Routing/Router.php(737): Illuminate/Routing/Router->dispatchToRoute(Object(Illuminate/Http/Request))
#29 C:/Users/nahid/Downloads/campus-connect-pro-complete-20-features-v2-fixed/campus-connect-pro-complete/vendor/laravel/framework/src/Illuminate/Foundation/Http/Kernel.php(200): Illuminate/Routing/Router->dispatch(Object(Illuminate/Http/Request))
#30 C:/Users/nahid/Downloads/campus-connect-pro-complete-20-features-v2-fixed/campus-connect-pro-complete/vendor/laravel/framework/src/Illuminate/Pipeline/Pipeline.php(144): Illuminate/Foundation/Http/Kernel->Illuminate/Foundation/Http/{closure}(Object(Illuminate/Http/Request))
#31 C:/Users/nahid/Downloads/campus-connect-pro-complete-20-features-v2-fixed/campus-connect-pro-complete/vendor/laravel/framework/src/Illuminate/Foundation/Http/Middleware/TransformsRequest.php(21): Illuminate/Pipeline/Pipeline->Illuminate/Pipeline/{closure}(Object(Illuminate/Http/Request))
#32 C:/Users/nahid/Downloads/campus-connect-pro-complete-20-features-v2-fixed/campus-connect-pro-complete/vendor/laravel/framework/src/Illuminate/Foundation/Http/Middleware/ConvertEmptyStringsToNull.php(31): Illuminate/Foundation/Http/Middleware/TransformsRequest->handle(Object(Illuminate/Http/Request), Object(Closure))
#33 C:/Users/nahid/Downloads/campus-connect-pro-complete-20-features-v2-fixed/campus-connect-pro-complete/vendor/laravel/framework/src/Illuminate/Pipeline/Pipeline.php(183): Illuminate/Foundation/Http/Middleware/ConvertEmptyStringsToNull->handle(Object(Illuminate/Http/Request), Object(Closure))
#34 C:/Users/nahid/Downloads/campus-connect-pro-complete-20-features-v2-fixed/campus-connect-pro-complete/vendor/laravel/framework/src/Illuminate/Foundation/Http/Middleware/TransformsRequest.php(21): Illuminate/Pipeline/Pipeline->Illuminate/Pipeline/{closure}(Object(Illuminate/Http/Request))
#35 C:/Users/nahid/Downloads/campus-connect-pro-complete-20-features-v2-fixed/campus-connect-pro-complete/vendor/laravel/framework/src/Illuminate/Foundation/Http/Middleware/TrimStrings.php(40): Illuminate/Foundation/Http/Middleware/TransformsRequest->handle(Object(Illuminate/Http/Request), Object(Closure))
#36 C:/Users/nahid/Downloads/campus-connect-pro-complete-20-features-v2-fixed/campus-connect-pro-complete/vendor/laravel/framework/src/Illuminate/Pipeline/Pipeline.php(183): Illuminate/Foundation/Http/Middleware/TrimStrings->handle(Object(Illuminate/Http/Request), Object(Closure))
#37 C:/Users/nahid/Downloads/campus-connect-pro-complete-20-features-v2-fixed/campus-connect-pro-complete/vendor/laravel/framework/src/Illuminate/Foundation/Http/Middleware/ValidatePostSize.php(27): Illuminate/Pipeline/Pipeline->Illuminate/Pipeline/{closure}(Object(Illuminate/Http/Request))
#38 C:/Users/nahid/Downloads/campus-connect-pro-complete-20-features-v2-fixed/campus-connect-pro-complete/vendor/laravel/framework/src/Illuminate/Pipeline/Pipeline.php(183): Illuminate/Foundation/Http/Middleware/ValidatePostSize->handle(Object(Illuminate/Http/Request), Object(Closure))
#39 C:/Users/nahid/Downloads/campus-connect-pro-complete-20-features-v2-fixed/campus-connect-pro-complete/vendor/laravel/framework/src/Illuminate/Http/Middleware/HandleCors.php(49): Illuminate/Pipeline/Pipeline->Illuminate/Pipeline/{closure}(Object(Illuminate/Http/Request))
#40 C:/Users/nahid/Downloads/campus-connect-pro-complete-20-features-v2-fixed/campus-connect-pro-complete/vendor/laravel/framework/src/Illuminate/Pipeline/Pipeline.php(183): Illuminate/Http/Middleware/HandleCors->handle(Object(Illuminate/Http/Request), Object(Closure))
#41 C:/Users/nahid/Downloads/campus-connect-pro-complete-20-features-v2-fixed/campus-connect-pro-complete/vendor/laravel/framework/src/Illuminate/Pipeline/Pipeline.php(119): Illuminate/Pipeline/Pipeline->Illuminate/Pipeline/{closure}(Object(Illuminate/Http/Request))
#42 C:/Users/nahid/Downloads/campus-connect-pro-complete-20-features-v2-fixed/campus-connect-pro-complete/vendor/laravel/framework/src/Illuminate/Foundation/Http/Kernel.php(175): Illuminate/Pipeline/Pipeline->then(Object(Closure))
#43 C:/Users/nahid/Downloads/campus-connect-pro-complete-20-features-v2-fixed/campus-connect-pro-complete/vendor/laravel/framework/src/Illuminate/Foundation/Http/Kernel.php(144): Illuminate/Foundation/Http/Kernel->sendRequestThroughRouter(Object(Illuminate/Http/Request))
#44 C:/Users/nahid/Downloads/campus-connect-pro-complete-20-features-v2-fixed/campus-connect-pro-complete/public/index.php(20): Illuminate/Foundation/Http/Kernel->handle(Object(Illuminate/Http/Request))
#45 C:/Users/nahid/Downloads/campus-connect-pro-complete-20-features-v2-fixed/campus-connect-pro-complete/vendor/laravel/framework/src/Illuminate/Foundation/resources/server.php(16): require_once('C://Users//nahid//...')
#46 {main}
"} 
[2026-05-05 07:38:25] laravel.ERROR: Vite manifest not found at: C:\Users\nahid\Downloads\campus-connect-pro-complete-20-features-v2-fixed\campus-connect-pro-complete\public\build/manifest.json {"view":{"view":"C:\\Users\\nahid\\Downloads\\campus-connect-pro-complete-20-features-v2-fixed\\campus-connect-pro-complete\\resources\\views\\layouts\\app.blade.php","data":{"errors":"<pre class=sf-dump id=sf-dump-502162260 data-indent-pad=\"  \"><span class=sf-dump-note>Illuminate\\Support\\ViewErrorBag</span> {<a class=sf-dump-ref>#361</a><samp data-depth=1 class=sf-dump-expanded>
  #<span class=sf-dump-protected title=\"Protected property\">bags</span>: []
</samp>}
</pre><script>Sfdump(\"sf-dump-502162260\", {\"maxDepth\":3,\"maxStringLength\":160})</script>
","myListings":"<pre class=sf-dump id=sf-dump-394845053 data-indent-pad=\"  \"><span class=sf-dump-note>Illuminate\\Database\\Eloquent\\Collection</span> {<a class=sf-dump-ref>#1095</a><samp data-depth=1 class=sf-dump-expanded>
  #<span class=sf-dump-protected title=\"Protected property\">items</span>: []
  #<span class=sf-dump-protected title=\"Protected property\">escapeWhenCastingToString</span>: <span class=sf-dump-const>false</span>
</samp>}
</pre><script>Sfdump(\"sf-dump-394845053\", {\"maxDepth\":3,\"maxStringLength\":160})</script>
","recentTransactions":"<pre class=sf-dump id=sf-dump-573114664 data-indent-pad=\"  \"><span class=sf-dump-note>Illuminate\\Database\\Eloquent\\Collection</span> {<a class=sf-dump-ref>#1088</a><samp data-depth=1 class=sf-dump-expanded>
  #<span class=sf-dump-protected title=\"Protected property\">items</span>: <span class=sf-dump-note>array:2</span> [<samp data-depth=2 class=sf-dump-compact>
    <span class=sf-dump-index>0</span> => <span class=\"sf-dump-note sf-dump-ellipsization\" title=\"App\\Models\\Transaction
\"><span class=\"sf-dump-ellipsis sf-dump-ellipsis-note\">App\\Models</span><span class=\"sf-dump-ellipsis sf-dump-ellipsis-note\">\\</span><span class=\"sf-dump-ellipsis-tail\">Transaction</span></span> {<a class=sf-dump-ref>#1087</a><samp data-depth=3 class=sf-dump-compact>
      #<span class=sf-dump-protected title=\"Protected property\">connection</span>: \"<span class=sf-dump-str title=\"6 characters\">sqlite</span>\"
      #<span class=sf-dump-protected title=\"Protected property\">table</span>: \"<span class=sf-dump-str title=\"12 characters\">transactions</span>\"
      #<span class=sf-dump-protected title=\"Protected property\">primaryKey</span>: \"<span class=sf-dump-str title=\"2 characters\">id</span>\"
      #<span class=sf-dump-protected title=\"Protected property\">keyType</span>: \"<span class=sf-dump-str title=\"3 characters\">int</span>\"
      +<span class=sf-dump-public title=\"Public property\">incrementing</span>: <span class=sf-dump-const>true</span>
      #<span class=sf-dump-protected title=\"Protected property\">with</span>: []
      #<span class=sf-dump-protected title=\"Protected property\">withCount</span>: []
      +<span class=sf-dump-public title=\"Public property\">preventsLazyLoading</span>: <span class=sf-dump-const>false</span>
      #<span class=sf-dump-protected title=\"Protected property\">perPage</span>: <span class=sf-dump-num>15</span>
      +<span class=sf-dump-public title=\"Public property\">exists</span>: <span class=sf-dump-const>true</span>
      +<span class=sf-dump-public title=\"Public property\">wasRecentlyCreated</span>: <span class=sf-dump-const>false</span>
      #<span class=sf-dump-protected title=\"Protected property\">escapeWhenCastingToString</span>: <span class=sf-dump-const>false</span>
      #<span class=sf-dump-protected title=\"Protected property\">attributes</span>: <span class=sf-dump-note>array:9</span> [ &#8230;9]
      #<span class=sf-dump-protected title=\"Protected property\">original</span>: <span class=sf-dump-note>array:9</span> [ &#8230;9]
      #<span class=sf-dump-protected title=\"Protected property\">changes</span>: []
      #<span class=sf-dump-protected title=\"Protected property\">casts</span>: <span class=sf-dump-note>array:1</span> [ &#8230;1]
      #<span class=sf-dump-protected title=\"Protected property\">classCastCache</span>: []
      #<span class=sf-dump-protected title=\"Protected property\">attributeCastCache</span>: []
      #<span class=sf-dump-protected title=\"Protected property\">dateFormat</span>: <span class=sf-dump-const>null</span>
      #<span class=sf-dump-protected title=\"Protected property\">appends</span>: []
      #<span class=sf-dump-protected title=\"Protected property\">dispatchesEvents</span>: []
      #<span class=sf-dump-protected title=\"Protected property\">observables</span>: []
      #<span class=sf-dump-protected title=\"Protected property\">relations</span>: <span class=sf-dump-note>array:3</span> [ &#8230;3]
      #<span class=sf-dump-protected title=\"Protected property\">touches</span>: []
      +<span class=sf-dump-public title=\"Public property\">timestamps</span>: <span class=sf-dump-const>true</span>
      +<span class=sf-dump-public title=\"Public property\">usesUniqueIds</span>: <span class=sf-dump-const>false</span>
      #<span class=sf-dump-protected title=\"Protected property\">hidden</span>: []
      #<span class=sf-dump-protected title=\"Protected property\">visible</span>: []
      #<span class=sf-dump-protected title=\"Protected property\">fillable</span>: <span class=sf-dump-note>array:6</span> [ &#8230;6]
      #<span class=sf-dump-protected title=\"Protected property\">guarded</span>: <span class=sf-dump-note>array:1</span> [ &#8230;1]
    </samp>}
    <span class=sf-dump-index>1</span> => <span class=\"sf-dump-note sf-dump-ellipsization\" title=\"App\\Models\\Transaction
\"><span class=\"sf-dump-ellipsis sf-dump-ellipsis-note\">App\\Models</span><span class=\"sf-dump-ellipsis sf-dump-ellipsis-note\">\\</span><span class=\"sf-dump-ellipsis-tail\">Transaction</span></span> {<a class=sf-dump-ref>#1085</a><samp data-depth=3 class=sf-dump-compact>
      #<span class=sf-dump-protected title=\"Protected property\">connection</span>: \"<span class=sf-dump-str title=\"6 characters\">sqlite</span>\"
      #<span class=sf-dump-protected title=\"Protected property\">table</span>: \"<span class=sf-dump-str title=\"12 characters\">transactions</span>\"
      #<span class=sf-dump-protected title=\"Protected property\">primaryKey</span>: \"<span class=sf-dump-str title=\"2 characters\">id</span>\"
      #<span class=sf-dump-protected title=\"Protected property\">keyType</span>: \"<span class=sf-dump-str title=\"3 characters\">int</span>\"
      +<span class=sf-dump-public title=\"Public property\">incrementing</span>: <span class=sf-dump-const>true</span>
      #<span class=sf-dump-protected title=\"Protected property\">with</span>: []
      #<span class=sf-dump-protected title=\"Protected property\">withCount</span>: []
      +<span class=sf-dump-public title=\"Public property\">preventsLazyLoading</span>: <span class=sf-dump-const>false</span>
      #<span class=sf-dump-protected title=\"Protected property\">perPage</span>: <span class=sf-dump-num>15</span>
      +<span class=sf-dump-public title=\"Public property\">exists</span>: <span class=sf-dump-const>true</span>
      +<span class=sf-dump-public title=\"Public property\">wasRecentlyCreated</span>: <span class=sf-dump-const>false</span>
      #<span class=sf-dump-protected title=\"Protected property\">escapeWhenCastingToString</span>: <span class=sf-dump-const>false</span>
      #<span class=sf-dump-protected title=\"Protected property\">attributes</span>: <span class=sf-dump-note>array:9</span> [ &#8230;9]
      #<span class=sf-dump-protected title=\"Protected property\">original</span>: <span class=sf-dump-note>array:9</span> [ &#8230;9]
      #<span class=sf-dump-protected title=\"Protected property\">changes</span>: []
      #<span class=sf-dump-protected title=\"Protected property\">casts</span>: <span class=sf-dump-note>array:1</span> [ &#8230;1]
      #<span class=sf-dump-protected title=\"Protected property\">classCastCache</span>: []
      #<span class=sf-dump-protected title=\"Protected property\">attributeCastCache</span>: []
      #<span class=sf-dump-protected title=\"Protected property\">dateFormat</span>: <span class=sf-dump-const>null</span>
      #<span class=sf-dump-protected title=\"Protected property\">appends</span>: []
      #<span class=sf-dump-protected title=\"Protected property\">dispatchesEvents</span>: []
      #<span class=sf-dump-protected title=\"Protected property\">observables</span>: []
      #<span class=sf-dump-protected title=\"Protected property\">relations</span>: <span class=sf-dump-note>array:3</span> [ &#8230;3]
      #<span class=sf-dump-protected title=\"Protected property\">touches</span>: []
      +<span class=sf-dump-public title=\"Public property\">timestamps</span>: <span class=sf-dump-const>true</span>
      +<span class=sf-dump-public title=\"Public property\">usesUniqueIds</span>: <span class=sf-dump-const>false</span>
      #<span class=sf-dump-protected title=\"Protected property\">hidden</span>: []
      #<span class=sf-dump-protected title=\"Protected property\">visible</span>: []
      #<span class=sf-dump-protected title=\"Protected property\">fillable</span>: <span class=sf-dump-note>array:6</span> [ &#8230;6]
      #<span class=sf-dump-protected title=\"Protected property\">guarded</span>: <span class=sf-dump-note>array:1</span> [ &#8230;1]
    </samp>}
  </samp>]
  #<span class=sf-dump-protected title=\"Protected property\">escapeWhenCastingToString</span>: <span class=sf-dump-const>false</span>
</samp>}
</pre><script>Sfdump(\"sf-dump-573114664\", {\"maxDepth\":3,\"maxStringLength\":160})</script>
","stats":"<pre class=sf-dump id=sf-dump-274006868 data-indent-pad=\"  \"><span class=sf-dump-note>array:5</span> [<samp data-depth=1 class=sf-dump-expanded>
  \"<span class=sf-dump-key>active_listings</span>\" => <span class=sf-dump-num>0</span>
  \"<span class=sf-dump-key>total_sales</span>\" => <span class=sf-dump-num>0</span>
  \"<span class=sf-dump-key>total_purchases</span>\" => <span class=sf-dump-num>2</span>
  \"<span class=sf-dump-key>karma_points</span>\" => <span class=sf-dump-num>0</span>
  \"<span class=sf-dump-key>unread_messages</span>\" => <span class=sf-dump-num>0</span>
</samp>]
</pre><script>Sfdump(\"sf-dump-274006868\", {\"maxDepth\":3,\"maxStringLength\":160})</script>
","unreadMessages":"<pre class=sf-dump id=sf-dump-47080554 data-indent-pad=\"  \"><span class=sf-dump-note>Illuminate\\Database\\Eloquent\\Collection</span> {<a class=sf-dump-ref>#1094</a><samp data-depth=1 class=sf-dump-expanded>
  #<span class=sf-dump-protected title=\"Protected property\">items</span>: []
  #<span class=sf-dump-protected title=\"Protected property\">escapeWhenCastingToString</span>: <span class=sf-dump-const>false</span>
</samp>}
</pre><script>Sfdump(\"sf-dump-47080554\", {\"maxDepth\":3,\"maxStringLength\":160})</script>
","__currentLoopData":"<pre class=sf-dump id=sf-dump-305768149 data-indent-pad=\"  \"><span class=sf-dump-note>Illuminate\\Database\\Eloquent\\Collection</span> {<a class=sf-dump-ref>#1088</a><samp data-depth=1 class=sf-dump-expanded>
  #<span class=sf-dump-protected title=\"Protected property\">items</span>: <span class=sf-dump-note>array:2</span> [<samp data-depth=2 class=sf-dump-compact>
    <span class=sf-dump-index>0</span> => <span class=\"sf-dump-note sf-dump-ellipsization\" title=\"App\\Models\\Transaction
\"><span class=\"sf-dump-ellipsis sf-dump-ellipsis-note\">App\\Models</span><span class=\"sf-dump-ellipsis sf-dump-ellipsis-note\">\\</span><span class=\"sf-dump-ellipsis-tail\">Transaction</span></span> {<a class=sf-dump-ref>#1087</a><samp data-depth=3 class=sf-dump-compact>
      #<span class=sf-dump-protected title=\"Protected property\">connection</span>: \"<span class=sf-dump-str title=\"6 characters\">sqlite</span>\"
      #<span class=sf-dump-protected title=\"Protected property\">table</span>: \"<span class=sf-dump-str title=\"12 characters\">transactions</span>\"
      #<span class=sf-dump-protected title=\"Protected property\">primaryKey</span>: \"<span class=sf-dump-str title=\"2 characters\">id</span>\"
      #<span class=sf-dump-protected title=\"Protected property\">keyType</span>: \"<span class=sf-dump-str title=\"3 characters\">int</span>\"
      +<span class=sf-dump-public title=\"Public property\">incrementing</span>: <span class=sf-dump-const>true</span>
      #<span class=sf-dump-protected title=\"Protected property\">with</span>: []
      #<span class=sf-dump-protected title=\"Protected property\">withCount</span>: []
      +<span class=sf-dump-public title=\"Public property\">preventsLazyLoading</span>: <span class=sf-dump-const>false</span>
      #<span class=sf-dump-protected title=\"Protected property\">perPage</span>: <span class=sf-dump-num>15</span>
      +<span class=sf-dump-public title=\"Public property\">exists</span>: <span class=sf-dump-const>true</span>
      +<span class=sf-dump-public title=\"Public property\">wasRecentlyCreated</span>: <span class=sf-dump-const>false</span>
      #<span class=sf-dump-protected title=\"Protected property\">escapeWhenCastingToString</span>: <span class=sf-dump-const>false</span>
      #<span class=sf-dump-protected title=\"Protected property\">attributes</span>: <span class=sf-dump-note>array:9</span> [ &#8230;9]
      #<span class=sf-dump-protected title=\"Protected property\">original</span>: <span class=sf-dump-note>array:9</span> [ &#8230;9]
      #<span class=sf-dump-protected title=\"Protected property\">changes</span>: []
      #<span class=sf-dump-protected title=\"Protected property\">casts</span>: <span class=sf-dump-note>array:1</span> [ &#8230;1]
      #<span class=sf-dump-protected title=\"Protected property\">classCastCache</span>: []
      #<span class=sf-dump-protected title=\"Protected property\">attributeCastCache</span>: []
      #<span class=sf-dump-protected title=\"Protected property\">dateFormat</span>: <span class=sf-dump-const>null</span>
      #<span class=sf-dump-protected title=\"Protected property\">appends</span>: []
      #<span class=sf-dump-protected title=\"Protected property\">dispatchesEvents</span>: []
      #<span class=sf-dump-protected title=\"Protected property\">observables</span>: []
      #<span class=sf-dump-protected title=\"Protected property\">relations</span>: <span class=sf-dump-note>array:3</span> [ &#8230;3]
      #<span class=sf-dump-protected title=\"Protected property\">touches</span>: []
      +<span class=sf-dump-public title=\"Public property\">timestamps</span>: <span class=sf-dump-const>true</span>
      +<span class=sf-dump-public title=\"Public property\">usesUniqueIds</span>: <span class=sf-dump-const>false</span>
      #<span class=sf-dump-protected title=\"Protected property\">hidden</span>: []
      #<span class=sf-dump-protected title=\"Protected property\">visible</span>: []
      #<span class=sf-dump-protected title=\"Protected property\">fillable</span>: <span class=sf-dump-note>array:6</span> [ &#8230;6]
      #<span class=sf-dump-protected title=\"Protected property\">guarded</span>: <span class=sf-dump-note>array:1</span> [ &#8230;1]
    </samp>}
    <span class=sf-dump-index>1</span> => <span class=\"sf-dump-note sf-dump-ellipsization\" title=\"App\\Models\\Transaction
\"><span class=\"sf-dump-ellipsis sf-dump-ellipsis-note\">App\\Models</span><span class=\"sf-dump-ellipsis sf-dump-ellipsis-note\">\\</span><span class=\"sf-dump-ellipsis-tail\">Transaction</span></span> {<a class=sf-dump-ref>#1085</a><samp data-depth=3 class=sf-dump-compact>
      #<span class=sf-dump-protected title=\"Protected property\">connection</span>: \"<span class=sf-dump-str title=\"6 characters\">sqlite</span>\"
      #<span class=sf-dump-protected title=\"Protected property\">table</span>: \"<span class=sf-dump-str title=\"12 characters\">transactions</span>\"
      #<span class=sf-dump-protected title=\"Protected property\">primaryKey</span>: \"<span class=sf-dump-str title=\"2 characters\">id</span>\"
      #<span class=sf-dump-protected title=\"Protected property\">keyType</span>: \"<span class=sf-dump-str title=\"3 characters\">int</span>\"
      +<span class=sf-dump-public title=\"Public property\">incrementing</span>: <span class=sf-dump-const>true</span>
      #<span class=sf-dump-protected title=\"Protected property\">with</span>: []
      #<span class=sf-dump-protected title=\"Protected property\">withCount</span>: []
      +<span class=sf-dump-public title=\"Public property\">preventsLazyLoading</span>: <span class=sf-dump-const>false</span>
      #<span class=sf-dump-protected title=\"Protected property\">perPage</span>: <span class=sf-dump-num>15</span>
      +<span class=sf-dump-public title=\"Public property\">exists</span>: <span class=sf-dump-const>true</span>
      +<span class=sf-dump-public title=\"Public property\">wasRecentlyCreated</span>: <span class=sf-dump-const>false</span>
      #<span class=sf-dump-protected title=\"Protected property\">escapeWhenCastingToString</span>: <span class=sf-dump-const>false</span>
      #<span class=sf-dump-protected title=\"Protected property\">attributes</span>: <span class=sf-dump-note>array:9</span> [ &#8230;9]
      #<span class=sf-dump-protected title=\"Protected property\">original</span>: <span class=sf-dump-note>array:9</span> [ &#8230;9]
      #<span class=sf-dump-protected title=\"Protected property\">changes</span>: []
      #<span class=sf-dump-protected title=\"Protected property\">casts</span>: <span class=sf-dump-note>array:1</span> [ &#8230;1]
      #<span class=sf-dump-protected title=\"Protected property\">classCastCache</span>: []
      #<span class=sf-dump-protected title=\"Protected property\">attributeCastCache</span>: []
      #<span class=sf-dump-protected title=\"Protected property\">dateFormat</span>: <span class=sf-dump-const>null</span>
      #<span class=sf-dump-protected title=\"Protected property\">appends</span>: []
      #<span class=sf-dump-protected title=\"Protected property\">dispatchesEvents</span>: []
      #<span class=sf-dump-protected title=\"Protected property\">observables</span>: []
      #<span class=sf-dump-protected title=\"Protected property\">relations</span>: <span class=sf-dump-note>array:3</span> [ &#8230;3]
      #<span class=sf-dump-protected title=\"Protected property\">touches</span>: []
      +<span class=sf-dump-public title=\"Public property\">timestamps</span>: <span class=sf-dump-const>true</span>
      +<span class=sf-dump-public title=\"Public property\">usesUniqueIds</span>: <span class=sf-dump-const>false</span>
      #<span class=sf-dump-protected title=\"Protected property\">hidden</span>: []
      #<span class=sf-dump-protected title=\"Protected property\">visible</span>: []
      #<span class=sf-dump-protected title=\"Protected property\">fillable</span>: <span class=sf-dump-note>array:6</span> [ &#8230;6]
      #<span class=sf-dump-protected title=\"Protected property\">guarded</span>: <span class=sf-dump-note>array:1</span> [ &#8230;1]
    </samp>}
  </samp>]
  #<span class=sf-dump-protected title=\"Protected property\">escapeWhenCastingToString</span>: <span class=sf-dump-const>false</span>
</samp>}
</pre><script>Sfdump(\"sf-dump-305768149\", {\"maxDepth\":3,\"maxStringLength\":160})</script>
","stat":"<pre class=sf-dump id=sf-dump-441305714 data-indent-pad=\"  \"><span class=sf-dump-note>array:6</span> [<samp data-depth=1 class=sf-dump-expanded>
  <span class=sf-dump-index>0</span> => \"<span class=sf-dump-str title=\"15 characters\">Unread Messages</span>\"
  <span class=sf-dump-index>1</span> => <span class=sf-dump-num>0</span>
  <span class=sf-dump-index>2</span> => \"<span class=sf-dump-str title=\"14 characters\">message-square</span>\"
  <span class=sf-dump-index>3</span> => \"<span class=sf-dump-str title=\"31 characters\">from-pink-500/10 to-rose-500/10</span>\"
  <span class=sf-dump-index>4</span> => \"<span class=sf-dump-str title=\"18 characters\">border-pink-500/20</span>\"
  <span class=sf-dump-index>5</span> => \"<span class=sf-dump-str title=\"13 characters\">text-pink-400</span>\"
</samp>]
</pre><script>Sfdump(\"sf-dump-441305714\", {\"maxDepth\":3,\"maxStringLength\":160})</script>
","loop":"<pre class=sf-dump id=sf-dump-896577719 data-indent-pad=\"  \"><span class=sf-dump-const>null</span>
</pre><script>Sfdump(\"sf-dump-896577719\", {\"maxDepth\":3,\"maxStringLength\":160})</script>
","__empty_1":"<pre class=sf-dump id=sf-dump-1221528272 data-indent-pad=\"  \"><span class=sf-dump-const>false</span>
</pre><script>Sfdump(\"sf-dump-1221528272\", {\"maxDepth\":3,\"maxStringLength\":160})</script>
","tx":"<pre class=sf-dump id=sf-dump-2013401967 data-indent-pad=\"  \"><span class=sf-dump-note>App\\Models\\Transaction</span> {<a class=sf-dump-ref>#1085</a><samp data-depth=1 class=sf-dump-expanded>
  #<span class=sf-dump-protected title=\"Protected property\">connection</span>: \"<span class=sf-dump-str title=\"6 characters\">sqlite</span>\"
  #<span class=sf-dump-protected title=\"Protected property\">table</span>: \"<span class=sf-dump-str title=\"12 characters\">transactions</span>\"
  #<span class=sf-dump-protected title=\"Protected property\">primaryKey</span>: \"<span class=sf-dump-str title=\"2 characters\">id</span>\"
  #<span class=sf-dump-protected title=\"Protected property\">keyType</span>: \"<span class=sf-dump-str title=\"3 characters\">int</span>\"
  +<span class=sf-dump-public title=\"Public property\">incrementing</span>: <span class=sf-dump-const>true</span>
  #<span class=sf-dump-protected title=\"Protected property\">with</span>: []
  #<span class=sf-dump-protected title=\"Protected property\">withCount</span>: []
  +<span class=sf-dump-public title=\"Public property\">preventsLazyLoading</span>: <span class=sf-dump-const>false</span>
  #<span class=sf-dump-protected title=\"Protected property\">perPage</span>: <span class=sf-dump-num>15</span>
  +<span class=sf-dump-public title=\"Public property\">exists</span>: <span class=sf-dump-const>true</span>
  +<span class=sf-dump-public title=\"Public property\">wasRecentlyCreated</span>: <span class=sf-dump-const>false</span>
  #<span class=sf-dump-protected title=\"Protected property\">escapeWhenCastingToString</span>: <span class=sf-dump-const>false</span>
  #<span class=sf-dump-protected title=\"Protected property\">attributes</span>: <span class=sf-dump-note>array:9</span> [<samp data-depth=2 class=sf-dump-compact>
    \"<span class=sf-dump-key>id</span>\" => <span class=sf-dump-num>1</span>
    \"<span class=sf-dump-key>item_id</span>\" => <span class=sf-dump-num>1</span>
    \"<span class=sf-dump-key>buyer_id</span>\" => <span class=sf-dump-num>2</span>
    \"<span class=sf-dump-key>seller_id</span>\" => <span class=sf-dump-num>1</span>
    \"<span class=sf-dump-key>amount</span>\" => <span class=sf-dump-num>12</span>
    \"<span class=sf-dump-key>status</span>\" => \"<span class=sf-dump-str title=\"9 characters\">completed</span>\"
    \"<span class=sf-dump-key>notes</span>\" => <span class=sf-dump-const>null</span>
    \"<span class=sf-dump-key>created_at</span>\" => \"<span class=sf-dump-str title=\"19 characters\">2026-05-05 06:22:04</span>\"
    \"<span class=sf-dump-key>updated_at</span>\" => \"<span class=sf-dump-str title=\"19 characters\">2026-05-05 06:22:35</span>\"
  </samp>]
  #<span class=sf-dump-protected title=\"Protected property\">original</span>: <span class=sf-dump-note>array:9</span> [<samp data-depth=2 class=sf-dump-compact>
    \"<span class=sf-dump-key>id</span>\" => <span class=sf-dump-num>1</span>
    \"<span class=sf-dump-key>item_id</span>\" => <span class=sf-dump-num>1</span>
    \"<span class=sf-dump-key>buyer_id</span>\" => <span class=sf-dump-num>2</span>
    \"<span class=sf-dump-key>seller_id</span>\" => <span class=sf-dump-num>1</span>
    \"<span class=sf-dump-key>amount</span>\" => <span class=sf-dump-num>12</span>
    \"<span class=sf-dump-key>status</span>\" => \"<span class=sf-dump-str title=\"9 characters\">completed</span>\"
    \"<span class=sf-dump-key>notes</span>\" => <span class=sf-dump-const>null</span>
    \"<span class=sf-dump-key>created_at</span>\" => \"<span class=sf-dump-str title=\"19 characters\">2026-05-05 06:22:04</span>\"
    \"<span class=sf-dump-key>updated_at</span>\" => \"<span class=sf-dump-str title=\"19 characters\">2026-05-05 06:22:35</span>\"
  </samp>]
  #<span class=sf-dump-protected title=\"Protected property\">changes</span>: []
  #<span class=sf-dump-protected title=\"Protected property\">casts</span>: <span class=sf-dump-note>array:1</span> [<samp data-depth=2 class=sf-dump-compact>
    \"<span class=sf-dump-key>amount</span>\" => \"<span class=sf-dump-str title=\"9 characters\">decimal:2</span>\"
  </samp>]
  #<span class=sf-dump-protected title=\"Protected property\">classCastCache</span>: []
  #<span class=sf-dump-protected title=\"Protected property\">attributeCastCache</span>: []
  #<span class=sf-dump-protected title=\"Protected property\">dateFormat</span>: <span class=sf-dump-const>null</span>
  #<span class=sf-dump-protected title=\"Protected property\">appends</span>: []
  #<span class=sf-dump-protected title=\"Protected property\">dispatchesEvents</span>: []
  #<span class=sf-dump-protected title=\"Protected property\">observables</span>: []
  #<span class=sf-dump-protected title=\"Protected property\">relations</span>: <span class=sf-dump-note>array:3</span> [<samp data-depth=2 class=sf-dump-compact>
    \"<span class=sf-dump-key>item</span>\" => <span class=\"sf-dump-note sf-dump-ellipsization\" title=\"App\\Models\\Item
\"><span class=\"sf-dump-ellipsis sf-dump-ellipsis-note\">App\\Models</span><span class=\"sf-dump-ellipsis sf-dump-ellipsis-note\">\\</span><span class=\"sf-dump-ellipsis-tail\">Item</span></span> {<a class=sf-dump-ref>#1118</a><samp data-depth=3 class=sf-dump-compact>
      #<span class=sf-dump-protected title=\"Protected property\">connection</span>: \"<span class=sf-dump-str title=\"6 characters\">sqlite</span>\"
      #<span class=sf-dump-protected title=\"Protected property\">table</span>: \"<span class=sf-dump-str title=\"5 characters\">items</span>\"
      #<span class=sf-dump-protected title=\"Protected property\">primaryKey</span>: \"<span class=sf-dump-str title=\"2 characters\">id</span>\"
      #<span class=sf-dump-protected title=\"Protected property\">keyType</span>: \"<span class=sf-dump-str title=\"3 characters\">int</span>\"
      +<span class=sf-dump-public title=\"Public property\">incrementing</span>: <span class=sf-dump-const>true</span>
      #<span class=sf-dump-protected title=\"Protected property\">with</span>: []
      #<span class=sf-dump-protected title=\"Protected property\">withCount</span>: []
      +<span class=sf-dump-public title=\"Public property\">preventsLazyLoading</span>: <span class=sf-dump-const>false</span>
      #<span class=sf-dump-protected title=\"Protected property\">perPage</span>: <span class=sf-dump-num>15</span>
      +<span class=sf-dump-public title=\"Public property\">exists</span>: <span class=sf-dump-const>true</span>
      +<span class=sf-dump-public title=\"Public property\">wasRecentlyCreated</span>: <span class=sf-dump-const>false</span>
      #<span class=sf-dump-protected title=\"Protected property\">escapeWhenCastingToString</span>: <span class=sf-dump-const>false</span>
      #<span class=sf-dump-protected title=\"Protected property\">attributes</span>: <span class=sf-dump-note>array:14</span> [ &#8230;14]
      #<span class=sf-dump-protected title=\"Protected property\">original</span>: <span class=sf-dump-note>array:14</span> [ &#8230;14]
      #<span class=sf-dump-protected title=\"Protected property\">changes</span>: []
      #<span class=sf-dump-protected title=\"Protected property\">casts</span>: <span class=sf-dump-note>array:3</span> [ &#8230;3]
      #<span class=sf-dump-protected title=\"Protected property\">classCastCache</span>: []
      #<span class=sf-dump-protected title=\"Protected property\">attributeCastCache</span>: []
      #<span class=sf-dump-protected title=\"Protected property\">dateFormat</span>: <span class=sf-dump-const>null</span>
      #<span class=sf-dump-protected title=\"Protected property\">appends</span>: []
      #<span class=sf-dump-protected title=\"Protected property\">dispatchesEvents</span>: []
      #<span class=sf-dump-protected title=\"Protected property\">observables</span>: []
      #<span class=sf-dump-protected title=\"Protected property\">relations</span>: []
      #<span class=sf-dump-protected title=\"Protected property\">touches</span>: []
      +<span class=sf-dump-public title=\"Public property\">timestamps</span>: <span class=sf-dump-const>true</span>
      +<span class=sf-dump-public title=\"Public property\">usesUniqueIds</span>: <span class=sf-dump-const>false</span>
      #<span class=sf-dump-protected title=\"Protected property\">hidden</span>: []
      #<span class=sf-dump-protected title=\"Protected property\">visible</span>: []
      #<span class=sf-dump-protected title=\"Protected property\">fillable</span>: <span class=sf-dump-note>array:10</span> [ &#8230;10]
      #<span class=sf-dump-protected title=\"Protected property\">guarded</span>: <span class=sf-dump-note>array:1</span> [ &#8230;1]
      #<span class=sf-dump-protected title=\"Protected property\">forceDeleting</span>: <span class=sf-dump-const>false</span>
    </samp>}
    \"<span class=sf-dump-key>buyer</span>\" => <span class=\"sf-dump-note sf-dump-ellipsization\" title=\"App\\Models\\User
\"><span class=\"sf-dump-ellipsis sf-dump-ellipsis-note\">App\\Models</span><span class=\"sf-dump-ellipsis sf-dump-ellipsis-note\">\\</span><span class=\"sf-dump-ellipsis-tail\">User</span></span> {<a class=sf-dump-ref>#1083</a><samp data-depth=3 class=sf-dump-compact>
      #<span class=sf-dump-protected title=\"Protected property\">connection</span>: \"<span class=sf-dump-str title=\"6 characters\">sqlite</span>\"
      #<span class=sf-dump-protected title=\"Protected property\">table</span>: \"<span class=sf-dump-str title=\"5 characters\">users</span>\"
      #<span class=sf-dump-protected title=\"Protected property\">primaryKey</span>: \"<span class=sf-dump-str title=\"2 characters\">id</span>\"
      #<span class=sf-dump-protected title=\"Protected property\">keyType</span>: \"<span class=sf-dump-str title=\"3 characters\">int</span>\"
      +<span class=sf-dump-public title=\"Public property\">incrementing</span>: <span class=sf-dump-const>true</span>
      #<span class=sf-dump-protected title=\"Protected property\">with</span>: []
      #<span class=sf-dump-protected title=\"Protected property\">withCount</span>: []
      +<span class=sf-dump-public title=\"Public property\">preventsLazyLoading</span>: <span class=sf-dump-const>false</span>
      #<span class=sf-dump-protected title=\"Protected property\">perPage</span>: <span class=sf-dump-num>15</span>
      +<span class=sf-dump-public title=\"Public property\">exists</span>: <span class=sf-dump-const>true</span>
      +<span class=sf-dump-public title=\"Public property\">wasRecentlyCreated</span>: <span class=sf-dump-const>false</span>
      #<span class=sf-dump-protected title=\"Protected property\">escapeWhenCastingToString</span>: <span class=sf-dump-const>false</span>
      #<span class=sf-dump-protected title=\"Protected property\">attributes</span>: <span class=sf-dump-note>array:16</span> [ &#8230;16]
      #<span class=sf-dump-protected title=\"Protected property\">original</span>: <span class=sf-dump-note>array:16</span> [ &#8230;16]
      #<span class=sf-dump-protected title=\"Protected property\">changes</span>: []
      #<span class=sf-dump-protected title=\"Protected property\">casts</span>: <span class=sf-dump-note>array:4</span> [ &#8230;4]
      #<span class=sf-dump-protected title=\"Protected property\">classCastCache</span>: []
      #<span class=sf-dump-protected title=\"Protected property\">attributeCastCache</span>: []
      #<span class=sf-dump-protected title=\"Protected property\">dateFormat</span>: <span class=sf-dump-const>null</span>
      #<span class=sf-dump-protected title=\"Protected property\">appends</span>: []
      #<span class=sf-dump-protected title=\"Protected property\">dispatchesEvents</span>: []
      #<span class=sf-dump-protected title=\"Protected property\">observables</span>: []
      #<span class=sf-dump-protected title=\"Protected property\">relations</span>: []
      #<span class=sf-dump-protected title=\"Protected property\">touches</span>: []
      +<span class=sf-dump-public title=\"Public property\">timestamps</span>: <span class=sf-dump-const>true</span>
      +<span class=sf-dump-public title=\"Public property\">usesUniqueIds</span>: <span class=sf-dump-const>false</span>
      #<span class=sf-dump-protected title=\"Protected property\">hidden</span>: <span class=sf-dump-note>array:2</span> [ &#8230;2]
      #<span class=sf-dump-protected title=\"Protected property\">visible</span>: []
      #<span class=sf-dump-protected title=\"Protected property\">fillable</span>: <span class=sf-dump-note>array:10</span> [ &#8230;10]
      #<span class=sf-dump-protected title=\"Protected property\">guarded</span>: <span class=sf-dump-note>array:1</span> [ &#8230;1]
      #<span class=sf-dump-protected title=\"Protected property\">rememberTokenName</span>: \"<span class=sf-dump-str title=\"14 characters\">remember_token</span>\"
      #<span class=sf-dump-protected title=\"Protected property\">accessToken</span>: <span class=sf-dump-const>null</span>
    </samp>}
    \"<span class=sf-dump-key>seller</span>\" => <span class=\"sf-dump-note sf-dump-ellipsization\" title=\"App\\Models\\User
\"><span class=\"sf-dump-ellipsis sf-dump-ellipsis-note\">App\\Models</span><span class=\"sf-dump-ellipsis sf-dump-ellipsis-note\">\\</span><span class=\"sf-dump-ellipsis-tail\">User</span></span> {<a class=sf-dump-ref>#1084</a><samp data-depth=3 class=sf-dump-compact>
      #<span class=sf-dump-protected title=\"Protected property\">connection</span>: \"<span class=sf-dump-str title=\"6 characters\">sqlite</span>\"
      #<span class=sf-dump-protected title=\"Protected property\">table</span>: \"<span class=sf-dump-str title=\"5 characters\">users</span>\"
      #<span class=sf-dump-protected title=\"Protected property\">primaryKey</span>: \"<span class=sf-dump-str title=\"2 characters\">id</span>\"
      #<span class=sf-dump-protected title=\"Protected property\">keyType</span>: \"<span class=sf-dump-str title=\"3 characters\">int</span>\"
      +<span class=sf-dump-public title=\"Public property\">incrementing</span>: <span class=sf-dump-const>true</span>
      #<span class=sf-dump-protected title=\"Protected property\">with</span>: []
      #<span class=sf-dump-protected title=\"Protected property\">withCount</span>: []
      +<span class=sf-dump-public title=\"Public property\">preventsLazyLoading</span>: <span class=sf-dump-const>false</span>
      #<span class=sf-dump-protected title=\"Protected property\">perPage</span>: <span class=sf-dump-num>15</span>
      +<span class=sf-dump-public title=\"Public property\">exists</span>: <span class=sf-dump-const>true</span>
      +<span class=sf-dump-public title=\"Public property\">wasRecentlyCreated</span>: <span class=sf-dump-const>false</span>
      #<span class=sf-dump-protected title=\"Protected property\">escapeWhenCastingToString</span>: <span class=sf-dump-const>false</span>
      #<span class=sf-dump-protected title=\"Protected property\">attributes</span>: <span class=sf-dump-note>array:16</span> [ &#8230;16]
      #<span class=sf-dump-protected title=\"Protected property\">original</span>: <span class=sf-dump-note>array:16</span> [ &#8230;16]
      #<span class=sf-dump-protected title=\"Protected property\">changes</span>: []
      #<span class=sf-dump-protected title=\"Protected property\">casts</span>: <span class=sf-dump-note>array:4</span> [ &#8230;4]
      #<span class=sf-dump-protected title=\"Protected property\">classCastCache</span>: []
      #<span class=sf-dump-protected title=\"Protected property\">attributeCastCache</span>: []
      #<span class=sf-dump-protected title=\"Protected property\">dateFormat</span>: <span class=sf-dump-const>null</span>
      #<span class=sf-dump-protected title=\"Protected property\">appends</span>: []
      #<span class=sf-dump-protected title=\"Protected property\">dispatchesEvents</span>: []
      #<span class=sf-dump-protected title=\"Protected property\">observables</span>: []
      #<span class=sf-dump-protected title=\"Protected property\">relations</span>: []
      #<span class=sf-dump-protected title=\"Protected property\">touches</span>: []
      +<span class=sf-dump-public title=\"Public property\">timestamps</span>: <span class=sf-dump-const>true</span>
      +<span class=sf-dump-public title=\"Public property\">usesUniqueIds</span>: <span class=sf-dump-const>false</span>
      #<span class=sf-dump-protected title=\"Protected property\">hidden</span>: <span class=sf-dump-note>array:2</span> [ &#8230;2]
      #<span class=sf-dump-protected title=\"Protected property\">visible</span>: []
      #<span class=sf-dump-protected title=\"Protected property\">fillable</span>: <span class=sf-dump-note>array:10</span> [ &#8230;10]
      #<span class=sf-dump-protected title=\"Protected property\">guarded</span>: <span class=sf-dump-note>array:1</span> [ &#8230;1]
      #<span class=sf-dump-protected title=\"Protected property\">rememberTokenName</span>: \"<span class=sf-dump-str title=\"14 characters\">remember_token</span>\"
      #<span class=sf-dump-protected title=\"Protected property\">accessToken</span>: <span class=sf-dump-const>null</span>
    </samp>}
  </samp>]
  #<span class=sf-dump-protected title=\"Protected property\">touches</span>: []
  +<span class=sf-dump-public title=\"Public property\">timestamps</span>: <span class=sf-dump-const>true</span>
  +<span class=sf-dump-public title=\"Public property\">usesUniqueIds</span>: <span class=sf-dump-const>false</span>
  #<span class=sf-dump-protected title=\"Protected property\">hidden</span>: []
  #<span class=sf-dump-protected title=\"Protected property\">visible</span>: []
  #<span class=sf-dump-protected title=\"Protected property\">fillable</span>: <span class=sf-dump-note>array:6</span> [<samp data-depth=2 class=sf-dump-compact>
    <span class=sf-dump-index>0</span> => \"<span class=sf-dump-str title=\"7 characters\">item_id</span>\"
    <span class=sf-dump-index>1</span> => \"<span class=sf-dump-str title=\"8 characters\">buyer_id</span>\"
    <span class=sf-dump-index>2</span> => \"<span class=sf-dump-str title=\"9 characters\">seller_id</span>\"
    <span class=sf-dump-index>3</span> => \"<span class=sf-dump-str title=\"6 characters\">amount</span>\"
    <span class=sf-dump-index>4</span> => \"<span class=sf-dump-str title=\"6 characters\">status</span>\"
    <span class=sf-dump-index>5</span> => \"<span class=sf-dump-str title=\"5 characters\">notes</span>\"
  </samp>]
  #<span class=sf-dump-protected title=\"Protected property\">guarded</span>: <span class=sf-dump-note>array:1</span> [<samp data-depth=2 class=sf-dump-compact>
    <span class=sf-dump-index>0</span> => \"<span class=sf-dump-str>*</span>\"
  </samp>]
</samp>}
</pre><script>Sfdump(\"sf-dump-2013401967\", {\"maxDepth\":3,\"maxStringLength\":160})</script>
"}},"userId":2,"exception":"[object] (Spatie\\LaravelIgnition\\Exceptions\\ViewException(code: 0): Vite manifest not found at: C:\\Users\\nahid\\Downloads\\campus-connect-pro-complete-20-features-v2-fixed\\campus-connect-pro-complete\\public\\build/manifest.json at C:/Users/nahid/Downloads/campus-connect-pro-complete-20-features-v2-fixed/campus-connect-pro-complete/vendor/laravel/framework/src/Illuminate/Foundation/Vite.php:728)
[stacktrace]
#0 C:/Users/nahid/Downloads/campus-connect-pro-complete-20-features-v2-fixed/campus-connect-pro-complete/vendor/laravel/framework/src/Illuminate/Foundation/Vite.php(293): Illuminate/Foundation/Vite->manifest('build')
#1 C:/Users/nahid/Downloads/campus-connect-pro-complete-20-features-v2-fixed/campus-connect-pro-complete/resources/views/layouts/app.blade.php(8): Illuminate/Foundation/Vite->__invoke(Object(Illuminate/Support/Collection))
#2 C:/Users/nahid/Downloads/campus-connect-pro-complete-20-features-v2-fixed/campus-connect-pro-complete/vendor/laravel/framework/src/Illuminate/Filesystem/Filesystem.php(123): require('C://Users//nahid//...')
#3 C:/Users/nahid/Downloads/campus-connect-pro-complete-20-features-v2-fixed/campus-connect-pro-complete/vendor/laravel/framework/src/Illuminate/Filesystem/Filesystem.php(124): Illuminate/Filesystem/Filesystem::Illuminate/Filesystem/{closure}()
#4 C:/Users/nahid/Downloads/campus-connect-pro-complete-20-features-v2-fixed/campus-connect-pro-complete/vendor/laravel/framework/src/Illuminate/View/Engines/PhpEngine.php(58): Illuminate/Filesystem/Filesystem->getRequire('C://Users//nahid//...', Array)
#5 C:/Users/nahid/Downloads/campus-connect-pro-complete-20-features-v2-fixed/campus-connect-pro-complete/vendor/laravel/framework/src/Illuminate/View/Engines/CompilerEngine.php(72): Illuminate/View/Engines/PhpEngine->evaluatePath('C://Users//nahid//...', Array)
#6 C:/Users/nahid/Downloads/campus-connect-pro-complete-20-features-v2-fixed/campus-connect-pro-complete/vendor/laravel/framework/src/Illuminate/View/View.php(207): Illuminate/View/Engines/CompilerEngine->get('C://Users//nahid//...', Array)
#7 C:/Users/nahid/Downloads/campus-connect-pro-complete-20-features-v2-fixed/campus-connect-pro-complete/vendor/laravel/framework/src/Illuminate/View/View.php(190): Illuminate/View/View->getContents()
#8 C:/Users/nahid/Downloads/campus-connect-pro-complete-20-features-v2-fixed/campus-connect-pro-complete/vendor/laravel/framework/src/Illuminate/View/View.php(159): Illuminate/View/View->renderContents()
#9 C:/Users/nahid/Downloads/campus-connect-pro-complete-20-features-v2-fixed/campus-connect-pro-complete/resources/views/dashboard.blade.php(112): Illuminate/View/View->render()
#10 C:/Users/nahid/Downloads/campus-connect-pro-complete-20-features-v2-fixed/campus-connect-pro-complete/vendor/laravel/framework/src/Illuminate/Filesystem/Filesystem.php(123): require('C://Users//nahid//...')
#11 C:/Users/nahid/Downloads/campus-connect-pro-complete-20-features-v2-fixed/campus-connect-pro-complete/vendor/laravel/framework/src/Illuminate/Filesystem/Filesystem.php(124): Illuminate/Filesystem/Filesystem::Illuminate/Filesystem/{closure}()
#12 C:/Users/nahid/Downloads/campus-connect-pro-complete-20-features-v2-fixed/campus-connect-pro-complete/vendor/laravel/framework/src/Illuminate/View/Engines/PhpEngine.php(58): Illuminate/Filesystem/Filesystem->getRequire('C://Users//nahid//...', Array)
#13 C:/Users/nahid/Downloads/campus-connect-pro-complete-20-features-v2-fixed/campus-connect-pro-complete/vendor/laravel/framework/src/Illuminate/View/Engines/CompilerEngine.php(72): Illuminate/View/Engines/PhpEngine->evaluatePath('C://Users//nahid//...', Array)
#14 C:/Users/nahid/Downloads/campus-connect-pro-complete-20-features-v2-fixed/campus-connect-pro-complete/vendor/laravel/framework/src/Illuminate/View/View.php(207): Illuminate/View/Engines/CompilerEngine->get('C://Users//nahid//...', Array)
#15 C:/Users/nahid/Downloads/campus-connect-pro-complete-20-features-v2-fixed/campus-connect-pro-complete/vendor/laravel/framework/src/Illuminate/View/View.php(190): Illuminate/View/View->getContents()
#16 C:/Users/nahid/Downloads/campus-connect-pro-complete-20-features-v2-fixed/campus-connect-pro-complete/vendor/laravel/framework/src/Illuminate/View/View.php(159): Illuminate/View/View->renderContents()
#17 C:/Users/nahid/Downloads/campus-connect-pro-complete-20-features-v2-fixed/campus-connect-pro-complete/vendor/laravel/framework/src/Illuminate/Http/Response.php(69): Illuminate/View/View->render()
#18 C:/Users/nahid/Downloads/campus-connect-pro-complete-20-features-v2-fixed/campus-connect-pro-complete/vendor/laravel/framework/src/Illuminate/Http/Response.php(35): Illuminate/Http/Response->setContent(Object(Illuminate/View/View))
#19 C:/Users/nahid/Downloads/campus-connect-pro-complete-20-features-v2-fixed/campus-connect-pro-complete/vendor/laravel/framework/src/Illuminate/Routing/Router.php(918): Illuminate/Http/Response->__construct(Object(Illuminate/View/View), 200, Array)
#20 C:/Users/nahid/Downloads/campus-connect-pro-complete-20-features-v2-fixed/campus-connect-pro-complete/vendor/laravel/framework/src/Illuminate/Routing/Router.php(885): Illuminate/Routing/Router::toResponse(Object(Illuminate/Http/Request), Object(Illuminate/View/View))
#21 C:/Users/nahid/Downloads/campus-connect-pro-complete-20-features-v2-fixed/campus-connect-pro-complete/vendor/laravel/framework/src/Illuminate/Routing/Router.php(805): Illuminate/Routing/Router->prepareResponse(Object(Illuminate/Http/Request), Object(Illuminate/View/View))
#22 C:/Users/nahid/Downloads/campus-connect-pro-complete-20-features-v2-fixed/campus-connect-pro-complete/vendor/laravel/framework/src/Illuminate/Pipeline/Pipeline.php(144): Illuminate/Routing/Router->Illuminate/Routing/{closure}(Object(Illuminate/Http/Request))
#23 C:/Users/nahid/Downloads/campus-connect-pro-complete-20-features-v2-fixed/campus-connect-pro-complete/app/Http/Middleware/CheckSuspended.php(19): Illuminate/Pipeline/Pipeline->Illuminate/Pipeline/{closure}(Object(Illuminate/Http/Request))
#24 C:/Users/nahid/Downloads/campus-connect-pro-complete-20-features-v2-fixed/campus-connect-pro-complete/vendor/laravel/framework/src/Illuminate/Pipeline/Pipeline.php(183): App/Http/Middleware/CheckSuspended->handle(Object(Illuminate/Http/Request), Object(Closure))
#25 C:/Users/nahid/Downloads/campus-connect-pro-complete-20-features-v2-fixed/campus-connect-pro-complete/vendor/laravel/framework/src/Illuminate/Routing/Middleware/SubstituteBindings.php(50): Illuminate/Pipeline/Pipeline->Illuminate/Pipeline/{closure}(Object(Illuminate/Http/Request))
#26 C:/Users/nahid/Downloads/campus-connect-pro-complete-20-features-v2-fixed/campus-connect-pro-complete/vendor/laravel/framework/src/Illuminate/Pipeline/Pipeline.php(183): Illuminate/Routing/Middleware/SubstituteBindings->handle(Object(Illuminate/Http/Request), Object(Closure))
#27 C:/Users/nahid/Downloads/campus-connect-pro-complete-20-features-v2-fixed/campus-connect-pro-complete/vendor/laravel/framework/src/Illuminate/Auth/Middleware/Authenticate.php(57): Illuminate/Pipeline/Pipeline->Illuminate/Pipeline/{closure}(Object(Illuminate/Http/Request))
#28 C:/Users/nahid/Downloads/campus-connect-pro-complete-20-features-v2-fixed/campus-connect-pro-complete/vendor/laravel/framework/src/Illuminate/Pipeline/Pipeline.php(183): Illuminate/Auth/Middleware/Authenticate->handle(Object(Illuminate/Http/Request), Object(Closure))
#29 C:/Users/nahid/Downloads/campus-connect-pro-complete-20-features-v2-fixed/campus-connect-pro-complete/vendor/laravel/framework/src/Illuminate/Foundation/Http/Middleware/VerifyCsrfToken.php(78): Illuminate/Pipeline/Pipeline->Illuminate/Pipeline/{closure}(Object(Illuminate/Http/Request))
#30 C:/Users/nahid/Downloads/campus-connect-pro-complete-20-features-v2-fixed/campus-connect-pro-complete/vendor/laravel/framework/src/Illuminate/Pipeline/Pipeline.php(183): Illuminate/Foundation/Http/Middleware/VerifyCsrfToken->handle(Object(Illuminate/Http/Request), Object(Closure))
#31 C:/Users/nahid/Downloads/campus-connect-pro-complete-20-features-v2-fixed/campus-connect-pro-complete/vendor/laravel/framework/src/Illuminate/View/Middleware/ShareErrorsFromSession.php(49): Illuminate/Pipeline/Pipeline->Illuminate/Pipeline/{closure}(Object(Illuminate/Http/Request))
#32 C:/Users/nahid/Downloads/campus-connect-pro-complete-20-features-v2-fixed/campus-connect-pro-complete/vendor/laravel/framework/src/Illuminate/Pipeline/Pipeline.php(183): Illuminate/View/Middleware/ShareErrorsFromSession->handle(Object(Illuminate/Http/Request), Object(Closure))
#33 C:/Users/nahid/Downloads/campus-connect-pro-complete-20-features-v2-fixed/campus-connect-pro-complete/vendor/laravel/framework/src/Illuminate/Session/Middleware/StartSession.php(121): Illuminate/Pipeline/Pipeline->Illuminate/Pipeline/{closure}(Object(Illuminate/Http/Request))
#34 C:/Users/nahid/Downloads/campus-connect-pro-complete-20-features-v2-fixed/campus-connect-pro-complete/vendor/laravel/framework/src/Illuminate/Session/Middleware/StartSession.php(64): Illuminate/Session/Middleware/StartSession->handleStatefulRequest(Object(Illuminate/Http/Request), Object(Illuminate/Session/Store), Object(Closure))
#35 C:/Users/nahid/Downloads/campus-connect-pro-complete-20-features-v2-fixed/campus-connect-pro-complete/vendor/laravel/framework/src/Illuminate/Pipeline/Pipeline.php(183): Illuminate/Session/Middleware/StartSession->handle(Object(Illuminate/Http/Request), Object(Closure))
#36 C:/Users/nahid/Downloads/campus-connect-pro-complete-20-features-v2-fixed/campus-connect-pro-complete/vendor/laravel/framework/src/Illuminate/Cookie/Middleware/AddQueuedCookiesToResponse.php(37): Illuminate/Pipeline/Pipeline->Illuminate/Pipeline/{closure}(Object(Illuminate/Http/Request))
#37 C:/Users/nahid/Downloads/campus-connect-pro-complete-20-features-v2-fixed/campus-connect-pro-complete/vendor/laravel/framework/src/Illuminate/Pipeline/Pipeline.php(183): Illuminate/Cookie/Middleware/AddQueuedCookiesToResponse->handle(Object(Illuminate/Http/Request), Object(Closure))
#38 C:/Users/nahid/Downloads/campus-connect-pro-complete-20-features-v2-fixed/campus-connect-pro-complete/vendor/laravel/framework/src/Illuminate/Cookie/Middleware/EncryptCookies.php(67): Illuminate/Pipeline/Pipeline->Illuminate/Pipeline/{closure}(Object(Illuminate/Http/Request))
#39 C:/Users/nahid/Downloads/campus-connect-pro-complete-20-features-v2-fixed/campus-connect-pro-complete/vendor/laravel/framework/src/Illuminate/Pipeline/Pipeline.php(183): Illuminate/Cookie/Middleware/EncryptCookies->handle(Object(Illuminate/Http/Request), Object(Closure))
#40 C:/Users/nahid/Downloads/campus-connect-pro-complete-20-features-v2-fixed/campus-connect-pro-complete/vendor/laravel/framework/src/Illuminate/Pipeline/Pipeline.php(119): Illuminate/Pipeline/Pipeline->Illuminate/Pipeline/{closure}(Object(Illuminate/Http/Request))
#41 C:/Users/nahid/Downloads/campus-connect-pro-complete-20-features-v2-fixed/campus-connect-pro-complete/vendor/laravel/framework/src/Illuminate/Routing/Router.php(805): Illuminate/Pipeline/Pipeline->then(Object(Closure))
#42 C:/Users/nahid/Downloads/campus-connect-pro-complete-20-features-v2-fixed/campus-connect-pro-complete/vendor/laravel/framework/src/Illuminate/Routing/Router.php(784): Illuminate/Routing/Router->runRouteWithinStack(Object(Illuminate/Routing/Route), Object(Illuminate/Http/Request))
#43 C:/Users/nahid/Downloads/campus-connect-pro-complete-20-features-v2-fixed/campus-connect-pro-complete/vendor/laravel/framework/src/Illuminate/Routing/Router.php(748): Illuminate/Routing/Router->runRoute(Object(Illuminate/Http/Request), Object(Illuminate/Routing/Route))
#44 C:/Users/nahid/Downloads/campus-connect-pro-complete-20-features-v2-fixed/campus-connect-pro-complete/vendor/laravel/framework/src/Illuminate/Routing/Router.php(737): Illuminate/Routing/Router->dispatchToRoute(Object(Illuminate/Http/Request))
#45 C:/Users/nahid/Downloads/campus-connect-pro-complete-20-features-v2-fixed/campus-connect-pro-complete/vendor/laravel/framework/src/Illuminate/Foundation/Http/Kernel.php(200): Illuminate/Routing/Router->dispatch(Object(Illuminate/Http/Request))
#46 C:/Users/nahid/Downloads/campus-connect-pro-complete-20-features-v2-fixed/campus-connect-pro-complete/vendor/laravel/framework/src/Illuminate/Pipeline/Pipeline.php(144): Illuminate/Foundation/Http/Kernel->Illuminate/Foundation/Http/{closure}(Object(Illuminate/Http/Request))
#47 C:/Users/nahid/Downloads/campus-connect-pro-complete-20-features-v2-fixed/campus-connect-pro-complete/vendor/laravel/framework/src/Illuminate/Foundation/Http/Middleware/TransformsRequest.php(21): Illuminate/Pipeline/Pipeline->Illuminate/Pipeline/{closure}(Object(Illuminate/Http/Request))
#48 C:/Users/nahid/Downloads/campus-connect-pro-complete-20-features-v2-fixed/campus-connect-pro-complete/vendor/laravel/framework/src/Illuminate/Foundation/Http/Middleware/ConvertEmptyStringsToNull.php(31): Illuminate/Foundation/Http/Middleware/TransformsRequest->handle(Object(Illuminate/Http/Request), Object(Closure))
#49 C:/Users/nahid/Downloads/campus-connect-pro-complete-20-features-v2-fixed/campus-connect-pro-complete/vendor/laravel/framework/src/Illuminate/Pipeline/Pipeline.php(183): Illuminate/Foundation/Http/Middleware/ConvertEmptyStringsToNull->handle(Object(Illuminate/Http/Request), Object(Closure))
#50 C:/Users/nahid/Downloads/campus-connect-pro-complete-20-features-v2-fixed/campus-connect-pro-complete/vendor/laravel/framework/src/Illuminate/Foundation/Http/Middleware/TransformsRequest.php(21): Illuminate/Pipeline/Pipeline->Illuminate/Pipeline/{closure}(Object(Illuminate/Http/Request))
#51 C:/Users/nahid/Downloads/campus-connect-pro-complete-20-features-v2-fixed/campus-connect-pro-complete/vendor/laravel/framework/src/Illuminate/Foundation/Http/Middleware/TrimStrings.php(40): Illuminate/Foundation/Http/Middleware/TransformsRequest->handle(Object(Illuminate/Http/Request), Object(Closure))
#52 C:/Users/nahid/Downloads/campus-connect-pro-complete-20-features-v2-fixed/campus-connect-pro-complete/vendor/laravel/framework/src/Illuminate/Pipeline/Pipeline.php(183): Illuminate/Foundation/Http/Middleware/TrimStrings->handle(Object(Illuminate/Http/Request), Object(Closure))
#53 C:/Users/nahid/Downloads/campus-connect-pro-complete-20-features-v2-fixed/campus-connect-pro-complete/vendor/laravel/framework/src/Illuminate/Foundation/Http/Middleware/ValidatePostSize.php(27): Illuminate/Pipeline/Pipeline->Illuminate/Pipeline/{closure}(Object(Illuminate/Http/Request))
#54 C:/Users/nahid/Downloads/campus-connect-pro-complete-20-features-v2-fixed/campus-connect-pro-complete/vendor/laravel/framework/src/Illuminate/Pipeline/Pipeline.php(183): Illuminate/Foundation/Http/Middleware/ValidatePostSize->handle(Object(Illuminate/Http/Request), Object(Closure))
#55 C:/Users/nahid/Downloads/campus-connect-pro-complete-20-features-v2-fixed/campus-connect-pro-complete/vendor/laravel/framework/src/Illuminate/Http/Middleware/HandleCors.php(49): Illuminate/Pipeline/Pipeline->Illuminate/Pipeline/{closure}(Object(Illuminate/Http/Request))
#56 C:/Users/nahid/Downloads/campus-connect-pro-complete-20-features-v2-fixed/campus-connect-pro-complete/vendor/laravel/framework/src/Illuminate/Pipeline/Pipeline.php(183): Illuminate/Http/Middleware/HandleCors->handle(Object(Illuminate/Http/Request), Object(Closure))
#57 C:/Users/nahid/Downloads/campus-connect-pro-complete-20-features-v2-fixed/campus-connect-pro-complete/vendor/laravel/framework/src/Illuminate/Pipeline/Pipeline.php(119): Illuminate/Pipeline/Pipeline->Illuminate/Pipeline/{closure}(Object(Illuminate/Http/Request))
#58 C:/Users/nahid/Downloads/campus-connect-pro-complete-20-features-v2-fixed/campus-connect-pro-complete/vendor/laravel/framework/src/Illuminate/Foundation/Http/Kernel.php(175): Illuminate/Pipeline/Pipeline->then(Object(Closure))
#59 C:/Users/nahid/Downloads/campus-connect-pro-complete-20-features-v2-fixed/campus-connect-pro-complete/vendor/laravel/framework/src/Illuminate/Foundation/Http/Kernel.php(144): Illuminate/Foundation/Http/Kernel->sendRequestThroughRouter(Object(Illuminate/Http/Request))
#60 C:/Users/nahid/Downloads/campus-connect-pro-complete-20-features-v2-fixed/campus-connect-pro-complete/public/index.php(20): Illuminate/Foundation/Http/Kernel->handle(Object(Illuminate/Http/Request))
#61 C:/Users/nahid/Downloads/campus-connect-pro-complete-20-features-v2-fixed/campus-connect-pro-complete/vendor/laravel/framework/src/Illuminate/Foundation/resources/server.php(16): require_once('C://Users//nahid//...')
#62 {main}

[previous exception] [object] (Illuminate\\Foundation\\ViteManifestNotFoundException(code: 0): Vite manifest not found at: C:\\Users\\nahid\\Downloads\\campus-connect-pro-complete-20-features-v2-fixed\\campus-connect-pro-complete\\public\\build/manifest.json at C:/Users/nahid/Downloads/campus-connect-pro-complete-20-features-v2-fixed/campus-connect-pro-complete/vendor/laravel/framework/src/Illuminate/Foundation/Vite.php:728)
[stacktrace]
#0 C:/Users/nahid/Downloads/campus-connect-pro-complete-20-features-v2-fixed/campus-connect-pro-complete/vendor/laravel/framework/src/Illuminate/Foundation/Vite.php(293): Illuminate/Foundation/Vite->manifest('build')
#1 C:/Users/nahid/Downloads/campus-connect-pro-complete-20-features-v2-fixed/campus-connect-pro-complete/storage/framework/views/f843f0d21115e5ee3330c38cf6a86bb5.php(8): Illuminate/Foundation/Vite->__invoke(Object(Illuminate/Support/Collection))
#2 C:/Users/nahid/Downloads/campus-connect-pro-complete-20-features-v2-fixed/campus-connect-pro-complete/vendor/laravel/framework/src/Illuminate/Filesystem/Filesystem.php(123): require('C://Users//nahid//...')
#3 C:/Users/nahid/Downloads/campus-connect-pro-complete-20-features-v2-fixed/campus-connect-pro-complete/vendor/laravel/framework/src/Illuminate/Filesystem/Filesystem.php(124): Illuminate/Filesystem/Filesystem::Illuminate/Filesystem/{closure}()
#4 C:/Users/nahid/Downloads/campus-connect-pro-complete-20-features-v2-fixed/campus-connect-pro-complete/vendor/laravel/framework/src/Illuminate/View/Engines/PhpEngine.php(58): Illuminate/Filesystem/Filesystem->getRequire('C://Users//nahid//...', Array)
#5 C:/Users/nahid/Downloads/campus-connect-pro-complete-20-features-v2-fixed/campus-connect-pro-complete/vendor/laravel/framework/src/Illuminate/View/Engines/CompilerEngine.php(72): Illuminate/View/Engines/PhpEngine->evaluatePath('C://Users//nahid//...', Array)
#6 C:/Users/nahid/Downloads/campus-connect-pro-complete-20-features-v2-fixed/campus-connect-pro-complete/vendor/laravel/framework/src/Illuminate/View/View.php(207): Illuminate/View/Engines/CompilerEngine->get('C://Users//nahid//...', Array)
#7 C:/Users/nahid/Downloads/campus-connect-pro-complete-20-features-v2-fixed/campus-connect-pro-complete/vendor/laravel/framework/src/Illuminate/View/View.php(190): Illuminate/View/View->getContents()
#8 C:/Users/nahid/Downloads/campus-connect-pro-complete-20-features-v2-fixed/campus-connect-pro-complete/vendor/laravel/framework/src/Illuminate/View/View.php(159): Illuminate/View/View->renderContents()
#9 C:/Users/nahid/Downloads/campus-connect-pro-complete-20-features-v2-fixed/campus-connect-pro-complete/storage/framework/views/1a60606ced0d8df82d8bc643407dcc93.php(113): Illuminate/View/View->render()
#10 C:/Users/nahid/Downloads/campus-connect-pro-complete-20-features-v2-fixed/campus-connect-pro-complete/vendor/laravel/framework/src/Illuminate/Filesystem/Filesystem.php(123): require('C://Users//nahid//...')
#11 C:/Users/nahid/Downloads/campus-connect-pro-complete-20-features-v2-fixed/campus-connect-pro-complete/vendor/laravel/framework/src/Illuminate/Filesystem/Filesystem.php(124): Illuminate/Filesystem/Filesystem::Illuminate/Filesystem/{closure}()
#12 C:/Users/nahid/Downloads/campus-connect-pro-complete-20-features-v2-fixed/campus-connect-pro-complete/vendor/laravel/framework/src/Illuminate/View/Engines/PhpEngine.php(58): Illuminate/Filesystem/Filesystem->getRequire('C://Users//nahid//...', Array)
#13 C:/Users/nahid/Downloads/campus-connect-pro-complete-20-features-v2-fixed/campus-connect-pro-complete/vendor/laravel/framework/src/Illuminate/View/Engines/CompilerEngine.php(72): Illuminate/View/Engines/PhpEngine->evaluatePath('C://Users//nahid//...', Array)
#14 C:/Users/nahid/Downloads/campus-connect-pro-complete-20-features-v2-fixed/campus-connect-pro-complete/vendor/laravel/framework/src/Illuminate/View/View.php(207): Illuminate/View/Engines/CompilerEngine->get('C://Users//nahid//...', Array)
#15 C:/Users/nahid/Downloads/campus-connect-pro-complete-20-features-v2-fixed/campus-connect-pro-complete/vendor/laravel/framework/src/Illuminate/View/View.php(190): Illuminate/View/View->getContents()
#16 C:/Users/nahid/Downloads/campus-connect-pro-complete-20-features-v2-fixed/campus-connect-pro-complete/vendor/laravel/framework/src/Illuminate/View/View.php(159): Illuminate/View/View->renderContents()
#17 C:/Users/nahid/Downloads/campus-connect-pro-complete-20-features-v2-fixed/campus-connect-pro-complete/vendor/laravel/framework/src/Illuminate/Http/Response.php(69): Illuminate/View/View->render()
#18 C:/Users/nahid/Downloads/campus-connect-pro-complete-20-features-v2-fixed/campus-connect-pro-complete/vendor/laravel/framework/src/Illuminate/Http/Response.php(35): Illuminate/Http/Response->setContent(Object(Illuminate/View/View))
#19 C:/Users/nahid/Downloads/campus-connect-pro-complete-20-features-v2-fixed/campus-connect-pro-complete/vendor/laravel/framework/src/Illuminate/Routing/Router.php(918): Illuminate/Http/Response->__construct(Object(Illuminate/View/View), 200, Array)
#20 C:/Users/nahid/Downloads/campus-connect-pro-complete-20-features-v2-fixed/campus-connect-pro-complete/vendor/laravel/framework/src/Illuminate/Routing/Router.php(885): Illuminate/Routing/Router::toResponse(Object(Illuminate/Http/Request), Object(Illuminate/View/View))
#21 C:/Users/nahid/Downloads/campus-connect-pro-complete-20-features-v2-fixed/campus-connect-pro-complete/vendor/laravel/framework/src/Illuminate/Routing/Router.php(805): Illuminate/Routing/Router->prepareResponse(Object(Illuminate/Http/Request), Object(Illuminate/View/View))
#22 C:/Users/nahid/Downloads/campus-connect-pro-complete-20-features-v2-fixed/campus-connect-pro-complete/vendor/laravel/framework/src/Illuminate/Pipeline/Pipeline.php(144): Illuminate/Routing/Router->Illuminate/Routing/{closure}(Object(Illuminate/Http/Request))
#23 C:/Users/nahid/Downloads/campus-connect-pro-complete-20-features-v2-fixed/campus-connect-pro-complete/app/Http/Middleware/CheckSuspended.php(19): Illuminate/Pipeline/Pipeline->Illuminate/Pipeline/{closure}(Object(Illuminate/Http/Request))
#24 C:/Users/nahid/Downloads/campus-connect-pro-complete-20-features-v2-fixed/campus-connect-pro-complete/vendor/laravel/framework/src/Illuminate/Pipeline/Pipeline.php(183): App/Http/Middleware/CheckSuspended->handle(Object(Illuminate/Http/Request), Object(Closure))
#25 C:/Users/nahid/Downloads/campus-connect-pro-complete-20-features-v2-fixed/campus-connect-pro-complete/vendor/laravel/framework/src/Illuminate/Routing/Middleware/SubstituteBindings.php(50): Illuminate/Pipeline/Pipeline->Illuminate/Pipeline/{closure}(Object(Illuminate/Http/Request))
#26 C:/Users/nahid/Downloads/campus-connect-pro-complete-20-features-v2-fixed/campus-connect-pro-complete/vendor/laravel/framework/src/Illuminate/Pipeline/Pipeline.php(183): Illuminate/Routing/Middleware/SubstituteBindings->handle(Object(Illuminate/Http/Request), Object(Closure))
#27 C:/Users/nahid/Downloads/campus-connect-pro-complete-20-features-v2-fixed/campus-connect-pro-complete/vendor/laravel/framework/src/Illuminate/Auth/Middleware/Authenticate.php(57): Illuminate/Pipeline/Pipeline->Illuminate/Pipeline/{closure}(Object(Illuminate/Http/Request))
#28 C:/Users/nahid/Downloads/campus-connect-pro-complete-20-features-v2-fixed/campus-connect-pro-complete/vendor/laravel/framework/src/Illuminate/Pipeline/Pipeline.php(183): Illuminate/Auth/Middleware/Authenticate->handle(Object(Illuminate/Http/Request), Object(Closure))
#29 C:/Users/nahid/Downloads/campus-connect-pro-complete-20-features-v2-fixed/campus-connect-pro-complete/vendor/laravel/framework/src/Illuminate/Foundation/Http/Middleware/VerifyCsrfToken.php(78): Illuminate/Pipeline/Pipeline->Illuminate/Pipeline/{closure}(Object(Illuminate/Http/Request))
#30 C:/Users/nahid/Downloads/campus-connect-pro-complete-20-features-v2-fixed/campus-connect-pro-complete/vendor/laravel/framework/src/Illuminate/Pipeline/Pipeline.php(183): Illuminate/Foundation/Http/Middleware/VerifyCsrfToken->handle(Object(Illuminate/Http/Request), Object(Closure))
#31 C:/Users/nahid/Downloads/campus-connect-pro-complete-20-features-v2-fixed/campus-connect-pro-complete/vendor/laravel/framework/src/Illuminate/View/Middleware/ShareErrorsFromSession.php(49): Illuminate/Pipeline/Pipeline->Illuminate/Pipeline/{closure}(Object(Illuminate/Http/Request))
#32 C:/Users/nahid/Downloads/campus-connect-pro-complete-20-features-v2-fixed/campus-connect-pro-complete/vendor/laravel/framework/src/Illuminate/Pipeline/Pipeline.php(183): Illuminate/View/Middleware/ShareErrorsFromSession->handle(Object(Illuminate/Http/Request), Object(Closure))
#33 C:/Users/nahid/Downloads/campus-connect-pro-complete-20-features-v2-fixed/campus-connect-pro-complete/vendor/laravel/framework/src/Illuminate/Session/Middleware/StartSession.php(121): Illuminate/Pipeline/Pipeline->Illuminate/Pipeline/{closure}(Object(Illuminate/Http/Request))
#34 C:/Users/nahid/Downloads/campus-connect-pro-complete-20-features-v2-fixed/campus-connect-pro-complete/vendor/laravel/framework/src/Illuminate/Session/Middleware/StartSession.php(64): Illuminate/Session/Middleware/StartSession->handleStatefulRequest(Object(Illuminate/Http/Request), Object(Illuminate/Session/Store), Object(Closure))
#35 C:/Users/nahid/Downloads/campus-connect-pro-complete-20-features-v2-fixed/campus-connect-pro-complete/vendor/laravel/framework/src/Illuminate/Pipeline/Pipeline.php(183): Illuminate/Session/Middleware/StartSession->handle(Object(Illuminate/Http/Request), Object(Closure))
#36 C:/Users/nahid/Downloads/campus-connect-pro-complete-20-features-v2-fixed/campus-connect-pro-complete/vendor/laravel/framework/src/Illuminate/Cookie/Middleware/AddQueuedCookiesToResponse.php(37): Illuminate/Pipeline/Pipeline->Illuminate/Pipeline/{closure}(Object(Illuminate/Http/Request))
#37 C:/Users/nahid/Downloads/campus-connect-pro-complete-20-features-v2-fixed/campus-connect-pro-complete/vendor/laravel/framework/src/Illuminate/Pipeline/Pipeline.php(183): Illuminate/Cookie/Middleware/AddQueuedCookiesToResponse->handle(Object(Illuminate/Http/Request), Object(Closure))
#38 C:/Users/nahid/Downloads/campus-connect-pro-complete-20-features-v2-fixed/campus-connect-pro-complete/vendor/laravel/framework/src/Illuminate/Cookie/Middleware/EncryptCookies.php(67): Illuminate/Pipeline/Pipeline->Illuminate/Pipeline/{closure}(Object(Illuminate/Http/Request))
#39 C:/Users/nahid/Downloads/campus-connect-pro-complete-20-features-v2-fixed/campus-connect-pro-complete/vendor/laravel/framework/src/Illuminate/Pipeline/Pipeline.php(183): Illuminate/Cookie/Middleware/EncryptCookies->handle(Object(Illuminate/Http/Request), Object(Closure))
#40 C:/Users/nahid/Downloads/campus-connect-pro-complete-20-features-v2-fixed/campus-connect-pro-complete/vendor/laravel/framework/src/Illuminate/Pipeline/Pipeline.php(119): Illuminate/Pipeline/Pipeline->Illuminate/Pipeline/{closure}(Object(Illuminate/Http/Request))
#41 C:/Users/nahid/Downloads/campus-connect-pro-complete-20-features-v2-fixed/campus-connect-pro-complete/vendor/laravel/framework/src/Illuminate/Routing/Router.php(805): Illuminate/Pipeline/Pipeline->then(Object(Closure))
#42 C:/Users/nahid/Downloads/campus-connect-pro-complete-20-features-v2-fixed/campus-connect-pro-complete/vendor/laravel/framework/src/Illuminate/Routing/Router.php(784): Illuminate/Routing/Router->runRouteWithinStack(Object(Illuminate/Routing/Route), Object(Illuminate/Http/Request))
#43 C:/Users/nahid/Downloads/campus-connect-pro-complete-20-features-v2-fixed/campus-connect-pro-complete/vendor/laravel/framework/src/Illuminate/Routing/Router.php(748): Illuminate/Routing/Router->runRoute(Object(Illuminate/Http/Request), Object(Illuminate/Routing/Route))
#44 C:/Users/nahid/Downloads/campus-connect-pro-complete-20-features-v2-fixed/campus-connect-pro-complete/vendor/laravel/framework/src/Illuminate/Routing/Router.php(737): Illuminate/Routing/Router->dispatchToRoute(Object(Illuminate/Http/Request))
#45 C:/Users/nahid/Downloads/campus-connect-pro-complete-20-features-v2-fixed/campus-connect-pro-complete/vendor/laravel/framework/src/Illuminate/Foundation/Http/Kernel.php(200): Illuminate/Routing/Router->dispatch(Object(Illuminate/Http/Request))
#46 C:/Users/nahid/Downloads/campus-connect-pro-complete-20-features-v2-fixed/campus-connect-pro-complete/vendor/laravel/framework/src/Illuminate/Pipeline/Pipeline.php(144): Illuminate/Foundation/Http/Kernel->Illuminate/Foundation/Http/{closure}(Object(Illuminate/Http/Request))
#47 C:/Users/nahid/Downloads/campus-connect-pro-complete-20-features-v2-fixed/campus-connect-pro-complete/vendor/laravel/framework/src/Illuminate/Foundation/Http/Middleware/TransformsRequest.php(21): Illuminate/Pipeline/Pipeline->Illuminate/Pipeline/{closure}(Object(Illuminate/Http/Request))
#48 C:/Users/nahid/Downloads/campus-connect-pro-complete-20-features-v2-fixed/campus-connect-pro-complete/vendor/laravel/framework/src/Illuminate/Foundation/Http/Middleware/ConvertEmptyStringsToNull.php(31): Illuminate/Foundation/Http/Middleware/TransformsRequest->handle(Object(Illuminate/Http/Request), Object(Closure))
#49 C:/Users/nahid/Downloads/campus-connect-pro-complete-20-features-v2-fixed/campus-connect-pro-complete/vendor/laravel/framework/src/Illuminate/Pipeline/Pipeline.php(183): Illuminate/Foundation/Http/Middleware/ConvertEmptyStringsToNull->handle(Object(Illuminate/Http/Request), Object(Closure))
#50 C:/Users/nahid/Downloads/campus-connect-pro-complete-20-features-v2-fixed/campus-connect-pro-complete/vendor/laravel/framework/src/Illuminate/Foundation/Http/Middleware/TransformsRequest.php(21): Illuminate/Pipeline/Pipeline->Illuminate/Pipeline/{closure}(Object(Illuminate/Http/Request))
#51 C:/Users/nahid/Downloads/campus-connect-pro-complete-20-features-v2-fixed/campus-connect-pro-complete/vendor/laravel/framework/src/Illuminate/Foundation/Http/Middleware/TrimStrings.php(40): Illuminate/Foundation/Http/Middleware/TransformsRequest->handle(Object(Illuminate/Http/Request), Object(Closure))
#52 C:/Users/nahid/Downloads/campus-connect-pro-complete-20-features-v2-fixed/campus-connect-pro-complete/vendor/laravel/framework/src/Illuminate/Pipeline/Pipeline.php(183): Illuminate/Foundation/Http/Middleware/TrimStrings->handle(Object(Illuminate/Http/Request), Object(Closure))
#53 C:/Users/nahid/Downloads/campus-connect-pro-complete-20-features-v2-fixed/campus-connect-pro-complete/vendor/laravel/framework/src/Illuminate/Foundation/Http/Middleware/ValidatePostSize.php(27): Illuminate/Pipeline/Pipeline->Illuminate/Pipeline/{closure}(Object(Illuminate/Http/Request))
#54 C:/Users/nahid/Downloads/campus-connect-pro-complete-20-features-v2-fixed/campus-connect-pro-complete/vendor/laravel/framework/src/Illuminate/Pipeline/Pipeline.php(183): Illuminate/Foundation/Http/Middleware/ValidatePostSize->handle(Object(Illuminate/Http/Request), Object(Closure))
#55 C:/Users/nahid/Downloads/campus-connect-pro-complete-20-features-v2-fixed/campus-connect-pro-complete/vendor/laravel/framework/src/Illuminate/Http/Middleware/HandleCors.php(49): Illuminate/Pipeline/Pipeline->Illuminate/Pipeline/{closure}(Object(Illuminate/Http/Request))
#56 C:/Users/nahid/Downloads/campus-connect-pro-complete-20-features-v2-fixed/campus-connect-pro-complete/vendor/laravel/framework/src/Illuminate/Pipeline/Pipeline.php(183): Illuminate/Http/Middleware/HandleCors->handle(Object(Illuminate/Http/Request), Object(Closure))
#57 C:/Users/nahid/Downloads/campus-connect-pro-complete-20-features-v2-fixed/campus-connect-pro-complete/vendor/laravel/framework/src/Illuminate/Pipeline/Pipeline.php(119): Illuminate/Pipeline/Pipeline->Illuminate/Pipeline/{closure}(Object(Illuminate/Http/Request))
#58 C:/Users/nahid/Downloads/campus-connect-pro-complete-20-features-v2-fixed/campus-connect-pro-complete/vendor/laravel/framework/src/Illuminate/Foundation/Http/Kernel.php(175): Illuminate/Pipeline/Pipeline->then(Object(Closure))
#59 C:/Users/nahid/Downloads/campus-connect-pro-complete-20-features-v2-fixed/campus-connect-pro-complete/vendor/laravel/framework/src/Illuminate/Foundation/Http/Kernel.php(144): Illuminate/Foundation/Http/Kernel->sendRequestThroughRouter(Object(Illuminate/Http/Request))
#60 C:/Users/nahid/Downloads/campus-connect-pro-complete-20-features-v2-fixed/campus-connect-pro-complete/public/index.php(20): Illuminate/Foundation/Http/Kernel->handle(Object(Illuminate/Http/Request))
#61 C:/Users/nahid/Downloads/campus-connect-pro-complete-20-features-v2-fixed/campus-connect-pro-complete/vendor/laravel/framework/src/Illuminate/Foundation/resources/server.php(16): require_once('C://Users//nahid//...')
#62 {main}
"} 
[2026-05-05 07:38:40] laravel.EMERGENCY: Unable to create configured logger. Using emergency logger. {"exception":"[object] (InvalidArgumentException(code: 0): Log [] is not defined. at C:/Users/nahid/Downloads/campus-connect-pro-complete-20-features-v2-fixed/campus-connect-pro-complete/vendor/laravel/framework/src/Illuminate/Log/LogManager.php:212)
[stacktrace]
#0 C:/Users/nahid/Downloads/campus-connect-pro-complete-20-features-v2-fixed/campus-connect-pro-complete/vendor/laravel/framework/src/Illuminate/Log/LogManager.php(137): Illuminate/Log/LogManager->resolve(NULL, NULL)
#1 C:/Users/nahid/Downloads/campus-connect-pro-complete-20-features-v2-fixed/campus-connect-pro-complete/vendor/laravel/framework/src/Illuminate/Log/LogManager.php(124): Illuminate/Log/LogManager->get(NULL)
#2 C:/Users/nahid/Downloads/campus-connect-pro-complete-20-features-v2-fixed/campus-connect-pro-complete/vendor/laravel/framework/src/Illuminate/Log/LogManager.php(681): Illuminate/Log/LogManager->driver()
#3 C:/Users/nahid/Downloads/campus-connect-pro-complete-20-features-v2-fixed/campus-connect-pro-complete/vendor/laravel/framework/src/Illuminate/Foundation/Exceptions/Handler.php(317): Illuminate/Log/LogManager->error('Vite manifest n...', Array)
#4 C:/Users/nahid/Downloads/campus-connect-pro-complete-20-features-v2-fixed/campus-connect-pro-complete/vendor/laravel/framework/src/Illuminate/Foundation/Exceptions/Handler.php(278): Illuminate/Foundation/Exceptions/Handler->reportThrowable(Object(Spatie/LaravelIgnition/Exceptions/ViewException))
#5 C:/Users/nahid/Downloads/campus-connect-pro-complete-20-features-v2-fixed/campus-connect-pro-complete/vendor/laravel/framework/src/Illuminate/Routing/Pipeline.php(49): Illuminate/Foundation/Exceptions/Handler->report(Object(Spatie/LaravelIgnition/Exceptions/ViewException))
#6 C:/Users/nahid/Downloads/campus-connect-pro-complete-20-features-v2-fixed/campus-connect-pro-complete/vendor/laravel/framework/src/Illuminate/Pipeline/Pipeline.php(146): Illuminate/Routing/Pipeline->handleException(Object(Illuminate/Http/Request), Object(Illuminate/View/ViewException))
#7 C:/Users/nahid/Downloads/campus-connect-pro-complete-20-features-v2-fixed/campus-connect-pro-complete/app/Http/Middleware/CheckSuspended.php(19): Illuminate/Pipeline/Pipeline->Illuminate/Pipeline/{closure}(Object(Illuminate/Http/Request))
#8 C:/Users/nahid/Downloads/campus-connect-pro-complete-20-features-v2-fixed/campus-connect-pro-complete/vendor/laravel/framework/src/Illuminate/Pipeline/Pipeline.php(183): App/Http/Middleware/CheckSuspended->handle(Object(Illuminate/Http/Request), Object(Closure))
#9 C:/Users/nahid/Downloads/campus-connect-pro-complete-20-features-v2-fixed/campus-connect-pro-complete/vendor/laravel/framework/src/Illuminate/Routing/Middleware/SubstituteBindings.php(50): Illuminate/Pipeline/Pipeline->Illuminate/Pipeline/{closure}(Object(Illuminate/Http/Request))
#10 C:/Users/nahid/Downloads/campus-connect-pro-complete-20-features-v2-fixed/campus-connect-pro-complete/vendor/laravel/framework/src/Illuminate/Pipeline/Pipeline.php(183): Illuminate/Routing/Middleware/SubstituteBindings->handle(Object(Illuminate/Http/Request), Object(Closure))
#11 C:/Users/nahid/Downloads/campus-connect-pro-complete-20-features-v2-fixed/campus-connect-pro-complete/vendor/laravel/framework/src/Illuminate/Auth/Middleware/Authenticate.php(57): Illuminate/Pipeline/Pipeline->Illuminate/Pipeline/{closure}(Object(Illuminate/Http/Request))
#12 C:/Users/nahid/Downloads/campus-connect-pro-complete-20-features-v2-fixed/campus-connect-pro-complete/vendor/laravel/framework/src/Illuminate/Pipeline/Pipeline.php(183): Illuminate/Auth/Middleware/Authenticate->handle(Object(Illuminate/Http/Request), Object(Closure))
#13 C:/Users/nahid/Downloads/campus-connect-pro-complete-20-features-v2-fixed/campus-connect-pro-complete/vendor/laravel/framework/src/Illuminate/Foundation/Http/Middleware/VerifyCsrfToken.php(78): Illuminate/Pipeline/Pipeline->Illuminate/Pipeline/{closure}(Object(Illuminate/Http/Request))
#14 C:/Users/nahid/Downloads/campus-connect-pro-complete-20-features-v2-fixed/campus-connect-pro-complete/vendor/laravel/framework/src/Illuminate/Pipeline/Pipeline.php(183): Illuminate/Foundation/Http/Middleware/VerifyCsrfToken->handle(Object(Illuminate/Http/Request), Object(Closure))
#15 C:/Users/nahid/Downloads/campus-connect-pro-complete-20-features-v2-fixed/campus-connect-pro-complete/vendor/laravel/framework/src/Illuminate/View/Middleware/ShareErrorsFromSession.php(49): Illuminate/Pipeline/Pipeline->Illuminate/Pipeline/{closure}(Object(Illuminate/Http/Request))
#16 C:/Users/nahid/Downloads/campus-connect-pro-complete-20-features-v2-fixed/campus-connect-pro-complete/vendor/laravel/framework/src/Illuminate/Pipeline/Pipeline.php(183): Illuminate/View/Middleware/ShareErrorsFromSession->handle(Object(Illuminate/Http/Request), Object(Closure))
#17 C:/Users/nahid/Downloads/campus-connect-pro-complete-20-features-v2-fixed/campus-connect-pro-complete/vendor/laravel/framework/src/Illuminate/Session/Middleware/StartSession.php(121): Illuminate/Pipeline/Pipeline->Illuminate/Pipeline/{closure}(Object(Illuminate/Http/Request))
#18 C:/Users/nahid/Downloads/campus-connect-pro-complete-20-features-v2-fixed/campus-connect-pro-complete/vendor/laravel/framework/src/Illuminate/Session/Middleware/StartSession.php(64): Illuminate/Session/Middleware/StartSession->handleStatefulRequest(Object(Illuminate/Http/Request), Object(Illuminate/Session/Store), Object(Closure))
#19 C:/Users/nahid/Downloads/campus-connect-pro-complete-20-features-v2-fixed/campus-connect-pro-complete/vendor/laravel/framework/src/Illuminate/Pipeline/Pipeline.php(183): Illuminate/Session/Middleware/StartSession->handle(Object(Illuminate/Http/Request), Object(Closure))
#20 C:/Users/nahid/Downloads/campus-connect-pro-complete-20-features-v2-fixed/campus-connect-pro-complete/vendor/laravel/framework/src/Illuminate/Cookie/Middleware/AddQueuedCookiesToResponse.php(37): Illuminate/Pipeline/Pipeline->Illuminate/Pipeline/{closure}(Object(Illuminate/Http/Request))
#21 C:/Users/nahid/Downloads/campus-connect-pro-complete-20-features-v2-fixed/campus-connect-pro-complete/vendor/laravel/framework/src/Illuminate/Pipeline/Pipeline.php(183): Illuminate/Cookie/Middleware/AddQueuedCookiesToResponse->handle(Object(Illuminate/Http/Request), Object(Closure))
#22 C:/Users/nahid/Downloads/campus-connect-pro-complete-20-features-v2-fixed/campus-connect-pro-complete/vendor/laravel/framework/src/Illuminate/Cookie/Middleware/EncryptCookies.php(67): Illuminate/Pipeline/Pipeline->Illuminate/Pipeline/{closure}(Object(Illuminate/Http/Request))
#23 C:/Users/nahid/Downloads/campus-connect-pro-complete-20-features-v2-fixed/campus-connect-pro-complete/vendor/laravel/framework/src/Illuminate/Pipeline/Pipeline.php(183): Illuminate/Cookie/Middleware/EncryptCookies->handle(Object(Illuminate/Http/Request), Object(Closure))
#24 C:/Users/nahid/Downloads/campus-connect-pro-complete-20-features-v2-fixed/campus-connect-pro-complete/vendor/laravel/framework/src/Illuminate/Pipeline/Pipeline.php(119): Illuminate/Pipeline/Pipeline->Illuminate/Pipeline/{closure}(Object(Illuminate/Http/Request))
#25 C:/Users/nahid/Downloads/campus-connect-pro-complete-20-features-v2-fixed/campus-connect-pro-complete/vendor/laravel/framework/src/Illuminate/Routing/Router.php(805): Illuminate/Pipeline/Pipeline->then(Object(Closure))
#26 C:/Users/nahid/Downloads/campus-connect-pro-complete-20-features-v2-fixed/campus-connect-pro-complete/vendor/laravel/framework/src/Illuminate/Routing/Router.php(784): Illuminate/Routing/Router->runRouteWithinStack(Object(Illuminate/Routing/Route), Object(Illuminate/Http/Request))
#27 C:/Users/nahid/Downloads/campus-connect-pro-complete-20-features-v2-fixed/campus-connect-pro-complete/vendor/laravel/framework/src/Illuminate/Routing/Router.php(748): Illuminate/Routing/Router->runRoute(Object(Illuminate/Http/Request), Object(Illuminate/Routing/Route))
#28 C:/Users/nahid/Downloads/campus-connect-pro-complete-20-features-v2-fixed/campus-connect-pro-complete/vendor/laravel/framework/src/Illuminate/Routing/Router.php(737): Illuminate/Routing/Router->dispatchToRoute(Object(Illuminate/Http/Request))
#29 C:/Users/nahid/Downloads/campus-connect-pro-complete-20-features-v2-fixed/campus-connect-pro-complete/vendor/laravel/framework/src/Illuminate/Foundation/Http/Kernel.php(200): Illuminate/Routing/Router->dispatch(Object(Illuminate/Http/Request))
#30 C:/Users/nahid/Downloads/campus-connect-pro-complete-20-features-v2-fixed/campus-connect-pro-complete/vendor/laravel/framework/src/Illuminate/Pipeline/Pipeline.php(144): Illuminate/Foundation/Http/Kernel->Illuminate/Foundation/Http/{closure}(Object(Illuminate/Http/Request))
#31 C:/Users/nahid/Downloads/campus-connect-pro-complete-20-features-v2-fixed/campus-connect-pro-complete/vendor/laravel/framework/src/Illuminate/Foundation/Http/Middleware/TransformsRequest.php(21): Illuminate/Pipeline/Pipeline->Illuminate/Pipeline/{closure}(Object(Illuminate/Http/Request))
#32 C:/Users/nahid/Downloads/campus-connect-pro-complete-20-features-v2-fixed/campus-connect-pro-complete/vendor/laravel/framework/src/Illuminate/Foundation/Http/Middleware/ConvertEmptyStringsToNull.php(31): Illuminate/Foundation/Http/Middleware/TransformsRequest->handle(Object(Illuminate/Http/Request), Object(Closure))
#33 C:/Users/nahid/Downloads/campus-connect-pro-complete-20-features-v2-fixed/campus-connect-pro-complete/vendor/laravel/framework/src/Illuminate/Pipeline/Pipeline.php(183): Illuminate/Foundation/Http/Middleware/ConvertEmptyStringsToNull->handle(Object(Illuminate/Http/Request), Object(Closure))
#34 C:/Users/nahid/Downloads/campus-connect-pro-complete-20-features-v2-fixed/campus-connect-pro-complete/vendor/laravel/framework/src/Illuminate/Foundation/Http/Middleware/TransformsRequest.php(21): Illuminate/Pipeline/Pipeline->Illuminate/Pipeline/{closure}(Object(Illuminate/Http/Request))
#35 C:/Users/nahid/Downloads/campus-connect-pro-complete-20-features-v2-fixed/campus-connect-pro-complete/vendor/laravel/framework/src/Illuminate/Foundation/Http/Middleware/TrimStrings.php(40): Illuminate/Foundation/Http/Middleware/TransformsRequest->handle(Object(Illuminate/Http/Request), Object(Closure))
#36 C:/Users/nahid/Downloads/campus-connect-pro-complete-20-features-v2-fixed/campus-connect-pro-complete/vendor/laravel/framework/src/Illuminate/Pipeline/Pipeline.php(183): Illuminate/Foundation/Http/Middleware/TrimStrings->handle(Object(Illuminate/Http/Request), Object(Closure))
#37 C:/Users/nahid/Downloads/campus-connect-pro-complete-20-features-v2-fixed/campus-connect-pro-complete/vendor/laravel/framework/src/Illuminate/Foundation/Http/Middleware/ValidatePostSize.php(27): Illuminate/Pipeline/Pipeline->Illuminate/Pipeline/{closure}(Object(Illuminate/Http/Request))
#38 C:/Users/nahid/Downloads/campus-connect-pro-complete-20-features-v2-fixed/campus-connect-pro-complete/vendor/laravel/framework/src/Illuminate/Pipeline/Pipeline.php(183): Illuminate/Foundation/Http/Middleware/ValidatePostSize->handle(Object(Illuminate/Http/Request), Object(Closure))
#39 C:/Users/nahid/Downloads/campus-connect-pro-complete-20-features-v2-fixed/campus-connect-pro-complete/vendor/laravel/framework/src/Illuminate/Http/Middleware/HandleCors.php(49): Illuminate/Pipeline/Pipeline->Illuminate/Pipeline/{closure}(Object(Illuminate/Http/Request))
#40 C:/Users/nahid/Downloads/campus-connect-pro-complete-20-features-v2-fixed/campus-connect-pro-complete/vendor/laravel/framework/src/Illuminate/Pipeline/Pipeline.php(183): Illuminate/Http/Middleware/HandleCors->handle(Object(Illuminate/Http/Request), Object(Closure))
#41 C:/Users/nahid/Downloads/campus-connect-pro-complete-20-features-v2-fixed/campus-connect-pro-complete/vendor/laravel/framework/src/Illuminate/Pipeline/Pipeline.php(119): Illuminate/Pipeline/Pipeline->Illuminate/Pipeline/{closure}(Object(Illuminate/Http/Request))
#42 C:/Users/nahid/Downloads/campus-connect-pro-complete-20-features-v2-fixed/campus-connect-pro-complete/vendor/laravel/framework/src/Illuminate/Foundation/Http/Kernel.php(175): Illuminate/Pipeline/Pipeline->then(Object(Closure))
#43 C:/Users/nahid/Downloads/campus-connect-pro-complete-20-features-v2-fixed/campus-connect-pro-complete/vendor/laravel/framework/src/Illuminate/Foundation/Http/Kernel.php(144): Illuminate/Foundation/Http/Kernel->sendRequestThroughRouter(Object(Illuminate/Http/Request))
#44 C:/Users/nahid/Downloads/campus-connect-pro-complete-20-features-v2-fixed/campus-connect-pro-complete/public/index.php(20): Illuminate/Foundation/Http/Kernel->handle(Object(Illuminate/Http/Request))
#45 C:/Users/nahid/Downloads/campus-connect-pro-complete-20-features-v2-fixed/campus-connect-pro-complete/vendor/laravel/framework/src/Illuminate/Foundation/resources/server.php(16): require_once('C://Users//nahid//...')
#46 {main}
"} 
[2026-05-05 07:38:40] laravel.ERROR: Vite manifest not found at: C:\Users\nahid\Downloads\campus-connect-pro-complete-20-features-v2-fixed\campus-connect-pro-complete\public\build/manifest.json {"view":{"view":"C:\\Users\\nahid\\Downloads\\campus-connect-pro-complete-20-features-v2-fixed\\campus-connect-pro-complete\\resources\\views\\layouts\\app.blade.php","data":{"errors":"<pre class=sf-dump id=sf-dump-1355990947 data-indent-pad=\"  \"><span class=sf-dump-note>Illuminate\\Support\\ViewErrorBag</span> {<a class=sf-dump-ref>#371</a><samp data-depth=1 class=sf-dump-expanded>
  #<span class=sf-dump-protected title=\"Protected property\">bags</span>: []
</samp>}
</pre><script>Sfdump(\"sf-dump-1355990947\", {\"maxDepth\":3,\"maxStringLength\":160})</script>
","transactions":"<pre class=sf-dump id=sf-dump-2117663973 data-indent-pad=\"  \"><span class=sf-dump-note>Illuminate\\Pagination\\LengthAwarePaginator</span> {<a class=sf-dump-ref>#1118</a><samp data-depth=1 class=sf-dump-expanded>
  #<span class=sf-dump-protected title=\"Protected property\">items</span>: <span class=\"sf-dump-note sf-dump-ellipsization\" title=\"Illuminate\\Database\\Eloquent\\Collection
\"><span class=\"sf-dump-ellipsis sf-dump-ellipsis-note\">Illuminate\\Database\\Eloquent</span><span class=\"sf-dump-ellipsis sf-dump-ellipsis-note\">\\</span><span class=\"sf-dump-ellipsis-tail\">Collection</span></span> {<a class=sf-dump-ref>#1117</a><samp data-depth=2 class=sf-dump-compact>
    #<span class=sf-dump-protected title=\"Protected property\">items</span>: <span class=sf-dump-note>array:2</span> [<samp data-depth=3 class=sf-dump-compact>
      <span class=sf-dump-index>0</span> => <span class=\"sf-dump-note sf-dump-ellipsization\" title=\"App\\Models\\Transaction
\"><span class=\"sf-dump-ellipsis sf-dump-ellipsis-note\">App\\Models</span><span class=\"sf-dump-ellipsis sf-dump-ellipsis-note\">\\</span><span class=\"sf-dump-ellipsis-tail\">Transaction</span></span> {<a class=sf-dump-ref>#1103</a> &#8230;30}
      <span class=sf-dump-index>1</span> => <span class=\"sf-dump-note sf-dump-ellipsization\" title=\"App\\Models\\Transaction
\"><span class=\"sf-dump-ellipsis sf-dump-ellipsis-note\">App\\Models</span><span class=\"sf-dump-ellipsis sf-dump-ellipsis-note\">\\</span><span class=\"sf-dump-ellipsis-tail\">Transaction</span></span> {<a class=sf-dump-ref>#1104</a> &#8230;30}
    </samp>]
    #<span class=sf-dump-protected title=\"Protected property\">escapeWhenCastingToString</span>: <span class=sf-dump-const>false</span>
  </samp>}
  #<span class=sf-dump-protected title=\"Protected property\">perPage</span>: <span class=sf-dump-num>15</span>
  #<span class=sf-dump-protected title=\"Protected property\">currentPage</span>: <span class=sf-dump-num>1</span>
  #<span class=sf-dump-protected title=\"Protected property\">path</span>: \"<span class=sf-dump-str title=\"34 characters\">http://127.0.0.1:8000/transactions</span>\"
  #<span class=sf-dump-protected title=\"Protected property\">query</span>: []
  #<span class=sf-dump-protected title=\"Protected property\">fragment</span>: <span class=sf-dump-const>null</span>
  #<span class=sf-dump-protected title=\"Protected property\">pageName</span>: \"<span class=sf-dump-str title=\"4 characters\">page</span>\"
  +<span class=sf-dump-public title=\"Public property\">onEachSide</span>: <span class=sf-dump-num>3</span>
  #<span class=sf-dump-protected title=\"Protected property\">options</span>: <span class=sf-dump-note>array:2</span> [<samp data-depth=2 class=sf-dump-compact>
    \"<span class=sf-dump-key>path</span>\" => \"<span class=sf-dump-str title=\"34 characters\">http://127.0.0.1:8000/transactions</span>\"
    \"<span class=sf-dump-key>pageName</span>\" => \"<span class=sf-dump-str title=\"4 characters\">page</span>\"
  </samp>]
  #<span class=sf-dump-protected title=\"Protected property\">total</span>: <span class=sf-dump-num>2</span>
  #<span class=sf-dump-protected title=\"Protected property\">lastPage</span>: <span class=sf-dump-num>1</span>
</samp>}
</pre><script>Sfdump(\"sf-dump-2117663973\", {\"maxDepth\":3,\"maxStringLength\":160})</script>
","__empty_1":"<pre class=sf-dump id=sf-dump-588551607 data-indent-pad=\"  \"><span class=sf-dump-const>false</span>
</pre><script>Sfdump(\"sf-dump-588551607\", {\"maxDepth\":3,\"maxStringLength\":160})</script>
","__currentLoopData":"<pre class=sf-dump id=sf-dump-456673905 data-indent-pad=\"  \"><span class=sf-dump-note>Illuminate\\Pagination\\LengthAwarePaginator</span> {<a class=sf-dump-ref>#1118</a><samp data-depth=1 class=sf-dump-expanded>
  #<span class=sf-dump-protected title=\"Protected property\">items</span>: <span class=\"sf-dump-note sf-dump-ellipsization\" title=\"Illuminate\\Database\\Eloquent\\Collection
\"><span class=\"sf-dump-ellipsis sf-dump-ellipsis-note\">Illuminate\\Database\\Eloquent</span><span class=\"sf-dump-ellipsis sf-dump-ellipsis-note\">\\</span><span class=\"sf-dump-ellipsis-tail\">Collection</span></span> {<a class=sf-dump-ref>#1117</a><samp data-depth=2 class=sf-dump-compact>
    #<span class=sf-dump-protected title=\"Protected property\">items</span>: <span class=sf-dump-note>array:2</span> [<samp data-depth=3 class=sf-dump-compact>
      <span class=sf-dump-index>0</span> => <span class=\"sf-dump-note sf-dump-ellipsization\" title=\"App\\Models\\Transaction
\"><span class=\"sf-dump-ellipsis sf-dump-ellipsis-note\">App\\Models</span><span class=\"sf-dump-ellipsis sf-dump-ellipsis-note\">\\</span><span class=\"sf-dump-ellipsis-tail\">Transaction</span></span> {<a class=sf-dump-ref>#1103</a> &#8230;30}
      <span class=sf-dump-index>1</span> => <span class=\"sf-dump-note sf-dump-ellipsization\" title=\"App\\Models\\Transaction
\"><span class=\"sf-dump-ellipsis sf-dump-ellipsis-note\">App\\Models</span><span class=\"sf-dump-ellipsis sf-dump-ellipsis-note\">\\</span><span class=\"sf-dump-ellipsis-tail\">Transaction</span></span> {<a class=sf-dump-ref>#1104</a> &#8230;30}
    </samp>]
    #<span class=sf-dump-protected title=\"Protected property\">escapeWhenCastingToString</span>: <span class=sf-dump-const>false</span>
  </samp>}
  #<span class=sf-dump-protected title=\"Protected property\">perPage</span>: <span class=sf-dump-num>15</span>
  #<span class=sf-dump-protected title=\"Protected property\">currentPage</span>: <span class=sf-dump-num>1</span>
  #<span class=sf-dump-protected title=\"Protected property\">path</span>: \"<span class=sf-dump-str title=\"34 characters\">http://127.0.0.1:8000/transactions</span>\"
  #<span class=sf-dump-protected title=\"Protected property\">query</span>: []
  #<span class=sf-dump-protected title=\"Protected property\">fragment</span>: <span class=sf-dump-const>null</span>
  #<span class=sf-dump-protected title=\"Protected property\">pageName</span>: \"<span class=sf-dump-str title=\"4 characters\">page</span>\"
  +<span class=sf-dump-public title=\"Public property\">onEachSide</span>: <span class=sf-dump-num>3</span>
  #<span class=sf-dump-protected title=\"Protected property\">options</span>: <span class=sf-dump-note>array:2</span> [<samp data-depth=2 class=sf-dump-compact>
    \"<span class=sf-dump-key>path</span>\" => \"<span class=sf-dump-str title=\"34 characters\">http://127.0.0.1:8000/transactions</span>\"
    \"<span class=sf-dump-key>pageName</span>\" => \"<span class=sf-dump-str title=\"4 characters\">page</span>\"
  </samp>]
  #<span class=sf-dump-protected title=\"Protected property\">total</span>: <span class=sf-dump-num>2</span>
  #<span class=sf-dump-protected title=\"Protected property\">lastPage</span>: <span class=sf-dump-num>1</span>
</samp>}
</pre><script>Sfdump(\"sf-dump-456673905\", {\"maxDepth\":3,\"maxStringLength\":160})</script>
","tx":"<pre class=sf-dump id=sf-dump-468712652 data-indent-pad=\"  \"><span class=sf-dump-note>App\\Models\\Transaction</span> {<a class=sf-dump-ref>#1104</a><samp data-depth=1 class=sf-dump-expanded>
  #<span class=sf-dump-protected title=\"Protected property\">connection</span>: \"<span class=sf-dump-str title=\"6 characters\">sqlite</span>\"
  #<span class=sf-dump-protected title=\"Protected property\">table</span>: \"<span class=sf-dump-str title=\"12 characters\">transactions</span>\"
  #<span class=sf-dump-protected title=\"Protected property\">primaryKey</span>: \"<span class=sf-dump-str title=\"2 characters\">id</span>\"
  #<span class=sf-dump-protected title=\"Protected property\">keyType</span>: \"<span class=sf-dump-str title=\"3 characters\">int</span>\"
  +<span class=sf-dump-public title=\"Public property\">incrementing</span>: <span class=sf-dump-const>true</span>
  #<span class=sf-dump-protected title=\"Protected property\">with</span>: []
  #<span class=sf-dump-protected title=\"Protected property\">withCount</span>: []
  +<span class=sf-dump-public title=\"Public property\">preventsLazyLoading</span>: <span class=sf-dump-const>false</span>
  #<span class=sf-dump-protected title=\"Protected property\">perPage</span>: <span class=sf-dump-num>15</span>
  +<span class=sf-dump-public title=\"Public property\">exists</span>: <span class=sf-dump-const>true</span>
  +<span class=sf-dump-public title=\"Public property\">wasRecentlyCreated</span>: <span class=sf-dump-const>false</span>
  #<span class=sf-dump-protected title=\"Protected property\">escapeWhenCastingToString</span>: <span class=sf-dump-const>false</span>
  #<span class=sf-dump-protected title=\"Protected property\">attributes</span>: <span class=sf-dump-note>array:9</span> [<samp data-depth=2 class=sf-dump-compact>
    \"<span class=sf-dump-key>id</span>\" => <span class=sf-dump-num>1</span>
    \"<span class=sf-dump-key>item_id</span>\" => <span class=sf-dump-num>1</span>
    \"<span class=sf-dump-key>buyer_id</span>\" => <span class=sf-dump-num>2</span>
    \"<span class=sf-dump-key>seller_id</span>\" => <span class=sf-dump-num>1</span>
    \"<span class=sf-dump-key>amount</span>\" => <span class=sf-dump-num>12</span>
    \"<span class=sf-dump-key>status</span>\" => \"<span class=sf-dump-str title=\"9 characters\">completed</span>\"
    \"<span class=sf-dump-key>notes</span>\" => <span class=sf-dump-const>null</span>
    \"<span class=sf-dump-key>created_at</span>\" => \"<span class=sf-dump-str title=\"19 characters\">2026-05-05 06:22:04</span>\"
    \"<span class=sf-dump-key>updated_at</span>\" => \"<span class=sf-dump-str title=\"19 characters\">2026-05-05 06:22:35</span>\"
  </samp>]
  #<span class=sf-dump-protected title=\"Protected property\">original</span>: <span class=sf-dump-note>array:9</span> [<samp data-depth=2 class=sf-dump-compact>
    \"<span class=sf-dump-key>id</span>\" => <span class=sf-dump-num>1</span>
    \"<span class=sf-dump-key>item_id</span>\" => <span class=sf-dump-num>1</span>
    \"<span class=sf-dump-key>buyer_id</span>\" => <span class=sf-dump-num>2</span>
    \"<span class=sf-dump-key>seller_id</span>\" => <span class=sf-dump-num>1</span>
    \"<span class=sf-dump-key>amount</span>\" => <span class=sf-dump-num>12</span>
    \"<span class=sf-dump-key>status</span>\" => \"<span class=sf-dump-str title=\"9 characters\">completed</span>\"
    \"<span class=sf-dump-key>notes</span>\" => <span class=sf-dump-const>null</span>
    \"<span class=sf-dump-key>created_at</span>\" => \"<span class=sf-dump-str title=\"19 characters\">2026-05-05 06:22:04</span>\"
    \"<span class=sf-dump-key>updated_at</span>\" => \"<span class=sf-dump-str title=\"19 characters\">2026-05-05 06:22:35</span>\"
  </samp>]
  #<span class=sf-dump-protected title=\"Protected property\">changes</span>: []
  #<span class=sf-dump-protected title=\"Protected property\">casts</span>: <span class=sf-dump-note>array:1</span> [<samp data-depth=2 class=sf-dump-compact>
    \"<span class=sf-dump-key>amount</span>\" => \"<span class=sf-dump-str title=\"9 characters\">decimal:2</span>\"
  </samp>]
  #<span class=sf-dump-protected title=\"Protected property\">classCastCache</span>: []
  #<span class=sf-dump-protected title=\"Protected property\">attributeCastCache</span>: []
  #<span class=sf-dump-protected title=\"Protected property\">dateFormat</span>: <span class=sf-dump-const>null</span>
  #<span class=sf-dump-protected title=\"Protected property\">appends</span>: []
  #<span class=sf-dump-protected title=\"Protected property\">dispatchesEvents</span>: []
  #<span class=sf-dump-protected title=\"Protected property\">observables</span>: []
  #<span class=sf-dump-protected title=\"Protected property\">relations</span>: <span class=sf-dump-note>array:3</span> [<samp data-depth=2 class=sf-dump-compact>
    \"<span class=sf-dump-key>item</span>\" => <span class=\"sf-dump-note sf-dump-ellipsization\" title=\"App\\Models\\Item
\"><span class=\"sf-dump-ellipsis sf-dump-ellipsis-note\">App\\Models</span><span class=\"sf-dump-ellipsis sf-dump-ellipsis-note\">\\</span><span class=\"sf-dump-ellipsis-tail\">Item</span></span> {<a class=sf-dump-ref>#1130</a><samp data-depth=3 class=sf-dump-compact>
      #<span class=sf-dump-protected title=\"Protected property\">connection</span>: \"<span class=sf-dump-str title=\"6 characters\">sqlite</span>\"
      #<span class=sf-dump-protected title=\"Protected property\">table</span>: \"<span class=sf-dump-str title=\"5 characters\">items</span>\"
      #<span class=sf-dump-protected title=\"Protected property\">primaryKey</span>: \"<span class=sf-dump-str title=\"2 characters\">id</span>\"
      #<span class=sf-dump-protected title=\"Protected property\">keyType</span>: \"<span class=sf-dump-str title=\"3 characters\">int</span>\"
      +<span class=sf-dump-public title=\"Public property\">incrementing</span>: <span class=sf-dump-const>true</span>
      #<span class=sf-dump-protected title=\"Protected property\">with</span>: []
      #<span class=sf-dump-protected title=\"Protected property\">withCount</span>: []
      +<span class=sf-dump-public title=\"Public property\">preventsLazyLoading</span>: <span class=sf-dump-const>false</span>
      #<span class=sf-dump-protected title=\"Protected property\">perPage</span>: <span class=sf-dump-num>15</span>
      +<span class=sf-dump-public title=\"Public property\">exists</span>: <span class=sf-dump-const>true</span>
      +<span class=sf-dump-public title=\"Public property\">wasRecentlyCreated</span>: <span class=sf-dump-const>false</span>
      #<span class=sf-dump-protected title=\"Protected property\">escapeWhenCastingToString</span>: <span class=sf-dump-const>false</span>
      #<span class=sf-dump-protected title=\"Protected property\">attributes</span>: <span class=sf-dump-note>array:14</span> [ &#8230;14]
      #<span class=sf-dump-protected title=\"Protected property\">original</span>: <span class=sf-dump-note>array:14</span> [ &#8230;14]
      #<span class=sf-dump-protected title=\"Protected property\">changes</span>: []
      #<span class=sf-dump-protected title=\"Protected property\">casts</span>: <span class=sf-dump-note>array:3</span> [ &#8230;3]
      #<span class=sf-dump-protected title=\"Protected property\">classCastCache</span>: []
      #<span class=sf-dump-protected title=\"Protected property\">attributeCastCache</span>: []
      #<span class=sf-dump-protected title=\"Protected property\">dateFormat</span>: <span class=sf-dump-const>null</span>
      #<span class=sf-dump-protected title=\"Protected property\">appends</span>: []
      #<span class=sf-dump-protected title=\"Protected property\">dispatchesEvents</span>: []
      #<span class=sf-dump-protected title=\"Protected property\">observables</span>: []
      #<span class=sf-dump-protected title=\"Protected property\">relations</span>: <span class=sf-dump-note>array:1</span> [ &#8230;1]
      #<span class=sf-dump-protected title=\"Protected property\">touches</span>: []
      +<span class=sf-dump-public title=\"Public property\">timestamps</span>: <span class=sf-dump-const>true</span>
      +<span class=sf-dump-public title=\"Public property\">usesUniqueIds</span>: <span class=sf-dump-const>false</span>
      #<span class=sf-dump-protected title=\"Protected property\">hidden</span>: []
      #<span class=sf-dump-protected title=\"Protected property\">visible</span>: []
      #<span class=sf-dump-protected title=\"Protected property\">fillable</span>: <span class=sf-dump-note>array:10</span> [ &#8230;10]
      #<span class=sf-dump-protected title=\"Protected property\">guarded</span>: <span class=sf-dump-note>array:1</span> [ &#8230;1]
      #<span class=sf-dump-protected title=\"Protected property\">forceDeleting</span>: <span class=sf-dump-const>false</span>
    </samp>}
    \"<span class=sf-dump-key>buyer</span>\" => <span class=\"sf-dump-note sf-dump-ellipsization\" title=\"App\\Models\\User
\"><span class=\"sf-dump-ellipsis sf-dump-ellipsis-note\">App\\Models</span><span class=\"sf-dump-ellipsis sf-dump-ellipsis-note\">\\</span><span class=\"sf-dump-ellipsis-tail\">User</span></span> {<a class=sf-dump-ref>#1122</a><samp data-depth=3 class=sf-dump-compact>
      #<span class=sf-dump-protected title=\"Protected property\">connection</span>: \"<span class=sf-dump-str title=\"6 characters\">sqlite</span>\"
      #<span class=sf-dump-protected title=\"Protected property\">table</span>: \"<span class=sf-dump-str title=\"5 characters\">users</span>\"
      #<span class=sf-dump-protected title=\"Protected property\">primaryKey</span>: \"<span class=sf-dump-str title=\"2 characters\">id</span>\"
      #<span class=sf-dump-protected title=\"Protected property\">keyType</span>: \"<span class=sf-dump-str title=\"3 characters\">int</span>\"
      +<span class=sf-dump-public title=\"Public property\">incrementing</span>: <span class=sf-dump-const>true</span>
      #<span class=sf-dump-protected title=\"Protected property\">with</span>: []
      #<span class=sf-dump-protected title=\"Protected property\">withCount</span>: []
      +<span class=sf-dump-public title=\"Public property\">preventsLazyLoading</span>: <span class=sf-dump-const>false</span>
      #<span class=sf-dump-protected title=\"Protected property\">perPage</span>: <span class=sf-dump-num>15</span>
      +<span class=sf-dump-public title=\"Public property\">exists</span>: <span class=sf-dump-const>true</span>
      +<span class=sf-dump-public title=\"Public property\">wasRecentlyCreated</span>: <span class=sf-dump-const>false</span>
      #<span class=sf-dump-protected title=\"Protected property\">escapeWhenCastingToString</span>: <span class=sf-dump-const>false</span>
      #<span class=sf-dump-protected title=\"Protected property\">attributes</span>: <span class=sf-dump-note>array:16</span> [ &#8230;16]
      #<span class=sf-dump-protected title=\"Protected property\">original</span>: <span class=sf-dump-note>array:16</span> [ &#8230;16]
      #<span class=sf-dump-protected title=\"Protected property\">changes</span>: []
      #<span class=sf-dump-protected title=\"Protected property\">casts</span>: <span class=sf-dump-note>array:4</span> [ &#8230;4]
      #<span class=sf-dump-protected title=\"Protected property\">classCastCache</span>: []
      #<span class=sf-dump-protected title=\"Protected property\">attributeCastCache</span>: []
      #<span class=sf-dump-protected title=\"Protected property\">dateFormat</span>: <span class=sf-dump-const>null</span>
      #<span class=sf-dump-protected title=\"Protected property\">appends</span>: []
      #<span class=sf-dump-protected title=\"Protected property\">dispatchesEvents</span>: []
      #<span class=sf-dump-protected title=\"Protected property\">observables</span>: []
      #<span class=sf-dump-protected title=\"Protected property\">relations</span>: []
      #<span class=sf-dump-protected title=\"Protected property\">touches</span>: []
      +<span class=sf-dump-public title=\"Public property\">timestamps</span>: <span class=sf-dump-const>true</span>
      +<span class=sf-dump-public title=\"Public property\">usesUniqueIds</span>: <span class=sf-dump-const>false</span>
      #<span class=sf-dump-protected title=\"Protected property\">hidden</span>: <span class=sf-dump-note>array:2</span> [ &#8230;2]
      #<span class=sf-dump-protected title=\"Protected property\">visible</span>: []
      #<span class=sf-dump-protected title=\"Protected property\">fillable</span>: <span class=sf-dump-note>array:10</span> [ &#8230;10]
      #<span class=sf-dump-protected title=\"Protected property\">guarded</span>: <span class=sf-dump-note>array:1</span> [ &#8230;1]
      #<span class=sf-dump-protected title=\"Protected property\">rememberTokenName</span>: \"<span class=sf-dump-str title=\"14 characters\">remember_token</span>\"
      #<span class=sf-dump-protected title=\"Protected property\">accessToken</span>: <span class=sf-dump-const>null</span>
    </samp>}
    \"<span class=sf-dump-key>seller</span>\" => <span class=\"sf-dump-note sf-dump-ellipsization\" title=\"App\\Models\\User
\"><span class=\"sf-dump-ellipsis sf-dump-ellipsis-note\">App\\Models</span><span class=\"sf-dump-ellipsis sf-dump-ellipsis-note\">\\</span><span class=\"sf-dump-ellipsis-tail\">User</span></span> {<a class=sf-dump-ref>#1132</a><samp data-depth=3 class=sf-dump-compact>
      #<span class=sf-dump-protected title=\"Protected property\">connection</span>: \"<span class=sf-dump-str title=\"6 characters\">sqlite</span>\"
      #<span class=sf-dump-protected title=\"Protected property\">table</span>: \"<span class=sf-dump-str title=\"5 characters\">users</span>\"
      #<span class=sf-dump-protected title=\"Protected property\">primaryKey</span>: \"<span class=sf-dump-str title=\"2 characters\">id</span>\"
      #<span class=sf-dump-protected title=\"Protected property\">keyType</span>: \"<span class=sf-dump-str title=\"3 characters\">int</span>\"
      +<span class=sf-dump-public title=\"Public property\">incrementing</span>: <span class=sf-dump-const>true</span>
      #<span class=sf-dump-protected title=\"Protected property\">with</span>: []
      #<span class=sf-dump-protected title=\"Protected property\">withCount</span>: []
      +<span class=sf-dump-public title=\"Public property\">preventsLazyLoading</span>: <span class=sf-dump-const>false</span>
      #<span class=sf-dump-protected title=\"Protected property\">perPage</span>: <span class=sf-dump-num>15</span>
      +<span class=sf-dump-public title=\"Public property\">exists</span>: <span class=sf-dump-const>true</span>
      +<span class=sf-dump-public title=\"Public property\">wasRecentlyCreated</span>: <span class=sf-dump-const>false</span>
      #<span class=sf-dump-protected title=\"Protected property\">escapeWhenCastingToString</span>: <span class=sf-dump-const>false</span>
      #<span class=sf-dump-protected title=\"Protected property\">attributes</span>: <span class=sf-dump-note>array:16</span> [ &#8230;16]
      #<span class=sf-dump-protected title=\"Protected property\">original</span>: <span class=sf-dump-note>array:16</span> [ &#8230;16]
      #<span class=sf-dump-protected title=\"Protected property\">changes</span>: []
      #<span class=sf-dump-protected title=\"Protected property\">casts</span>: <span class=sf-dump-note>array:4</span> [ &#8230;4]
      #<span class=sf-dump-protected title=\"Protected property\">classCastCache</span>: []
      #<span class=sf-dump-protected title=\"Protected property\">attributeCastCache</span>: []
      #<span class=sf-dump-protected title=\"Protected property\">dateFormat</span>: <span class=sf-dump-const>null</span>
      #<span class=sf-dump-protected title=\"Protected property\">appends</span>: []
      #<span class=sf-dump-protected title=\"Protected property\">dispatchesEvents</span>: []
      #<span class=sf-dump-protected title=\"Protected property\">observables</span>: []
      #<span class=sf-dump-protected title=\"Protected property\">relations</span>: []
      #<span class=sf-dump-protected title=\"Protected property\">touches</span>: []
      +<span class=sf-dump-public title=\"Public property\">timestamps</span>: <span class=sf-dump-const>true</span>
      +<span class=sf-dump-public title=\"Public property\">usesUniqueIds</span>: <span class=sf-dump-const>false</span>
      #<span class=sf-dump-protected title=\"Protected property\">hidden</span>: <span class=sf-dump-note>array:2</span> [ &#8230;2]
      #<span class=sf-dump-protected title=\"Protected property\">visible</span>: []
      #<span class=sf-dump-protected title=\"Protected property\">fillable</span>: <span class=sf-dump-note>array:10</span> [ &#8230;10]
      #<span class=sf-dump-protected title=\"Protected property\">guarded</span>: <span class=sf-dump-note>array:1</span> [ &#8230;1]
      #<span class=sf-dump-protected title=\"Protected property\">rememberTokenName</span>: \"<span class=sf-dump-str title=\"14 characters\">remember_token</span>\"
      #<span class=sf-dump-protected title=\"Protected property\">accessToken</span>: <span class=sf-dump-const>null</span>
    </samp>}
  </samp>]
  #<span class=sf-dump-protected title=\"Protected property\">touches</span>: []
  +<span class=sf-dump-public title=\"Public property\">timestamps</span>: <span class=sf-dump-const>true</span>
  +<span class=sf-dump-public title=\"Public property\">usesUniqueIds</span>: <span class=sf-dump-const>false</span>
  #<span class=sf-dump-protected title=\"Protected property\">hidden</span>: []
  #<span class=sf-dump-protected title=\"Protected property\">visible</span>: []
  #<span class=sf-dump-protected title=\"Protected property\">fillable</span>: <span class=sf-dump-note>array:6</span> [<samp data-depth=2 class=sf-dump-compact>
    <span class=sf-dump-index>0</span> => \"<span class=sf-dump-str title=\"7 characters\">item_id</span>\"
    <span class=sf-dump-index>1</span> => \"<span class=sf-dump-str title=\"8 characters\">buyer_id</span>\"
    <span class=sf-dump-index>2</span> => \"<span class=sf-dump-str title=\"9 characters\">seller_id</span>\"
    <span class=sf-dump-index>3</span> => \"<span class=sf-dump-str title=\"6 characters\">amount</span>\"
    <span class=sf-dump-index>4</span> => \"<span class=sf-dump-str title=\"6 characters\">status</span>\"
    <span class=sf-dump-index>5</span> => \"<span class=sf-dump-str title=\"5 characters\">notes</span>\"
  </samp>]
  #<span class=sf-dump-protected title=\"Protected property\">guarded</span>: <span class=sf-dump-note>array:1</span> [<samp data-depth=2 class=sf-dump-compact>
    <span class=sf-dump-index>0</span> => \"<span class=sf-dump-str>*</span>\"
  </samp>]
</samp>}
</pre><script>Sfdump(\"sf-dump-468712652\", {\"maxDepth\":3,\"maxStringLength\":160})</script>
","loop":"<pre class=sf-dump id=sf-dump-589765218 data-indent-pad=\"  \"><span class=sf-dump-const>null</span>
</pre><script>Sfdump(\"sf-dump-589765218\", {\"maxDepth\":3,\"maxStringLength\":160})</script>
"}},"userId":1,"exception":"[object] (Spatie\\LaravelIgnition\\Exceptions\\ViewException(code: 0): Vite manifest not found at: C:\\Users\\nahid\\Downloads\\campus-connect-pro-complete-20-features-v2-fixed\\campus-connect-pro-complete\\public\\build/manifest.json at C:/Users/nahid/Downloads/campus-connect-pro-complete-20-features-v2-fixed/campus-connect-pro-complete/vendor/laravel/framework/src/Illuminate/Foundation/Vite.php:728)
[stacktrace]
#0 C:/Users/nahid/Downloads/campus-connect-pro-complete-20-features-v2-fixed/campus-connect-pro-complete/vendor/laravel/framework/src/Illuminate/Foundation/Vite.php(293): Illuminate/Foundation/Vite->manifest('build')
#1 C:/Users/nahid/Downloads/campus-connect-pro-complete-20-features-v2-fixed/campus-connect-pro-complete/resources/views/layouts/app.blade.php(8): Illuminate/Foundation/Vite->__invoke(Object(Illuminate/Support/Collection))
#2 C:/Users/nahid/Downloads/campus-connect-pro-complete-20-features-v2-fixed/campus-connect-pro-complete/vendor/laravel/framework/src/Illuminate/Filesystem/Filesystem.php(123): require('C://Users//nahid//...')
#3 C:/Users/nahid/Downloads/campus-connect-pro-complete-20-features-v2-fixed/campus-connect-pro-complete/vendor/laravel/framework/src/Illuminate/Filesystem/Filesystem.php(124): Illuminate/Filesystem/Filesystem::Illuminate/Filesystem/{closure}()
#4 C:/Users/nahid/Downloads/campus-connect-pro-complete-20-features-v2-fixed/campus-connect-pro-complete/vendor/laravel/framework/src/Illuminate/View/Engines/PhpEngine.php(58): Illuminate/Filesystem/Filesystem->getRequire('C://Users//nahid//...', Array)
#5 C:/Users/nahid/Downloads/campus-connect-pro-complete-20-features-v2-fixed/campus-connect-pro-complete/vendor/laravel/framework/src/Illuminate/View/Engines/CompilerEngine.php(72): Illuminate/View/Engines/PhpEngine->evaluatePath('C://Users//nahid//...', Array)
#6 C:/Users/nahid/Downloads/campus-connect-pro-complete-20-features-v2-fixed/campus-connect-pro-complete/vendor/laravel/framework/src/Illuminate/View/View.php(207): Illuminate/View/Engines/CompilerEngine->get('C://Users//nahid//...', Array)
#7 C:/Users/nahid/Downloads/campus-connect-pro-complete-20-features-v2-fixed/campus-connect-pro-complete/vendor/laravel/framework/src/Illuminate/View/View.php(190): Illuminate/View/View->getContents()
#8 C:/Users/nahid/Downloads/campus-connect-pro-complete-20-features-v2-fixed/campus-connect-pro-complete/vendor/laravel/framework/src/Illuminate/View/View.php(159): Illuminate/View/View->renderContents()
#9 C:/Users/nahid/Downloads/campus-connect-pro-complete-20-features-v2-fixed/campus-connect-pro-complete/resources/views/marketplace/transactions.blade.php(31): Illuminate/View/View->render()
#10 C:/Users/nahid/Downloads/campus-connect-pro-complete-20-features-v2-fixed/campus-connect-pro-complete/vendor/laravel/framework/src/Illuminate/Filesystem/Filesystem.php(123): require('C://Users//nahid//...')
#11 C:/Users/nahid/Downloads/campus-connect-pro-complete-20-features-v2-fixed/campus-connect-pro-complete/vendor/laravel/framework/src/Illuminate/Filesystem/Filesystem.php(124): Illuminate/Filesystem/Filesystem::Illuminate/Filesystem/{closure}()
#12 C:/Users/nahid/Downloads/campus-connect-pro-complete-20-features-v2-fixed/campus-connect-pro-complete/vendor/laravel/framework/src/Illuminate/View/Engines/PhpEngine.php(58): Illuminate/Filesystem/Filesystem->getRequire('C://Users//nahid//...', Array)
#13 C:/Users/nahid/Downloads/campus-connect-pro-complete-20-features-v2-fixed/campus-connect-pro-complete/vendor/laravel/framework/src/Illuminate/View/Engines/CompilerEngine.php(72): Illuminate/View/Engines/PhpEngine->evaluatePath('C://Users//nahid//...', Array)
#14 C:/Users/nahid/Downloads/campus-connect-pro-complete-20-features-v2-fixed/campus-connect-pro-complete/vendor/laravel/framework/src/Illuminate/View/View.php(207): Illuminate/View/Engines/CompilerEngine->get('C://Users//nahid//...', Array)
#15 C:/Users/nahid/Downloads/campus-connect-pro-complete-20-features-v2-fixed/campus-connect-pro-complete/vendor/laravel/framework/src/Illuminate/View/View.php(190): Illuminate/View/View->getContents()
#16 C:/Users/nahid/Downloads/campus-connect-pro-complete-20-features-v2-fixed/campus-connect-pro-complete/vendor/laravel/framework/src/Illuminate/View/View.php(159): Illuminate/View/View->renderContents()
#17 C:/Users/nahid/Downloads/campus-connect-pro-complete-20-features-v2-fixed/campus-connect-pro-complete/vendor/laravel/framework/src/Illuminate/Http/Response.php(69): Illuminate/View/View->render()
#18 C:/Users/nahid/Downloads/campus-connect-pro-complete-20-features-v2-fixed/campus-connect-pro-complete/vendor/laravel/framework/src/Illuminate/Http/Response.php(35): Illuminate/Http/Response->setContent(Object(Illuminate/View/View))
#19 C:/Users/nahid/Downloads/campus-connect-pro-complete-20-features-v2-fixed/campus-connect-pro-complete/vendor/laravel/framework/src/Illuminate/Routing/Router.php(918): Illuminate/Http/Response->__construct(Object(Illuminate/View/View), 200, Array)
#20 C:/Users/nahid/Downloads/campus-connect-pro-complete-20-features-v2-fixed/campus-connect-pro-complete/vendor/laravel/framework/src/Illuminate/Routing/Router.php(885): Illuminate/Routing/Router::toResponse(Object(Illuminate/Http/Request), Object(Illuminate/View/View))
#21 C:/Users/nahid/Downloads/campus-connect-pro-complete-20-features-v2-fixed/campus-connect-pro-complete/vendor/laravel/framework/src/Illuminate/Routing/Router.php(805): Illuminate/Routing/Router->prepareResponse(Object(Illuminate/Http/Request), Object(Illuminate/View/View))
#22 C:/Users/nahid/Downloads/campus-connect-pro-complete-20-features-v2-fixed/campus-connect-pro-complete/vendor/laravel/framework/src/Illuminate/Pipeline/Pipeline.php(144): Illuminate/Routing/Router->Illuminate/Routing/{closure}(Object(Illuminate/Http/Request))
#23 C:/Users/nahid/Downloads/campus-connect-pro-complete-20-features-v2-fixed/campus-connect-pro-complete/app/Http/Middleware/CheckSuspended.php(19): Illuminate/Pipeline/Pipeline->Illuminate/Pipeline/{closure}(Object(Illuminate/Http/Request))
#24 C:/Users/nahid/Downloads/campus-connect-pro-complete-20-features-v2-fixed/campus-connect-pro-complete/vendor/laravel/framework/src/Illuminate/Pipeline/Pipeline.php(183): App/Http/Middleware/CheckSuspended->handle(Object(Illuminate/Http/Request), Object(Closure))
#25 C:/Users/nahid/Downloads/campus-connect-pro-complete-20-features-v2-fixed/campus-connect-pro-complete/vendor/laravel/framework/src/Illuminate/Routing/Middleware/SubstituteBindings.php(50): Illuminate/Pipeline/Pipeline->Illuminate/Pipeline/{closure}(Object(Illuminate/Http/Request))
#26 C:/Users/nahid/Downloads/campus-connect-pro-complete-20-features-v2-fixed/campus-connect-pro-complete/vendor/laravel/framework/src/Illuminate/Pipeline/Pipeline.php(183): Illuminate/Routing/Middleware/SubstituteBindings->handle(Object(Illuminate/Http/Request), Object(Closure))
#27 C:/Users/nahid/Downloads/campus-connect-pro-complete-20-features-v2-fixed/campus-connect-pro-complete/vendor/laravel/framework/src/Illuminate/Auth/Middleware/Authenticate.php(57): Illuminate/Pipeline/Pipeline->Illuminate/Pipeline/{closure}(Object(Illuminate/Http/Request))
#28 C:/Users/nahid/Downloads/campus-connect-pro-complete-20-features-v2-fixed/campus-connect-pro-complete/vendor/laravel/framework/src/Illuminate/Pipeline/Pipeline.php(183): Illuminate/Auth/Middleware/Authenticate->handle(Object(Illuminate/Http/Request), Object(Closure))
#29 C:/Users/nahid/Downloads/campus-connect-pro-complete-20-features-v2-fixed/campus-connect-pro-complete/vendor/laravel/framework/src/Illuminate/Foundation/Http/Middleware/VerifyCsrfToken.php(78): Illuminate/Pipeline/Pipeline->Illuminate/Pipeline/{closure}(Object(Illuminate/Http/Request))
#30 C:/Users/nahid/Downloads/campus-connect-pro-complete-20-features-v2-fixed/campus-connect-pro-complete/vendor/laravel/framework/src/Illuminate/Pipeline/Pipeline.php(183): Illuminate/Foundation/Http/Middleware/VerifyCsrfToken->handle(Object(Illuminate/Http/Request), Object(Closure))
#31 C:/Users/nahid/Downloads/campus-connect-pro-complete-20-features-v2-fixed/campus-connect-pro-complete/vendor/laravel/framework/src/Illuminate/View/Middleware/ShareErrorsFromSession.php(49): Illuminate/Pipeline/Pipeline->Illuminate/Pipeline/{closure}(Object(Illuminate/Http/Request))
#32 C:/Users/nahid/Downloads/campus-connect-pro-complete-20-features-v2-fixed/campus-connect-pro-complete/vendor/laravel/framework/src/Illuminate/Pipeline/Pipeline.php(183): Illuminate/View/Middleware/ShareErrorsFromSession->handle(Object(Illuminate/Http/Request), Object(Closure))
#33 C:/Users/nahid/Downloads/campus-connect-pro-complete-20-features-v2-fixed/campus-connect-pro-complete/vendor/laravel/framework/src/Illuminate/Session/Middleware/StartSession.php(121): Illuminate/Pipeline/Pipeline->Illuminate/Pipeline/{closure}(Object(Illuminate/Http/Request))
#34 C:/Users/nahid/Downloads/campus-connect-pro-complete-20-features-v2-fixed/campus-connect-pro-complete/vendor/laravel/framework/src/Illuminate/Session/Middleware/StartSession.php(64): Illuminate/Session/Middleware/StartSession->handleStatefulRequest(Object(Illuminate/Http/Request), Object(Illuminate/Session/Store), Object(Closure))
#35 C:/Users/nahid/Downloads/campus-connect-pro-complete-20-features-v2-fixed/campus-connect-pro-complete/vendor/laravel/framework/src/Illuminate/Pipeline/Pipeline.php(183): Illuminate/Session/Middleware/StartSession->handle(Object(Illuminate/Http/Request), Object(Closure))
#36 C:/Users/nahid/Downloads/campus-connect-pro-complete-20-features-v2-fixed/campus-connect-pro-complete/vendor/laravel/framework/src/Illuminate/Cookie/Middleware/AddQueuedCookiesToResponse.php(37): Illuminate/Pipeline/Pipeline->Illuminate/Pipeline/{closure}(Object(Illuminate/Http/Request))
#37 C:/Users/nahid/Downloads/campus-connect-pro-complete-20-features-v2-fixed/campus-connect-pro-complete/vendor/laravel/framework/src/Illuminate/Pipeline/Pipeline.php(183): Illuminate/Cookie/Middleware/AddQueuedCookiesToResponse->handle(Object(Illuminate/Http/Request), Object(Closure))
#38 C:/Users/nahid/Downloads/campus-connect-pro-complete-20-features-v2-fixed/campus-connect-pro-complete/vendor/laravel/framework/src/Illuminate/Cookie/Middleware/EncryptCookies.php(67): Illuminate/Pipeline/Pipeline->Illuminate/Pipeline/{closure}(Object(Illuminate/Http/Request))
#39 C:/Users/nahid/Downloads/campus-connect-pro-complete-20-features-v2-fixed/campus-connect-pro-complete/vendor/laravel/framework/src/Illuminate/Pipeline/Pipeline.php(183): Illuminate/Cookie/Middleware/EncryptCookies->handle(Object(Illuminate/Http/Request), Object(Closure))
#40 C:/Users/nahid/Downloads/campus-connect-pro-complete-20-features-v2-fixed/campus-connect-pro-complete/vendor/laravel/framework/src/Illuminate/Pipeline/Pipeline.php(119): Illuminate/Pipeline/Pipeline->Illuminate/Pipeline/{closure}(Object(Illuminate/Http/Request))
#41 C:/Users/nahid/Downloads/campus-connect-pro-complete-20-features-v2-fixed/campus-connect-pro-complete/vendor/laravel/framework/src/Illuminate/Routing/Router.php(805): Illuminate/Pipeline/Pipeline->then(Object(Closure))
#42 C:/Users/nahid/Downloads/campus-connect-pro-complete-20-features-v2-fixed/campus-connect-pro-complete/vendor/laravel/framework/src/Illuminate/Routing/Router.php(784): Illuminate/Routing/Router->runRouteWithinStack(Object(Illuminate/Routing/Route), Object(Illuminate/Http/Request))
#43 C:/Users/nahid/Downloads/campus-connect-pro-complete-20-features-v2-fixed/campus-connect-pro-complete/vendor/laravel/framework/src/Illuminate/Routing/Router.php(748): Illuminate/Routing/Router->runRoute(Object(Illuminate/Http/Request), Object(Illuminate/Routing/Route))
#44 C:/Users/nahid/Downloads/campus-connect-pro-complete-20-features-v2-fixed/campus-connect-pro-complete/vendor/laravel/framework/src/Illuminate/Routing/Router.php(737): Illuminate/Routing/Router->dispatchToRoute(Object(Illuminate/Http/Request))
#45 C:/Users/nahid/Downloads/campus-connect-pro-complete-20-features-v2-fixed/campus-connect-pro-complete/vendor/laravel/framework/src/Illuminate/Foundation/Http/Kernel.php(200): Illuminate/Routing/Router->dispatch(Object(Illuminate/Http/Request))
#46 C:/Users/nahid/Downloads/campus-connect-pro-complete-20-features-v2-fixed/campus-connect-pro-complete/vendor/laravel/framework/src/Illuminate/Pipeline/Pipeline.php(144): Illuminate/Foundation/Http/Kernel->Illuminate/Foundation/Http/{closure}(Object(Illuminate/Http/Request))
#47 C:/Users/nahid/Downloads/campus-connect-pro-complete-20-features-v2-fixed/campus-connect-pro-complete/vendor/laravel/framework/src/Illuminate/Foundation/Http/Middleware/TransformsRequest.php(21): Illuminate/Pipeline/Pipeline->Illuminate/Pipeline/{closure}(Object(Illuminate/Http/Request))
#48 C:/Users/nahid/Downloads/campus-connect-pro-complete-20-features-v2-fixed/campus-connect-pro-complete/vendor/laravel/framework/src/Illuminate/Foundation/Http/Middleware/ConvertEmptyStringsToNull.php(31): Illuminate/Foundation/Http/Middleware/TransformsRequest->handle(Object(Illuminate/Http/Request), Object(Closure))
#49 C:/Users/nahid/Downloads/campus-connect-pro-complete-20-features-v2-fixed/campus-connect-pro-complete/vendor/laravel/framework/src/Illuminate/Pipeline/Pipeline.php(183): Illuminate/Foundation/Http/Middleware/ConvertEmptyStringsToNull->handle(Object(Illuminate/Http/Request), Object(Closure))
#50 C:/Users/nahid/Downloads/campus-connect-pro-complete-20-features-v2-fixed/campus-connect-pro-complete/vendor/laravel/framework/src/Illuminate/Foundation/Http/Middleware/TransformsRequest.php(21): Illuminate/Pipeline/Pipeline->Illuminate/Pipeline/{closure}(Object(Illuminate/Http/Request))
#51 C:/Users/nahid/Downloads/campus-connect-pro-complete-20-features-v2-fixed/campus-connect-pro-complete/vendor/laravel/framework/src/Illuminate/Foundation/Http/Middleware/TrimStrings.php(40): Illuminate/Foundation/Http/Middleware/TransformsRequest->handle(Object(Illuminate/Http/Request), Object(Closure))
#52 C:/Users/nahid/Downloads/campus-connect-pro-complete-20-features-v2-fixed/campus-connect-pro-complete/vendor/laravel/framework/src/Illuminate/Pipeline/Pipeline.php(183): Illuminate/Foundation/Http/Middleware/TrimStrings->handle(Object(Illuminate/Http/Request), Object(Closure))
#53 C:/Users/nahid/Downloads/campus-connect-pro-complete-20-features-v2-fixed/campus-connect-pro-complete/vendor/laravel/framework/src/Illuminate/Foundation/Http/Middleware/ValidatePostSize.php(27): Illuminate/Pipeline/Pipeline->Illuminate/Pipeline/{closure}(Object(Illuminate/Http/Request))
#54 C:/Users/nahid/Downloads/campus-connect-pro-complete-20-features-v2-fixed/campus-connect-pro-complete/vendor/laravel/framework/src/Illuminate/Pipeline/Pipeline.php(183): Illuminate/Foundation/Http/Middleware/ValidatePostSize->handle(Object(Illuminate/Http/Request), Object(Closure))
#55 C:/Users/nahid/Downloads/campus-connect-pro-complete-20-features-v2-fixed/campus-connect-pro-complete/vendor/laravel/framework/src/Illuminate/Http/Middleware/HandleCors.php(49): Illuminate/Pipeline/Pipeline->Illuminate/Pipeline/{closure}(Object(Illuminate/Http/Request))
#56 C:/Users/nahid/Downloads/campus-connect-pro-complete-20-features-v2-fixed/campus-connect-pro-complete/vendor/laravel/framework/src/Illuminate/Pipeline/Pipeline.php(183): Illuminate/Http/Middleware/HandleCors->handle(Object(Illuminate/Http/Request), Object(Closure))
#57 C:/Users/nahid/Downloads/campus-connect-pro-complete-20-features-v2-fixed/campus-connect-pro-complete/vendor/laravel/framework/src/Illuminate/Pipeline/Pipeline.php(119): Illuminate/Pipeline/Pipeline->Illuminate/Pipeline/{closure}(Object(Illuminate/Http/Request))
#58 C:/Users/nahid/Downloads/campus-connect-pro-complete-20-features-v2-fixed/campus-connect-pro-complete/vendor/laravel/framework/src/Illuminate/Foundation/Http/Kernel.php(175): Illuminate/Pipeline/Pipeline->then(Object(Closure))
#59 C:/Users/nahid/Downloads/campus-connect-pro-complete-20-features-v2-fixed/campus-connect-pro-complete/vendor/laravel/framework/src/Illuminate/Foundation/Http/Kernel.php(144): Illuminate/Foundation/Http/Kernel->sendRequestThroughRouter(Object(Illuminate/Http/Request))
#60 C:/Users/nahid/Downloads/campus-connect-pro-complete-20-features-v2-fixed/campus-connect-pro-complete/public/index.php(20): Illuminate/Foundation/Http/Kernel->handle(Object(Illuminate/Http/Request))
#61 C:/Users/nahid/Downloads/campus-connect-pro-complete-20-features-v2-fixed/campus-connect-pro-complete/vendor/laravel/framework/src/Illuminate/Foundation/resources/server.php(16): require_once('C://Users//nahid//...')
#62 {main}

[previous exception] [object] (Illuminate\\Foundation\\ViteManifestNotFoundException(code: 0): Vite manifest not found at: C:\\Users\\nahid\\Downloads\\campus-connect-pro-complete-20-features-v2-fixed\\campus-connect-pro-complete\\public\\build/manifest.json at C:/Users/nahid/Downloads/campus-connect-pro-complete-20-features-v2-fixed/campus-connect-pro-complete/vendor/laravel/framework/src/Illuminate/Foundation/Vite.php:728)
[stacktrace]
#0 C:/Users/nahid/Downloads/campus-connect-pro-complete-20-features-v2-fixed/campus-connect-pro-complete/vendor/laravel/framework/src/Illuminate/Foundation/Vite.php(293): Illuminate/Foundation/Vite->manifest('build')
#1 C:/Users/nahid/Downloads/campus-connect-pro-complete-20-features-v2-fixed/campus-connect-pro-complete/storage/framework/views/f843f0d21115e5ee3330c38cf6a86bb5.php(8): Illuminate/Foundation/Vite->__invoke(Object(Illuminate/Support/Collection))
#2 C:/Users/nahid/Downloads/campus-connect-pro-complete-20-features-v2-fixed/campus-connect-pro-complete/vendor/laravel/framework/src/Illuminate/Filesystem/Filesystem.php(123): require('C://Users//nahid//...')
#3 C:/Users/nahid/Downloads/campus-connect-pro-complete-20-features-v2-fixed/campus-connect-pro-complete/vendor/laravel/framework/src/Illuminate/Filesystem/Filesystem.php(124): Illuminate/Filesystem/Filesystem::Illuminate/Filesystem/{closure}()
#4 C:/Users/nahid/Downloads/campus-connect-pro-complete-20-features-v2-fixed/campus-connect-pro-complete/vendor/laravel/framework/src/Illuminate/View/Engines/PhpEngine.php(58): Illuminate/Filesystem/Filesystem->getRequire('C://Users//nahid//...', Array)
#5 C:/Users/nahid/Downloads/campus-connect-pro-complete-20-features-v2-fixed/campus-connect-pro-complete/vendor/laravel/framework/src/Illuminate/View/Engines/CompilerEngine.php(72): Illuminate/View/Engines/PhpEngine->evaluatePath('C://Users//nahid//...', Array)
#6 C:/Users/nahid/Downloads/campus-connect-pro-complete-20-features-v2-fixed/campus-connect-pro-complete/vendor/laravel/framework/src/Illuminate/View/View.php(207): Illuminate/View/Engines/CompilerEngine->get('C://Users//nahid//...', Array)
#7 C:/Users/nahid/Downloads/campus-connect-pro-complete-20-features-v2-fixed/campus-connect-pro-complete/vendor/laravel/framework/src/Illuminate/View/View.php(190): Illuminate/View/View->getContents()
#8 C:/Users/nahid/Downloads/campus-connect-pro-complete-20-features-v2-fixed/campus-connect-pro-complete/vendor/laravel/framework/src/Illuminate/View/View.php(159): Illuminate/View/View->renderContents()
#9 C:/Users/nahid/Downloads/campus-connect-pro-complete-20-features-v2-fixed/campus-connect-pro-complete/storage/framework/views/e8b8d7d973507c520ab66199b44d1b2e.php(33): Illuminate/View/View->render()
#10 C:/Users/nahid/Downloads/campus-connect-pro-complete-20-features-v2-fixed/campus-connect-pro-complete/vendor/laravel/framework/src/Illuminate/Filesystem/Filesystem.php(123): require('C://Users//nahid//...')
#11 C:/Users/nahid/Downloads/campus-connect-pro-complete-20-features-v2-fixed/campus-connect-pro-complete/vendor/laravel/framework/src/Illuminate/Filesystem/Filesystem.php(124): Illuminate/Filesystem/Filesystem::Illuminate/Filesystem/{closure}()
#12 C:/Users/nahid/Downloads/campus-connect-pro-complete-20-features-v2-fixed/campus-connect-pro-complete/vendor/laravel/framework/src/Illuminate/View/Engines/PhpEngine.php(58): Illuminate/Filesystem/Filesystem->getRequire('C://Users//nahid//...', Array)
#13 C:/Users/nahid/Downloads/campus-connect-pro-complete-20-features-v2-fixed/campus-connect-pro-complete/vendor/laravel/framework/src/Illuminate/View/Engines/CompilerEngine.php(72): Illuminate/View/Engines/PhpEngine->evaluatePath('C://Users//nahid//...', Array)
#14 C:/Users/nahid/Downloads/campus-connect-pro-complete-20-features-v2-fixed/campus-connect-pro-complete/vendor/laravel/framework/src/Illuminate/View/View.php(207): Illuminate/View/Engines/CompilerEngine->get('C://Users//nahid//...', Array)
#15 C:/Users/nahid/Downloads/campus-connect-pro-complete-20-features-v2-fixed/campus-connect-pro-complete/vendor/laravel/framework/src/Illuminate/View/View.php(190): Illuminate/View/View->getContents()
#16 C:/Users/nahid/Downloads/campus-connect-pro-complete-20-features-v2-fixed/campus-connect-pro-complete/vendor/laravel/framework/src/Illuminate/View/View.php(159): Illuminate/View/View->renderContents()
#17 C:/Users/nahid/Downloads/campus-connect-pro-complete-20-features-v2-fixed/campus-connect-pro-complete/vendor/laravel/framework/src/Illuminate/Http/Response.php(69): Illuminate/View/View->render()
#18 C:/Users/nahid/Downloads/campus-connect-pro-complete-20-features-v2-fixed/campus-connect-pro-complete/vendor/laravel/framework/src/Illuminate/Http/Response.php(35): Illuminate/Http/Response->setContent(Object(Illuminate/View/View))
#19 C:/Users/nahid/Downloads/campus-connect-pro-complete-20-features-v2-fixed/campus-connect-pro-complete/vendor/laravel/framework/src/Illuminate/Routing/Router.php(918): Illuminate/Http/Response->__construct(Object(Illuminate/View/View), 200, Array)
#20 C:/Users/nahid/Downloads/campus-connect-pro-complete-20-features-v2-fixed/campus-connect-pro-complete/vendor/laravel/framework/src/Illuminate/Routing/Router.php(885): Illuminate/Routing/Router::toResponse(Object(Illuminate/Http/Request), Object(Illuminate/View/View))
#21 C:/Users/nahid/Downloads/campus-connect-pro-complete-20-features-v2-fixed/campus-connect-pro-complete/vendor/laravel/framework/src/Illuminate/Routing/Router.php(805): Illuminate/Routing/Router->prepareResponse(Object(Illuminate/Http/Request), Object(Illuminate/View/View))
#22 C:/Users/nahid/Downloads/campus-connect-pro-complete-20-features-v2-fixed/campus-connect-pro-complete/vendor/laravel/framework/src/Illuminate/Pipeline/Pipeline.php(144): Illuminate/Routing/Router->Illuminate/Routing/{closure}(Object(Illuminate/Http/Request))
#23 C:/Users/nahid/Downloads/campus-connect-pro-complete-20-features-v2-fixed/campus-connect-pro-complete/app/Http/Middleware/CheckSuspended.php(19): Illuminate/Pipeline/Pipeline->Illuminate/Pipeline/{closure}(Object(Illuminate/Http/Request))
#24 C:/Users/nahid/Downloads/campus-connect-pro-complete-20-features-v2-fixed/campus-connect-pro-complete/vendor/laravel/framework/src/Illuminate/Pipeline/Pipeline.php(183): App/Http/Middleware/CheckSuspended->handle(Object(Illuminate/Http/Request), Object(Closure))
#25 C:/Users/nahid/Downloads/campus-connect-pro-complete-20-features-v2-fixed/campus-connect-pro-complete/vendor/laravel/framework/src/Illuminate/Routing/Middleware/SubstituteBindings.php(50): Illuminate/Pipeline/Pipeline->Illuminate/Pipeline/{closure}(Object(Illuminate/Http/Request))
#26 C:/Users/nahid/Downloads/campus-connect-pro-complete-20-features-v2-fixed/campus-connect-pro-complete/vendor/laravel/framework/src/Illuminate/Pipeline/Pipeline.php(183): Illuminate/Routing/Middleware/SubstituteBindings->handle(Object(Illuminate/Http/Request), Object(Closure))
#27 C:/Users/nahid/Downloads/campus-connect-pro-complete-20-features-v2-fixed/campus-connect-pro-complete/vendor/laravel/framework/src/Illuminate/Auth/Middleware/Authenticate.php(57): Illuminate/Pipeline/Pipeline->Illuminate/Pipeline/{closure}(Object(Illuminate/Http/Request))
#28 C:/Users/nahid/Downloads/campus-connect-pro-complete-20-features-v2-fixed/campus-connect-pro-complete/vendor/laravel/framework/src/Illuminate/Pipeline/Pipeline.php(183): Illuminate/Auth/Middleware/Authenticate->handle(Object(Illuminate/Http/Request), Object(Closure))
#29 C:/Users/nahid/Downloads/campus-connect-pro-complete-20-features-v2-fixed/campus-connect-pro-complete/vendor/laravel/framework/src/Illuminate/Foundation/Http/Middleware/VerifyCsrfToken.php(78): Illuminate/Pipeline/Pipeline->Illuminate/Pipeline/{closure}(Object(Illuminate/Http/Request))
#30 C:/Users/nahid/Downloads/campus-connect-pro-complete-20-features-v2-fixed/campus-connect-pro-complete/vendor/laravel/framework/src/Illuminate/Pipeline/Pipeline.php(183): Illuminate/Foundation/Http/Middleware/VerifyCsrfToken->handle(Object(Illuminate/Http/Request), Object(Closure))
#31 C:/Users/nahid/Downloads/campus-connect-pro-complete-20-features-v2-fixed/campus-connect-pro-complete/vendor/laravel/framework/src/Illuminate/View/Middleware/ShareErrorsFromSession.php(49): Illuminate/Pipeline/Pipeline->Illuminate/Pipeline/{closure}(Object(Illuminate/Http/Request))
#32 C:/Users/nahid/Downloads/campus-connect-pro-complete-20-features-v2-fixed/campus-connect-pro-complete/vendor/laravel/framework/src/Illuminate/Pipeline/Pipeline.php(183): Illuminate/View/Middleware/ShareErrorsFromSession->handle(Object(Illuminate/Http/Request), Object(Closure))
#33 C:/Users/nahid/Downloads/campus-connect-pro-complete-20-features-v2-fixed/campus-connect-pro-complete/vendor/laravel/framework/src/Illuminate/Session/Middleware/StartSession.php(121): Illuminate/Pipeline/Pipeline->Illuminate/Pipeline/{closure}(Object(Illuminate/Http/Request))
#34 C:/Users/nahid/Downloads/campus-connect-pro-complete-20-features-v2-fixed/campus-connect-pro-complete/vendor/laravel/framework/src/Illuminate/Session/Middleware/StartSession.php(64): Illuminate/Session/Middleware/StartSession->handleStatefulRequest(Object(Illuminate/Http/Request), Object(Illuminate/Session/Store), Object(Closure))
#35 C:/Users/nahid/Downloads/campus-connect-pro-complete-20-features-v2-fixed/campus-connect-pro-complete/vendor/laravel/framework/src/Illuminate/Pipeline/Pipeline.php(183): Illuminate/Session/Middleware/StartSession->handle(Object(Illuminate/Http/Request), Object(Closure))
#36 C:/Users/nahid/Downloads/campus-connect-pro-complete-20-features-v2-fixed/campus-connect-pro-complete/vendor/laravel/framework/src/Illuminate/Cookie/Middleware/AddQueuedCookiesToResponse.php(37): Illuminate/Pipeline/Pipeline->Illuminate/Pipeline/{closure}(Object(Illuminate/Http/Request))
#37 C:/Users/nahid/Downloads/campus-connect-pro-complete-20-features-v2-fixed/campus-connect-pro-complete/vendor/laravel/framework/src/Illuminate/Pipeline/Pipeline.php(183): Illuminate/Cookie/Middleware/AddQueuedCookiesToResponse->handle(Object(Illuminate/Http/Request), Object(Closure))
#38 C:/Users/nahid/Downloads/campus-connect-pro-complete-20-features-v2-fixed/campus-connect-pro-complete/vendor/laravel/framework/src/Illuminate/Cookie/Middleware/EncryptCookies.php(67): Illuminate/Pipeline/Pipeline->Illuminate/Pipeline/{closure}(Object(Illuminate/Http/Request))
#39 C:/Users/nahid/Downloads/campus-connect-pro-complete-20-features-v2-fixed/campus-connect-pro-complete/vendor/laravel/framework/src/Illuminate/Pipeline/Pipeline.php(183): Illuminate/Cookie/Middleware/EncryptCookies->handle(Object(Illuminate/Http/Request), Object(Closure))
#40 C:/Users/nahid/Downloads/campus-connect-pro-complete-20-features-v2-fixed/campus-connect-pro-complete/vendor/laravel/framework/src/Illuminate/Pipeline/Pipeline.php(119): Illuminate/Pipeline/Pipeline->Illuminate/Pipeline/{closure}(Object(Illuminate/Http/Request))
#41 C:/Users/nahid/Downloads/campus-connect-pro-complete-20-features-v2-fixed/campus-connect-pro-complete/vendor/laravel/framework/src/Illuminate/Routing/Router.php(805): Illuminate/Pipeline/Pipeline->then(Object(Closure))
#42 C:/Users/nahid/Downloads/campus-connect-pro-complete-20-features-v2-fixed/campus-connect-pro-complete/vendor/laravel/framework/src/Illuminate/Routing/Router.php(784): Illuminate/Routing/Router->runRouteWithinStack(Object(Illuminate/Routing/Route), Object(Illuminate/Http/Request))
#43 C:/Users/nahid/Downloads/campus-connect-pro-complete-20-features-v2-fixed/campus-connect-pro-complete/vendor/laravel/framework/src/Illuminate/Routing/Router.php(748): Illuminate/Routing/Router->runRoute(Object(Illuminate/Http/Request), Object(Illuminate/Routing/Route))
#44 C:/Users/nahid/Downloads/campus-connect-pro-complete-20-features-v2-fixed/campus-connect-pro-complete/vendor/laravel/framework/src/Illuminate/Routing/Router.php(737): Illuminate/Routing/Router->dispatchToRoute(Object(Illuminate/Http/Request))
#45 C:/Users/nahid/Downloads/campus-connect-pro-complete-20-features-v2-fixed/campus-connect-pro-complete/vendor/laravel/framework/src/Illuminate/Foundation/Http/Kernel.php(200): Illuminate/Routing/Router->dispatch(Object(Illuminate/Http/Request))
#46 C:/Users/nahid/Downloads/campus-connect-pro-complete-20-features-v2-fixed/campus-connect-pro-complete/vendor/laravel/framework/src/Illuminate/Pipeline/Pipeline.php(144): Illuminate/Foundation/Http/Kernel->Illuminate/Foundation/Http/{closure}(Object(Illuminate/Http/Request))
#47 C:/Users/nahid/Downloads/campus-connect-pro-complete-20-features-v2-fixed/campus-connect-pro-complete/vendor/laravel/framework/src/Illuminate/Foundation/Http/Middleware/TransformsRequest.php(21): Illuminate/Pipeline/Pipeline->Illuminate/Pipeline/{closure}(Object(Illuminate/Http/Request))
#48 C:/Users/nahid/Downloads/campus-connect-pro-complete-20-features-v2-fixed/campus-connect-pro-complete/vendor/laravel/framework/src/Illuminate/Foundation/Http/Middleware/ConvertEmptyStringsToNull.php(31): Illuminate/Foundation/Http/Middleware/TransformsRequest->handle(Object(Illuminate/Http/Request), Object(Closure))
#49 C:/Users/nahid/Downloads/campus-connect-pro-complete-20-features-v2-fixed/campus-connect-pro-complete/vendor/laravel/framework/src/Illuminate/Pipeline/Pipeline.php(183): Illuminate/Foundation/Http/Middleware/ConvertEmptyStringsToNull->handle(Object(Illuminate/Http/Request), Object(Closure))
#50 C:/Users/nahid/Downloads/campus-connect-pro-complete-20-features-v2-fixed/campus-connect-pro-complete/vendor/laravel/framework/src/Illuminate/Foundation/Http/Middleware/TransformsRequest.php(21): Illuminate/Pipeline/Pipeline->Illuminate/Pipeline/{closure}(Object(Illuminate/Http/Request))
#51 C:/Users/nahid/Downloads/campus-connect-pro-complete-20-features-v2-fixed/campus-connect-pro-complete/vendor/laravel/framework/src/Illuminate/Foundation/Http/Middleware/TrimStrings.php(40): Illuminate/Foundation/Http/Middleware/TransformsRequest->handle(Object(Illuminate/Http/Request), Object(Closure))
#52 C:/Users/nahid/Downloads/campus-connect-pro-complete-20-features-v2-fixed/campus-connect-pro-complete/vendor/laravel/framework/src/Illuminate/Pipeline/Pipeline.php(183): Illuminate/Foundation/Http/Middleware/TrimStrings->handle(Object(Illuminate/Http/Request), Object(Closure))
#53 C:/Users/nahid/Downloads/campus-connect-pro-complete-20-features-v2-fixed/campus-connect-pro-complete/vendor/laravel/framework/src/Illuminate/Foundation/Http/Middleware/ValidatePostSize.php(27): Illuminate/Pipeline/Pipeline->Illuminate/Pipeline/{closure}(Object(Illuminate/Http/Request))
#54 C:/Users/nahid/Downloads/campus-connect-pro-complete-20-features-v2-fixed/campus-connect-pro-complete/vendor/laravel/framework/src/Illuminate/Pipeline/Pipeline.php(183): Illuminate/Foundation/Http/Middleware/ValidatePostSize->handle(Object(Illuminate/Http/Request), Object(Closure))
#55 C:/Users/nahid/Downloads/campus-connect-pro-complete-20-features-v2-fixed/campus-connect-pro-complete/vendor/laravel/framework/src/Illuminate/Http/Middleware/HandleCors.php(49): Illuminate/Pipeline/Pipeline->Illuminate/Pipeline/{closure}(Object(Illuminate/Http/Request))
#56 C:/Users/nahid/Downloads/campus-connect-pro-complete-20-features-v2-fixed/campus-connect-pro-complete/vendor/laravel/framework/src/Illuminate/Pipeline/Pipeline.php(183): Illuminate/Http/Middleware/HandleCors->handle(Object(Illuminate/Http/Request), Object(Closure))
#57 C:/Users/nahid/Downloads/campus-connect-pro-complete-20-features-v2-fixed/campus-connect-pro-complete/vendor/laravel/framework/src/Illuminate/Pipeline/Pipeline.php(119): Illuminate/Pipeline/Pipeline->Illuminate/Pipeline/{closure}(Object(Illuminate/Http/Request))
#58 C:/Users/nahid/Downloads/campus-connect-pro-complete-20-features-v2-fixed/campus-connect-pro-complete/vendor/laravel/framework/src/Illuminate/Foundation/Http/Kernel.php(175): Illuminate/Pipeline/Pipeline->then(Object(Closure))
#59 C:/Users/nahid/Downloads/campus-connect-pro-complete-20-features-v2-fixed/campus-connect-pro-complete/vendor/laravel/framework/src/Illuminate/Foundation/Http/Kernel.php(144): Illuminate/Foundation/Http/Kernel->sendRequestThroughRouter(Object(Illuminate/Http/Request))
#60 C:/Users/nahid/Downloads/campus-connect-pro-complete-20-features-v2-fixed/campus-connect-pro-complete/public/index.php(20): Illuminate/Foundation/Http/Kernel->handle(Object(Illuminate/Http/Request))
#61 C:/Users/nahid/Downloads/campus-connect-pro-complete-20-features-v2-fixed/campus-connect-pro-complete/vendor/laravel/framework/src/Illuminate/Foundation/resources/server.php(16): require_once('C://Users//nahid//...')
#62 {main}
"} 
[2026-05-05 07:39:31] laravel.EMERGENCY: Unable to create configured logger. Using emergency logger. {"exception":"[object] (InvalidArgumentException(code: 0): Log [] is not defined. at C:/Users/nahid/Downloads/campus-connect-pro-complete-20-features-v2-fixed/campus-connect-pro-complete/vendor/laravel/framework/src/Illuminate/Log/LogManager.php:212)
[stacktrace]
#0 C:/Users/nahid/Downloads/campus-connect-pro-complete-20-features-v2-fixed/campus-connect-pro-complete/vendor/laravel/framework/src/Illuminate/Log/LogManager.php(137): Illuminate/Log/LogManager->resolve(NULL, NULL)
#1 C:/Users/nahid/Downloads/campus-connect-pro-complete-20-features-v2-fixed/campus-connect-pro-complete/vendor/laravel/framework/src/Illuminate/Log/LogManager.php(124): Illuminate/Log/LogManager->get(NULL)
#2 C:/Users/nahid/Downloads/campus-connect-pro-complete-20-features-v2-fixed/campus-connect-pro-complete/vendor/laravel/framework/src/Illuminate/Log/LogManager.php(681): Illuminate/Log/LogManager->driver()
#3 C:/Users/nahid/Downloads/campus-connect-pro-complete-20-features-v2-fixed/campus-connect-pro-complete/vendor/laravel/framework/src/Illuminate/Foundation/Exceptions/Handler.php(317): Illuminate/Log/LogManager->error('Vite manifest n...', Array)
#4 C:/Users/nahid/Downloads/campus-connect-pro-complete-20-features-v2-fixed/campus-connect-pro-complete/vendor/laravel/framework/src/Illuminate/Foundation/Exceptions/Handler.php(278): Illuminate/Foundation/Exceptions/Handler->reportThrowable(Object(Spatie/LaravelIgnition/Exceptions/ViewException))
#5 C:/Users/nahid/Downloads/campus-connect-pro-complete-20-features-v2-fixed/campus-connect-pro-complete/vendor/laravel/framework/src/Illuminate/Routing/Pipeline.php(49): Illuminate/Foundation/Exceptions/Handler->report(Object(Spatie/LaravelIgnition/Exceptions/ViewException))
#6 C:/Users/nahid/Downloads/campus-connect-pro-complete-20-features-v2-fixed/campus-connect-pro-complete/vendor/laravel/framework/src/Illuminate/Pipeline/Pipeline.php(146): Illuminate/Routing/Pipeline->handleException(Object(Illuminate/Http/Request), Object(Illuminate/View/ViewException))
#7 C:/Users/nahid/Downloads/campus-connect-pro-complete-20-features-v2-fixed/campus-connect-pro-complete/app/Http/Middleware/CheckSuspended.php(19): Illuminate/Pipeline/Pipeline->Illuminate/Pipeline/{closure}(Object(Illuminate/Http/Request))
#8 C:/Users/nahid/Downloads/campus-connect-pro-complete-20-features-v2-fixed/campus-connect-pro-complete/vendor/laravel/framework/src/Illuminate/Pipeline/Pipeline.php(183): App/Http/Middleware/CheckSuspended->handle(Object(Illuminate/Http/Request), Object(Closure))
#9 C:/Users/nahid/Downloads/campus-connect-pro-complete-20-features-v2-fixed/campus-connect-pro-complete/vendor/laravel/framework/src/Illuminate/Routing/Middleware/SubstituteBindings.php(50): Illuminate/Pipeline/Pipeline->Illuminate/Pipeline/{closure}(Object(Illuminate/Http/Request))
#10 C:/Users/nahid/Downloads/campus-connect-pro-complete-20-features-v2-fixed/campus-connect-pro-complete/vendor/laravel/framework/src/Illuminate/Pipeline/Pipeline.php(183): Illuminate/Routing/Middleware/SubstituteBindings->handle(Object(Illuminate/Http/Request), Object(Closure))
#11 C:/Users/nahid/Downloads/campus-connect-pro-complete-20-features-v2-fixed/campus-connect-pro-complete/vendor/laravel/framework/src/Illuminate/Auth/Middleware/Authenticate.php(57): Illuminate/Pipeline/Pipeline->Illuminate/Pipeline/{closure}(Object(Illuminate/Http/Request))
#12 C:/Users/nahid/Downloads/campus-connect-pro-complete-20-features-v2-fixed/campus-connect-pro-complete/vendor/laravel/framework/src/Illuminate/Pipeline/Pipeline.php(183): Illuminate/Auth/Middleware/Authenticate->handle(Object(Illuminate/Http/Request), Object(Closure))
#13 C:/Users/nahid/Downloads/campus-connect-pro-complete-20-features-v2-fixed/campus-connect-pro-complete/vendor/laravel/framework/src/Illuminate/Foundation/Http/Middleware/VerifyCsrfToken.php(78): Illuminate/Pipeline/Pipeline->Illuminate/Pipeline/{closure}(Object(Illuminate/Http/Request))
#14 C:/Users/nahid/Downloads/campus-connect-pro-complete-20-features-v2-fixed/campus-connect-pro-complete/vendor/laravel/framework/src/Illuminate/Pipeline/Pipeline.php(183): Illuminate/Foundation/Http/Middleware/VerifyCsrfToken->handle(Object(Illuminate/Http/Request), Object(Closure))
#15 C:/Users/nahid/Downloads/campus-connect-pro-complete-20-features-v2-fixed/campus-connect-pro-complete/vendor/laravel/framework/src/Illuminate/View/Middleware/ShareErrorsFromSession.php(49): Illuminate/Pipeline/Pipeline->Illuminate/Pipeline/{closure}(Object(Illuminate/Http/Request))
#16 C:/Users/nahid/Downloads/campus-connect-pro-complete-20-features-v2-fixed/campus-connect-pro-complete/vendor/laravel/framework/src/Illuminate/Pipeline/Pipeline.php(183): Illuminate/View/Middleware/ShareErrorsFromSession->handle(Object(Illuminate/Http/Request), Object(Closure))
#17 C:/Users/nahid/Downloads/campus-connect-pro-complete-20-features-v2-fixed/campus-connect-pro-complete/vendor/laravel/framework/src/Illuminate/Session/Middleware/StartSession.php(121): Illuminate/Pipeline/Pipeline->Illuminate/Pipeline/{closure}(Object(Illuminate/Http/Request))
#18 C:/Users/nahid/Downloads/campus-connect-pro-complete-20-features-v2-fixed/campus-connect-pro-complete/vendor/laravel/framework/src/Illuminate/Session/Middleware/StartSession.php(64): Illuminate/Session/Middleware/StartSession->handleStatefulRequest(Object(Illuminate/Http/Request), Object(Illuminate/Session/Store), Object(Closure))
#19 C:/Users/nahid/Downloads/campus-connect-pro-complete-20-features-v2-fixed/campus-connect-pro-complete/vendor/laravel/framework/src/Illuminate/Pipeline/Pipeline.php(183): Illuminate/Session/Middleware/StartSession->handle(Object(Illuminate/Http/Request), Object(Closure))
#20 C:/Users/nahid/Downloads/campus-connect-pro-complete-20-features-v2-fixed/campus-connect-pro-complete/vendor/laravel/framework/src/Illuminate/Cookie/Middleware/AddQueuedCookiesToResponse.php(37): Illuminate/Pipeline/Pipeline->Illuminate/Pipeline/{closure}(Object(Illuminate/Http/Request))
#21 C:/Users/nahid/Downloads/campus-connect-pro-complete-20-features-v2-fixed/campus-connect-pro-complete/vendor/laravel/framework/src/Illuminate/Pipeline/Pipeline.php(183): Illuminate/Cookie/Middleware/AddQueuedCookiesToResponse->handle(Object(Illuminate/Http/Request), Object(Closure))
#22 C:/Users/nahid/Downloads/campus-connect-pro-complete-20-features-v2-fixed/campus-connect-pro-complete/vendor/laravel/framework/src/Illuminate/Cookie/Middleware/EncryptCookies.php(67): Illuminate/Pipeline/Pipeline->Illuminate/Pipeline/{closure}(Object(Illuminate/Http/Request))
#23 C:/Users/nahid/Downloads/campus-connect-pro-complete-20-features-v2-fixed/campus-connect-pro-complete/vendor/laravel/framework/src/Illuminate/Pipeline/Pipeline.php(183): Illuminate/Cookie/Middleware/EncryptCookies->handle(Object(Illuminate/Http/Request), Object(Closure))
#24 C:/Users/nahid/Downloads/campus-connect-pro-complete-20-features-v2-fixed/campus-connect-pro-complete/vendor/laravel/framework/src/Illuminate/Pipeline/Pipeline.php(119): Illuminate/Pipeline/Pipeline->Illuminate/Pipeline/{closure}(Object(Illuminate/Http/Request))
#25 C:/Users/nahid/Downloads/campus-connect-pro-complete-20-features-v2-fixed/campus-connect-pro-complete/vendor/laravel/framework/src/Illuminate/Routing/Router.php(805): Illuminate/Pipeline/Pipeline->then(Object(Closure))
#26 C:/Users/nahid/Downloads/campus-connect-pro-complete-20-features-v2-fixed/campus-connect-pro-complete/vendor/laravel/framework/src/Illuminate/Routing/Router.php(784): Illuminate/Routing/Router->runRouteWithinStack(Object(Illuminate/Routing/Route), Object(Illuminate/Http/Request))
#27 C:/Users/nahid/Downloads/campus-connect-pro-complete-20-features-v2-fixed/campus-connect-pro-complete/vendor/laravel/framework/src/Illuminate/Routing/Router.php(748): Illuminate/Routing/Router->runRoute(Object(Illuminate/Http/Request), Object(Illuminate/Routing/Route))
#28 C:/Users/nahid/Downloads/campus-connect-pro-complete-20-features-v2-fixed/campus-connect-pro-complete/vendor/laravel/framework/src/Illuminate/Routing/Router.php(737): Illuminate/Routing/Router->dispatchToRoute(Object(Illuminate/Http/Request))
#29 C:/Users/nahid/Downloads/campus-connect-pro-complete-20-features-v2-fixed/campus-connect-pro-complete/vendor/laravel/framework/src/Illuminate/Foundation/Http/Kernel.php(200): Illuminate/Routing/Router->dispatch(Object(Illuminate/Http/Request))
#30 C:/Users/nahid/Downloads/campus-connect-pro-complete-20-features-v2-fixed/campus-connect-pro-complete/vendor/laravel/framework/src/Illuminate/Pipeline/Pipeline.php(144): Illuminate/Foundation/Http/Kernel->Illuminate/Foundation/Http/{closure}(Object(Illuminate/Http/Request))
#31 C:/Users/nahid/Downloads/campus-connect-pro-complete-20-features-v2-fixed/campus-connect-pro-complete/vendor/laravel/framework/src/Illuminate/Foundation/Http/Middleware/TransformsRequest.php(21): Illuminate/Pipeline/Pipeline->Illuminate/Pipeline/{closure}(Object(Illuminate/Http/Request))
#32 C:/Users/nahid/Downloads/campus-connect-pro-complete-20-features-v2-fixed/campus-connect-pro-complete/vendor/laravel/framework/src/Illuminate/Foundation/Http/Middleware/ConvertEmptyStringsToNull.php(31): Illuminate/Foundation/Http/Middleware/TransformsRequest->handle(Object(Illuminate/Http/Request), Object(Closure))
#33 C:/Users/nahid/Downloads/campus-connect-pro-complete-20-features-v2-fixed/campus-connect-pro-complete/vendor/laravel/framework/src/Illuminate/Pipeline/Pipeline.php(183): Illuminate/Foundation/Http/Middleware/ConvertEmptyStringsToNull->handle(Object(Illuminate/Http/Request), Object(Closure))
#34 C:/Users/nahid/Downloads/campus-connect-pro-complete-20-features-v2-fixed/campus-connect-pro-complete/vendor/laravel/framework/src/Illuminate/Foundation/Http/Middleware/TransformsRequest.php(21): Illuminate/Pipeline/Pipeline->Illuminate/Pipeline/{closure}(Object(Illuminate/Http/Request))
#35 C:/Users/nahid/Downloads/campus-connect-pro-complete-20-features-v2-fixed/campus-connect-pro-complete/vendor/laravel/framework/src/Illuminate/Foundation/Http/Middleware/TrimStrings.php(40): Illuminate/Foundation/Http/Middleware/TransformsRequest->handle(Object(Illuminate/Http/Request), Object(Closure))
#36 C:/Users/nahid/Downloads/campus-connect-pro-complete-20-features-v2-fixed/campus-connect-pro-complete/vendor/laravel/framework/src/Illuminate/Pipeline/Pipeline.php(183): Illuminate/Foundation/Http/Middleware/TrimStrings->handle(Object(Illuminate/Http/Request), Object(Closure))
#37 C:/Users/nahid/Downloads/campus-connect-pro-complete-20-features-v2-fixed/campus-connect-pro-complete/vendor/laravel/framework/src/Illuminate/Foundation/Http/Middleware/ValidatePostSize.php(27): Illuminate/Pipeline/Pipeline->Illuminate/Pipeline/{closure}(Object(Illuminate/Http/Request))
#38 C:/Users/nahid/Downloads/campus-connect-pro-complete-20-features-v2-fixed/campus-connect-pro-complete/vendor/laravel/framework/src/Illuminate/Pipeline/Pipeline.php(183): Illuminate/Foundation/Http/Middleware/ValidatePostSize->handle(Object(Illuminate/Http/Request), Object(Closure))
#39 C:/Users/nahid/Downloads/campus-connect-pro-complete-20-features-v2-fixed/campus-connect-pro-complete/vendor/laravel/framework/src/Illuminate/Http/Middleware/HandleCors.php(49): Illuminate/Pipeline/Pipeline->Illuminate/Pipeline/{closure}(Object(Illuminate/Http/Request))
#40 C:/Users/nahid/Downloads/campus-connect-pro-complete-20-features-v2-fixed/campus-connect-pro-complete/vendor/laravel/framework/src/Illuminate/Pipeline/Pipeline.php(183): Illuminate/Http/Middleware/HandleCors->handle(Object(Illuminate/Http/Request), Object(Closure))
#41 C:/Users/nahid/Downloads/campus-connect-pro-complete-20-features-v2-fixed/campus-connect-pro-complete/vendor/laravel/framework/src/Illuminate/Pipeline/Pipeline.php(119): Illuminate/Pipeline/Pipeline->Illuminate/Pipeline/{closure}(Object(Illuminate/Http/Request))
#42 C:/Users/nahid/Downloads/campus-connect-pro-complete-20-features-v2-fixed/campus-connect-pro-complete/vendor/laravel/framework/src/Illuminate/Foundation/Http/Kernel.php(175): Illuminate/Pipeline/Pipeline->then(Object(Closure))
#43 C:/Users/nahid/Downloads/campus-connect-pro-complete-20-features-v2-fixed/campus-connect-pro-complete/vendor/laravel/framework/src/Illuminate/Foundation/Http/Kernel.php(144): Illuminate/Foundation/Http/Kernel->sendRequestThroughRouter(Object(Illuminate/Http/Request))
#44 C:/Users/nahid/Downloads/campus-connect-pro-complete-20-features-v2-fixed/campus-connect-pro-complete/public/index.php(20): Illuminate/Foundation/Http/Kernel->handle(Object(Illuminate/Http/Request))
#45 C:/Users/nahid/Downloads/campus-connect-pro-complete-20-features-v2-fixed/campus-connect-pro-complete/vendor/laravel/framework/src/Illuminate/Foundation/resources/server.php(16): require_once('C://Users//nahid//...')
#46 {main}
"} 
[2026-05-05 07:39:31] laravel.ERROR: Vite manifest not found at: C:\Users\nahid\Downloads\campus-connect-pro-complete-20-features-v2-fixed\campus-connect-pro-complete\public\build/manifest.json {"view":{"view":"C:\\Users\\nahid\\Downloads\\campus-connect-pro-complete-20-features-v2-fixed\\campus-connect-pro-complete\\resources\\views\\layouts\\app.blade.php","data":{"errors":"<pre class=sf-dump id=sf-dump-355437625 data-indent-pad=\"  \"><span class=sf-dump-note>Illuminate\\Support\\ViewErrorBag</span> {<a class=sf-dump-ref>#361</a><samp data-depth=1 class=sf-dump-expanded>
  #<span class=sf-dump-protected title=\"Protected property\">bags</span>: []
</samp>}
</pre><script>Sfdump(\"sf-dump-355437625\", {\"maxDepth\":3,\"maxStringLength\":160})</script>
","myListings":"<pre class=sf-dump id=sf-dump-379173787 data-indent-pad=\"  \"><span class=sf-dump-note>Illuminate\\Database\\Eloquent\\Collection</span> {<a class=sf-dump-ref>#1100</a><samp data-depth=1 class=sf-dump-expanded>
  #<span class=sf-dump-protected title=\"Protected property\">items</span>: <span class=sf-dump-note>array:2</span> [<samp data-depth=2 class=sf-dump-compact>
    <span class=sf-dump-index>0</span> => <span class=\"sf-dump-note sf-dump-ellipsization\" title=\"App\\Models\\Item
\"><span class=\"sf-dump-ellipsis sf-dump-ellipsis-note\">App\\Models</span><span class=\"sf-dump-ellipsis sf-dump-ellipsis-note\">\\</span><span class=\"sf-dump-ellipsis-tail\">Item</span></span> {<a class=sf-dump-ref>#1098</a><samp data-depth=3 class=sf-dump-compact>
      #<span class=sf-dump-protected title=\"Protected property\">connection</span>: \"<span class=sf-dump-str title=\"6 characters\">sqlite</span>\"
      #<span class=sf-dump-protected title=\"Protected property\">table</span>: \"<span class=sf-dump-str title=\"5 characters\">items</span>\"
      #<span class=sf-dump-protected title=\"Protected property\">primaryKey</span>: \"<span class=sf-dump-str title=\"2 characters\">id</span>\"
      #<span class=sf-dump-protected title=\"Protected property\">keyType</span>: \"<span class=sf-dump-str title=\"3 characters\">int</span>\"
      +<span class=sf-dump-public title=\"Public property\">incrementing</span>: <span class=sf-dump-const>true</span>
      #<span class=sf-dump-protected title=\"Protected property\">with</span>: []
      #<span class=sf-dump-protected title=\"Protected property\">withCount</span>: []
      +<span class=sf-dump-public title=\"Public property\">preventsLazyLoading</span>: <span class=sf-dump-const>false</span>
      #<span class=sf-dump-protected title=\"Protected property\">perPage</span>: <span class=sf-dump-num>15</span>
      +<span class=sf-dump-public title=\"Public property\">exists</span>: <span class=sf-dump-const>true</span>
      +<span class=sf-dump-public title=\"Public property\">wasRecentlyCreated</span>: <span class=sf-dump-const>false</span>
      #<span class=sf-dump-protected title=\"Protected property\">escapeWhenCastingToString</span>: <span class=sf-dump-const>false</span>
      #<span class=sf-dump-protected title=\"Protected property\">attributes</span>: <span class=sf-dump-note>array:15</span> [ &#8230;15]
      #<span class=sf-dump-protected title=\"Protected property\">original</span>: <span class=sf-dump-note>array:15</span> [ &#8230;15]
      #<span class=sf-dump-protected title=\"Protected property\">changes</span>: []
      #<span class=sf-dump-protected title=\"Protected property\">casts</span>: <span class=sf-dump-note>array:3</span> [ &#8230;3]
      #<span class=sf-dump-protected title=\"Protected property\">classCastCache</span>: []
      #<span class=sf-dump-protected title=\"Protected property\">attributeCastCache</span>: []
      #<span class=sf-dump-protected title=\"Protected property\">dateFormat</span>: <span class=sf-dump-const>null</span>
      #<span class=sf-dump-protected title=\"Protected property\">appends</span>: []
      #<span class=sf-dump-protected title=\"Protected property\">dispatchesEvents</span>: []
      #<span class=sf-dump-protected title=\"Protected property\">observables</span>: []
      #<span class=sf-dump-protected title=\"Protected property\">relations</span>: []
      #<span class=sf-dump-protected title=\"Protected property\">touches</span>: []
      +<span class=sf-dump-public title=\"Public property\">timestamps</span>: <span class=sf-dump-const>true</span>
      +<span class=sf-dump-public title=\"Public property\">usesUniqueIds</span>: <span class=sf-dump-const>false</span>
      #<span class=sf-dump-protected title=\"Protected property\">hidden</span>: []
      #<span class=sf-dump-protected title=\"Protected property\">visible</span>: []
      #<span class=sf-dump-protected title=\"Protected property\">fillable</span>: <span class=sf-dump-note>array:10</span> [ &#8230;10]
      #<span class=sf-dump-protected title=\"Protected property\">guarded</span>: <span class=sf-dump-note>array:1</span> [ &#8230;1]
      #<span class=sf-dump-protected title=\"Protected property\">forceDeleting</span>: <span class=sf-dump-const>false</span>
    </samp>}
    <span class=sf-dump-index>1</span> => <span class=\"sf-dump-note sf-dump-ellipsization\" title=\"App\\Models\\Item
\"><span class=\"sf-dump-ellipsis sf-dump-ellipsis-note\">App\\Models</span><span class=\"sf-dump-ellipsis sf-dump-ellipsis-note\">\\</span><span class=\"sf-dump-ellipsis-tail\">Item</span></span> {<a class=sf-dump-ref>#1101</a><samp data-depth=3 class=sf-dump-compact>
      #<span class=sf-dump-protected title=\"Protected property\">connection</span>: \"<span class=sf-dump-str title=\"6 characters\">sqlite</span>\"
      #<span class=sf-dump-protected title=\"Protected property\">table</span>: \"<span class=sf-dump-str title=\"5 characters\">items</span>\"
      #<span class=sf-dump-protected title=\"Protected property\">primaryKey</span>: \"<span class=sf-dump-str title=\"2 characters\">id</span>\"
      #<span class=sf-dump-protected title=\"Protected property\">keyType</span>: \"<span class=sf-dump-str title=\"3 characters\">int</span>\"
      +<span class=sf-dump-public title=\"Public property\">incrementing</span>: <span class=sf-dump-const>true</span>
      #<span class=sf-dump-protected title=\"Protected property\">with</span>: []
      #<span class=sf-dump-protected title=\"Protected property\">withCount</span>: []
      +<span class=sf-dump-public title=\"Public property\">preventsLazyLoading</span>: <span class=sf-dump-const>false</span>
      #<span class=sf-dump-protected title=\"Protected property\">perPage</span>: <span class=sf-dump-num>15</span>
      +<span class=sf-dump-public title=\"Public property\">exists</span>: <span class=sf-dump-const>true</span>
      +<span class=sf-dump-public title=\"Public property\">wasRecentlyCreated</span>: <span class=sf-dump-const>false</span>
      #<span class=sf-dump-protected title=\"Protected property\">escapeWhenCastingToString</span>: <span class=sf-dump-const>false</span>
      #<span class=sf-dump-protected title=\"Protected property\">attributes</span>: <span class=sf-dump-note>array:15</span> [ &#8230;15]
      #<span class=sf-dump-protected title=\"Protected property\">original</span>: <span class=sf-dump-note>array:15</span> [ &#8230;15]
      #<span class=sf-dump-protected title=\"Protected property\">changes</span>: []
      #<span class=sf-dump-protected title=\"Protected property\">casts</span>: <span class=sf-dump-note>array:3</span> [ &#8230;3]
      #<span class=sf-dump-protected title=\"Protected property\">classCastCache</span>: []
      #<span class=sf-dump-protected title=\"Protected property\">attributeCastCache</span>: []
      #<span class=sf-dump-protected title=\"Protected property\">dateFormat</span>: <span class=sf-dump-const>null</span>
      #<span class=sf-dump-protected title=\"Protected property\">appends</span>: []
      #<span class=sf-dump-protected title=\"Protected property\">dispatchesEvents</span>: []
      #<span class=sf-dump-protected title=\"Protected property\">observables</span>: []
      #<span class=sf-dump-protected title=\"Protected property\">relations</span>: []
      #<span class=sf-dump-protected title=\"Protected property\">touches</span>: []
      +<span class=sf-dump-public title=\"Public property\">timestamps</span>: <span class=sf-dump-const>true</span>
      +<span class=sf-dump-public title=\"Public property\">usesUniqueIds</span>: <span class=sf-dump-const>false</span>
      #<span class=sf-dump-protected title=\"Protected property\">hidden</span>: []
      #<span class=sf-dump-protected title=\"Protected property\">visible</span>: []
      #<span class=sf-dump-protected title=\"Protected property\">fillable</span>: <span class=sf-dump-note>array:10</span> [ &#8230;10]
      #<span class=sf-dump-protected title=\"Protected property\">guarded</span>: <span class=sf-dump-note>array:1</span> [ &#8230;1]
      #<span class=sf-dump-protected title=\"Protected property\">forceDeleting</span>: <span class=sf-dump-const>false</span>
    </samp>}
  </samp>]
  #<span class=sf-dump-protected title=\"Protected property\">escapeWhenCastingToString</span>: <span class=sf-dump-const>false</span>
</samp>}
</pre><script>Sfdump(\"sf-dump-379173787\", {\"maxDepth\":3,\"maxStringLength\":160})</script>
","recentTransactions":"<pre class=sf-dump id=sf-dump-1925927485 data-indent-pad=\"  \"><span class=sf-dump-note>Illuminate\\Database\\Eloquent\\Collection</span> {<a class=sf-dump-ref>#1089</a><samp data-depth=1 class=sf-dump-expanded>
  #<span class=sf-dump-protected title=\"Protected property\">items</span>: <span class=sf-dump-note>array:2</span> [<samp data-depth=2 class=sf-dump-compact>
    <span class=sf-dump-index>0</span> => <span class=\"sf-dump-note sf-dump-ellipsization\" title=\"App\\Models\\Transaction
\"><span class=\"sf-dump-ellipsis sf-dump-ellipsis-note\">App\\Models</span><span class=\"sf-dump-ellipsis sf-dump-ellipsis-note\">\\</span><span class=\"sf-dump-ellipsis-tail\">Transaction</span></span> {<a class=sf-dump-ref>#1093</a><samp data-depth=3 class=sf-dump-compact>
      #<span class=sf-dump-protected title=\"Protected property\">connection</span>: \"<span class=sf-dump-str title=\"6 characters\">sqlite</span>\"
      #<span class=sf-dump-protected title=\"Protected property\">table</span>: \"<span class=sf-dump-str title=\"12 characters\">transactions</span>\"
      #<span class=sf-dump-protected title=\"Protected property\">primaryKey</span>: \"<span class=sf-dump-str title=\"2 characters\">id</span>\"
      #<span class=sf-dump-protected title=\"Protected property\">keyType</span>: \"<span class=sf-dump-str title=\"3 characters\">int</span>\"
      +<span class=sf-dump-public title=\"Public property\">incrementing</span>: <span class=sf-dump-const>true</span>
      #<span class=sf-dump-protected title=\"Protected property\">with</span>: []
      #<span class=sf-dump-protected title=\"Protected property\">withCount</span>: []
      +<span class=sf-dump-public title=\"Public property\">preventsLazyLoading</span>: <span class=sf-dump-const>false</span>
      #<span class=sf-dump-protected title=\"Protected property\">perPage</span>: <span class=sf-dump-num>15</span>
      +<span class=sf-dump-public title=\"Public property\">exists</span>: <span class=sf-dump-const>true</span>
      +<span class=sf-dump-public title=\"Public property\">wasRecentlyCreated</span>: <span class=sf-dump-const>false</span>
      #<span class=sf-dump-protected title=\"Protected property\">escapeWhenCastingToString</span>: <span class=sf-dump-const>false</span>
      #<span class=sf-dump-protected title=\"Protected property\">attributes</span>: <span class=sf-dump-note>array:9</span> [ &#8230;9]
      #<span class=sf-dump-protected title=\"Protected property\">original</span>: <span class=sf-dump-note>array:9</span> [ &#8230;9]
      #<span class=sf-dump-protected title=\"Protected property\">changes</span>: []
      #<span class=sf-dump-protected title=\"Protected property\">casts</span>: <span class=sf-dump-note>array:1</span> [ &#8230;1]
      #<span class=sf-dump-protected title=\"Protected property\">classCastCache</span>: []
      #<span class=sf-dump-protected title=\"Protected property\">attributeCastCache</span>: []
      #<span class=sf-dump-protected title=\"Protected property\">dateFormat</span>: <span class=sf-dump-const>null</span>
      #<span class=sf-dump-protected title=\"Protected property\">appends</span>: []
      #<span class=sf-dump-protected title=\"Protected property\">dispatchesEvents</span>: []
      #<span class=sf-dump-protected title=\"Protected property\">observables</span>: []
      #<span class=sf-dump-protected title=\"Protected property\">relations</span>: <span class=sf-dump-note>array:3</span> [ &#8230;3]
      #<span class=sf-dump-protected title=\"Protected property\">touches</span>: []
      +<span class=sf-dump-public title=\"Public property\">timestamps</span>: <span class=sf-dump-const>true</span>
      +<span class=sf-dump-public title=\"Public property\">usesUniqueIds</span>: <span class=sf-dump-const>false</span>
      #<span class=sf-dump-protected title=\"Protected property\">hidden</span>: []
      #<span class=sf-dump-protected title=\"Protected property\">visible</span>: []
      #<span class=sf-dump-protected title=\"Protected property\">fillable</span>: <span class=sf-dump-note>array:6</span> [ &#8230;6]
      #<span class=sf-dump-protected title=\"Protected property\">guarded</span>: <span class=sf-dump-note>array:1</span> [ &#8230;1]
    </samp>}
    <span class=sf-dump-index>1</span> => <span class=\"sf-dump-note sf-dump-ellipsization\" title=\"App\\Models\\Transaction
\"><span class=\"sf-dump-ellipsis sf-dump-ellipsis-note\">App\\Models</span><span class=\"sf-dump-ellipsis sf-dump-ellipsis-note\">\\</span><span class=\"sf-dump-ellipsis-tail\">Transaction</span></span> {<a class=sf-dump-ref>#1096</a><samp data-depth=3 class=sf-dump-compact>
      #<span class=sf-dump-protected title=\"Protected property\">connection</span>: \"<span class=sf-dump-str title=\"6 characters\">sqlite</span>\"
      #<span class=sf-dump-protected title=\"Protected property\">table</span>: \"<span class=sf-dump-str title=\"12 characters\">transactions</span>\"
      #<span class=sf-dump-protected title=\"Protected property\">primaryKey</span>: \"<span class=sf-dump-str title=\"2 characters\">id</span>\"
      #<span class=sf-dump-protected title=\"Protected property\">keyType</span>: \"<span class=sf-dump-str title=\"3 characters\">int</span>\"
      +<span class=sf-dump-public title=\"Public property\">incrementing</span>: <span class=sf-dump-const>true</span>
      #<span class=sf-dump-protected title=\"Protected property\">with</span>: []
      #<span class=sf-dump-protected title=\"Protected property\">withCount</span>: []
      +<span class=sf-dump-public title=\"Public property\">preventsLazyLoading</span>: <span class=sf-dump-const>false</span>
      #<span class=sf-dump-protected title=\"Protected property\">perPage</span>: <span class=sf-dump-num>15</span>
      +<span class=sf-dump-public title=\"Public property\">exists</span>: <span class=sf-dump-const>true</span>
      +<span class=sf-dump-public title=\"Public property\">wasRecentlyCreated</span>: <span class=sf-dump-const>false</span>
      #<span class=sf-dump-protected title=\"Protected property\">escapeWhenCastingToString</span>: <span class=sf-dump-const>false</span>
      #<span class=sf-dump-protected title=\"Protected property\">attributes</span>: <span class=sf-dump-note>array:9</span> [ &#8230;9]
      #<span class=sf-dump-protected title=\"Protected property\">original</span>: <span class=sf-dump-note>array:9</span> [ &#8230;9]
      #<span class=sf-dump-protected title=\"Protected property\">changes</span>: []
      #<span class=sf-dump-protected title=\"Protected property\">casts</span>: <span class=sf-dump-note>array:1</span> [ &#8230;1]
      #<span class=sf-dump-protected title=\"Protected property\">classCastCache</span>: []
      #<span class=sf-dump-protected title=\"Protected property\">attributeCastCache</span>: []
      #<span class=sf-dump-protected title=\"Protected property\">dateFormat</span>: <span class=sf-dump-const>null</span>
      #<span class=sf-dump-protected title=\"Protected property\">appends</span>: []
      #<span class=sf-dump-protected title=\"Protected property\">dispatchesEvents</span>: []
      #<span class=sf-dump-protected title=\"Protected property\">observables</span>: []
      #<span class=sf-dump-protected title=\"Protected property\">relations</span>: <span class=sf-dump-note>array:3</span> [ &#8230;3]
      #<span class=sf-dump-protected title=\"Protected property\">touches</span>: []
      +<span class=sf-dump-public title=\"Public property\">timestamps</span>: <span class=sf-dump-const>true</span>
      +<span class=sf-dump-public title=\"Public property\">usesUniqueIds</span>: <span class=sf-dump-const>false</span>
      #<span class=sf-dump-protected title=\"Protected property\">hidden</span>: []
      #<span class=sf-dump-protected title=\"Protected property\">visible</span>: []
      #<span class=sf-dump-protected title=\"Protected property\">fillable</span>: <span class=sf-dump-note>array:6</span> [ &#8230;6]
      #<span class=sf-dump-protected title=\"Protected property\">guarded</span>: <span class=sf-dump-note>array:1</span> [ &#8230;1]
    </samp>}
  </samp>]
  #<span class=sf-dump-protected title=\"Protected property\">escapeWhenCastingToString</span>: <span class=sf-dump-const>false</span>
</samp>}
</pre><script>Sfdump(\"sf-dump-1925927485\", {\"maxDepth\":3,\"maxStringLength\":160})</script>
","stats":"<pre class=sf-dump id=sf-dump-458492234 data-indent-pad=\"  \"><span class=sf-dump-note>array:5</span> [<samp data-depth=1 class=sf-dump-expanded>
  \"<span class=sf-dump-key>active_listings</span>\" => <span class=sf-dump-num>0</span>
  \"<span class=sf-dump-key>total_sales</span>\" => <span class=sf-dump-num>2</span>
  \"<span class=sf-dump-key>total_purchases</span>\" => <span class=sf-dump-num>0</span>
  \"<span class=sf-dump-key>karma_points</span>\" => <span class=sf-dump-num>29</span>
  \"<span class=sf-dump-key>unread_messages</span>\" => <span class=sf-dump-num>0</span>
</samp>]
</pre><script>Sfdump(\"sf-dump-458492234\", {\"maxDepth\":3,\"maxStringLength\":160})</script>
","unreadMessages":"<pre class=sf-dump id=sf-dump-546684952 data-indent-pad=\"  \"><span class=sf-dump-note>Illuminate\\Database\\Eloquent\\Collection</span> {<a class=sf-dump-ref>#1087</a><samp data-depth=1 class=sf-dump-expanded>
  #<span class=sf-dump-protected title=\"Protected property\">items</span>: []
  #<span class=sf-dump-protected title=\"Protected property\">escapeWhenCastingToString</span>: <span class=sf-dump-const>false</span>
</samp>}
</pre><script>Sfdump(\"sf-dump-546684952\", {\"maxDepth\":3,\"maxStringLength\":160})</script>
","__currentLoopData":"<pre class=sf-dump id=sf-dump-1706104091 data-indent-pad=\"  \"><span class=sf-dump-note>Illuminate\\Database\\Eloquent\\Collection</span> {<a class=sf-dump-ref>#1089</a><samp data-depth=1 class=sf-dump-expanded>
  #<span class=sf-dump-protected title=\"Protected property\">items</span>: <span class=sf-dump-note>array:2</span> [<samp data-depth=2 class=sf-dump-compact>
    <span class=sf-dump-index>0</span> => <span class=\"sf-dump-note sf-dump-ellipsization\" title=\"App\\Models\\Transaction
\"><span class=\"sf-dump-ellipsis sf-dump-ellipsis-note\">App\\Models</span><span class=\"sf-dump-ellipsis sf-dump-ellipsis-note\">\\</span><span class=\"sf-dump-ellipsis-tail\">Transaction</span></span> {<a class=sf-dump-ref>#1093</a><samp data-depth=3 class=sf-dump-compact>
      #<span class=sf-dump-protected title=\"Protected property\">connection</span>: \"<span class=sf-dump-str title=\"6 characters\">sqlite</span>\"
      #<span class=sf-dump-protected title=\"Protected property\">table</span>: \"<span class=sf-dump-str title=\"12 characters\">transactions</span>\"
      #<span class=sf-dump-protected title=\"Protected property\">primaryKey</span>: \"<span class=sf-dump-str title=\"2 characters\">id</span>\"
      #<span class=sf-dump-protected title=\"Protected property\">keyType</span>: \"<span class=sf-dump-str title=\"3 characters\">int</span>\"
      +<span class=sf-dump-public title=\"Public property\">incrementing</span>: <span class=sf-dump-const>true</span>
      #<span class=sf-dump-protected title=\"Protected property\">with</span>: []
      #<span class=sf-dump-protected title=\"Protected property\">withCount</span>: []
      +<span class=sf-dump-public title=\"Public property\">preventsLazyLoading</span>: <span class=sf-dump-const>false</span>
      #<span class=sf-dump-protected title=\"Protected property\">perPage</span>: <span class=sf-dump-num>15</span>
      +<span class=sf-dump-public title=\"Public property\">exists</span>: <span class=sf-dump-const>true</span>
      +<span class=sf-dump-public title=\"Public property\">wasRecentlyCreated</span>: <span class=sf-dump-const>false</span>
      #<span class=sf-dump-protected title=\"Protected property\">escapeWhenCastingToString</span>: <span class=sf-dump-const>false</span>
      #<span class=sf-dump-protected title=\"Protected property\">attributes</span>: <span class=sf-dump-note>array:9</span> [ &#8230;9]
      #<span class=sf-dump-protected title=\"Protected property\">original</span>: <span class=sf-dump-note>array:9</span> [ &#8230;9]
      #<span class=sf-dump-protected title=\"Protected property\">changes</span>: []
      #<span class=sf-dump-protected title=\"Protected property\">casts</span>: <span class=sf-dump-note>array:1</span> [ &#8230;1]
      #<span class=sf-dump-protected title=\"Protected property\">classCastCache</span>: []
      #<span class=sf-dump-protected title=\"Protected property\">attributeCastCache</span>: []
      #<span class=sf-dump-protected title=\"Protected property\">dateFormat</span>: <span class=sf-dump-const>null</span>
      #<span class=sf-dump-protected title=\"Protected property\">appends</span>: []
      #<span class=sf-dump-protected title=\"Protected property\">dispatchesEvents</span>: []
      #<span class=sf-dump-protected title=\"Protected property\">observables</span>: []
      #<span class=sf-dump-protected title=\"Protected property\">relations</span>: <span class=sf-dump-note>array:3</span> [ &#8230;3]
      #<span class=sf-dump-protected title=\"Protected property\">touches</span>: []
      +<span class=sf-dump-public title=\"Public property\">timestamps</span>: <span class=sf-dump-const>true</span>
      +<span class=sf-dump-public title=\"Public property\">usesUniqueIds</span>: <span class=sf-dump-const>false</span>
      #<span class=sf-dump-protected title=\"Protected property\">hidden</span>: []
      #<span class=sf-dump-protected title=\"Protected property\">visible</span>: []
      #<span class=sf-dump-protected title=\"Protected property\">fillable</span>: <span class=sf-dump-note>array:6</span> [ &#8230;6]
      #<span class=sf-dump-protected title=\"Protected property\">guarded</span>: <span class=sf-dump-note>array:1</span> [ &#8230;1]
    </samp>}
    <span class=sf-dump-index>1</span> => <span class=\"sf-dump-note sf-dump-ellipsization\" title=\"App\\Models\\Transaction
\"><span class=\"sf-dump-ellipsis sf-dump-ellipsis-note\">App\\Models</span><span class=\"sf-dump-ellipsis sf-dump-ellipsis-note\">\\</span><span class=\"sf-dump-ellipsis-tail\">Transaction</span></span> {<a class=sf-dump-ref>#1096</a><samp data-depth=3 class=sf-dump-compact>
      #<span class=sf-dump-protected title=\"Protected property\">connection</span>: \"<span class=sf-dump-str title=\"6 characters\">sqlite</span>\"
      #<span class=sf-dump-protected title=\"Protected property\">table</span>: \"<span class=sf-dump-str title=\"12 characters\">transactions</span>\"
      #<span class=sf-dump-protected title=\"Protected property\">primaryKey</span>: \"<span class=sf-dump-str title=\"2 characters\">id</span>\"
      #<span class=sf-dump-protected title=\"Protected property\">keyType</span>: \"<span class=sf-dump-str title=\"3 characters\">int</span>\"
      +<span class=sf-dump-public title=\"Public property\">incrementing</span>: <span class=sf-dump-const>true</span>
      #<span class=sf-dump-protected title=\"Protected property\">with</span>: []
      #<span class=sf-dump-protected title=\"Protected property\">withCount</span>: []
      +<span class=sf-dump-public title=\"Public property\">preventsLazyLoading</span>: <span class=sf-dump-const>false</span>
      #<span class=sf-dump-protected title=\"Protected property\">perPage</span>: <span class=sf-dump-num>15</span>
      +<span class=sf-dump-public title=\"Public property\">exists</span>: <span class=sf-dump-const>true</span>
      +<span class=sf-dump-public title=\"Public property\">wasRecentlyCreated</span>: <span class=sf-dump-const>false</span>
      #<span class=sf-dump-protected title=\"Protected property\">escapeWhenCastingToString</span>: <span class=sf-dump-const>false</span>
      #<span class=sf-dump-protected title=\"Protected property\">attributes</span>: <span class=sf-dump-note>array:9</span> [ &#8230;9]
      #<span class=sf-dump-protected title=\"Protected property\">original</span>: <span class=sf-dump-note>array:9</span> [ &#8230;9]
      #<span class=sf-dump-protected title=\"Protected property\">changes</span>: []
      #<span class=sf-dump-protected title=\"Protected property\">casts</span>: <span class=sf-dump-note>array:1</span> [ &#8230;1]
      #<span class=sf-dump-protected title=\"Protected property\">classCastCache</span>: []
      #<span class=sf-dump-protected title=\"Protected property\">attributeCastCache</span>: []
      #<span class=sf-dump-protected title=\"Protected property\">dateFormat</span>: <span class=sf-dump-const>null</span>
      #<span class=sf-dump-protected title=\"Protected property\">appends</span>: []
      #<span class=sf-dump-protected title=\"Protected property\">dispatchesEvents</span>: []
      #<span class=sf-dump-protected title=\"Protected property\">observables</span>: []
      #<span class=sf-dump-protected title=\"Protected property\">relations</span>: <span class=sf-dump-note>array:3</span> [ &#8230;3]
      #<span class=sf-dump-protected title=\"Protected property\">touches</span>: []
      +<span class=sf-dump-public title=\"Public property\">timestamps</span>: <span class=sf-dump-const>true</span>
      +<span class=sf-dump-public title=\"Public property\">usesUniqueIds</span>: <span class=sf-dump-const>false</span>
      #<span class=sf-dump-protected title=\"Protected property\">hidden</span>: []
      #<span class=sf-dump-protected title=\"Protected property\">visible</span>: []
      #<span class=sf-dump-protected title=\"Protected property\">fillable</span>: <span class=sf-dump-note>array:6</span> [ &#8230;6]
      #<span class=sf-dump-protected title=\"Protected property\">guarded</span>: <span class=sf-dump-note>array:1</span> [ &#8230;1]
    </samp>}
  </samp>]
  #<span class=sf-dump-protected title=\"Protected property\">escapeWhenCastingToString</span>: <span class=sf-dump-const>false</span>
</samp>}
</pre><script>Sfdump(\"sf-dump-1706104091\", {\"maxDepth\":3,\"maxStringLength\":160})</script>
","stat":"<pre class=sf-dump id=sf-dump-168489663 data-indent-pad=\"  \"><span class=sf-dump-note>array:6</span> [<samp data-depth=1 class=sf-dump-expanded>
  <span class=sf-dump-index>0</span> => \"<span class=sf-dump-str title=\"15 characters\">Unread Messages</span>\"
  <span class=sf-dump-index>1</span> => <span class=sf-dump-num>0</span>
  <span class=sf-dump-index>2</span> => \"<span class=sf-dump-str title=\"14 characters\">message-square</span>\"
  <span class=sf-dump-index>3</span> => \"<span class=sf-dump-str title=\"31 characters\">from-pink-500/10 to-rose-500/10</span>\"
  <span class=sf-dump-index>4</span> => \"<span class=sf-dump-str title=\"18 characters\">border-pink-500/20</span>\"
  <span class=sf-dump-index>5</span> => \"<span class=sf-dump-str title=\"13 characters\">text-pink-400</span>\"
</samp>]
</pre><script>Sfdump(\"sf-dump-168489663\", {\"maxDepth\":3,\"maxStringLength\":160})</script>
","loop":"<pre class=sf-dump id=sf-dump-426784921 data-indent-pad=\"  \"><span class=sf-dump-const>null</span>
</pre><script>Sfdump(\"sf-dump-426784921\", {\"maxDepth\":3,\"maxStringLength\":160})</script>
","__empty_1":"<pre class=sf-dump id=sf-dump-1981487364 data-indent-pad=\"  \"><span class=sf-dump-const>false</span>
</pre><script>Sfdump(\"sf-dump-1981487364\", {\"maxDepth\":3,\"maxStringLength\":160})</script>
","item":"<pre class=sf-dump id=sf-dump-1785185041 data-indent-pad=\"  \"><span class=sf-dump-note>App\\Models\\Item</span> {<a class=sf-dump-ref>#1101</a><samp data-depth=1 class=sf-dump-expanded>
  #<span class=sf-dump-protected title=\"Protected property\">connection</span>: \"<span class=sf-dump-str title=\"6 characters\">sqlite</span>\"
  #<span class=sf-dump-protected title=\"Protected property\">table</span>: \"<span class=sf-dump-str title=\"5 characters\">items</span>\"
  #<span class=sf-dump-protected title=\"Protected property\">primaryKey</span>: \"<span class=sf-dump-str title=\"2 characters\">id</span>\"
  #<span class=sf-dump-protected title=\"Protected property\">keyType</span>: \"<span class=sf-dump-str title=\"3 characters\">int</span>\"
  +<span class=sf-dump-public title=\"Public property\">incrementing</span>: <span class=sf-dump-const>true</span>
  #<span class=sf-dump-protected title=\"Protected property\">with</span>: []
  #<span class=sf-dump-protected title=\"Protected property\">withCount</span>: []
  +<span class=sf-dump-public title=\"Public property\">preventsLazyLoading</span>: <span class=sf-dump-const>false</span>
  #<span class=sf-dump-protected title=\"Protected property\">perPage</span>: <span class=sf-dump-num>15</span>
  +<span class=sf-dump-public title=\"Public property\">exists</span>: <span class=sf-dump-const>true</span>
  +<span class=sf-dump-public title=\"Public property\">wasRecentlyCreated</span>: <span class=sf-dump-const>false</span>
  #<span class=sf-dump-protected title=\"Protected property\">escapeWhenCastingToString</span>: <span class=sf-dump-const>false</span>
  #<span class=sf-dump-protected title=\"Protected property\">attributes</span>: <span class=sf-dump-note>array:15</span> [<samp data-depth=2 class=sf-dump-compact>
    \"<span class=sf-dump-key>id</span>\" => <span class=sf-dump-num>1</span>
    \"<span class=sf-dump-key>seller_id</span>\" => <span class=sf-dump-num>1</span>
    \"<span class=sf-dump-key>title</span>\" => \"<span class=sf-dump-str title=\"3 characters\">djd</span>\"
    \"<span class=sf-dump-key>description</span>\" => \"<span class=sf-dump-str title=\"5 characters\">jhsxh</span>\"
    \"<span class=sf-dump-key>price</span>\" => <span class=sf-dump-num>12</span>
    \"<span class=sf-dump-key>category</span>\" => \"<span class=sf-dump-str title=\"9 characters\">textbooks</span>\"
    \"<span class=sf-dump-key>condition</span>\" => \"<span class=sf-dump-str title=\"3 characters\">new</span>\"
    \"<span class=sf-dump-key>status</span>\" => \"<span class=sf-dump-str title=\"4 characters\">sold</span>\"
    \"<span class=sf-dump-key>views_count</span>\" => <span class=sf-dump-num>13</span>
    \"<span class=sf-dump-key>created_at</span>\" => \"<span class=sf-dump-str title=\"19 characters\">2026-05-04 21:14:38</span>\"
    \"<span class=sf-dump-key>updated_at</span>\" => \"<span class=sf-dump-str title=\"19 characters\">2026-05-05 06:22:35</span>\"
    \"<span class=sf-dump-key>deleted_at</span>\" => <span class=sf-dump-const>null</span>
    \"<span class=sf-dump-key>is_flagged</span>\" => <span class=sf-dump-num>0</span>
    \"<span class=sf-dump-key>flag_reason</span>\" => <span class=sf-dump-const>null</span>
    \"<span class=sf-dump-key>conversations_count</span>\" => <span class=sf-dump-num>1</span>
  </samp>]
  #<span class=sf-dump-protected title=\"Protected property\">original</span>: <span class=sf-dump-note>array:15</span> [<samp data-depth=2 class=sf-dump-compact>
    \"<span class=sf-dump-key>id</span>\" => <span class=sf-dump-num>1</span>
    \"<span class=sf-dump-key>seller_id</span>\" => <span class=sf-dump-num>1</span>
    \"<span class=sf-dump-key>title</span>\" => \"<span class=sf-dump-str title=\"3 characters\">djd</span>\"
    \"<span class=sf-dump-key>description</span>\" => \"<span class=sf-dump-str title=\"5 characters\">jhsxh</span>\"
    \"<span class=sf-dump-key>price</span>\" => <span class=sf-dump-num>12</span>
    \"<span class=sf-dump-key>category</span>\" => \"<span class=sf-dump-str title=\"9 characters\">textbooks</span>\"
    \"<span class=sf-dump-key>condition</span>\" => \"<span class=sf-dump-str title=\"3 characters\">new</span>\"
    \"<span class=sf-dump-key>status</span>\" => \"<span class=sf-dump-str title=\"4 characters\">sold</span>\"
    \"<span class=sf-dump-key>views_count</span>\" => <span class=sf-dump-num>13</span>
    \"<span class=sf-dump-key>created_at</span>\" => \"<span class=sf-dump-str title=\"19 characters\">2026-05-04 21:14:38</span>\"
    \"<span class=sf-dump-key>updated_at</span>\" => \"<span class=sf-dump-str title=\"19 characters\">2026-05-05 06:22:35</span>\"
    \"<span class=sf-dump-key>deleted_at</span>\" => <span class=sf-dump-const>null</span>
    \"<span class=sf-dump-key>is_flagged</span>\" => <span class=sf-dump-num>0</span>
    \"<span class=sf-dump-key>flag_reason</span>\" => <span class=sf-dump-const>null</span>
    \"<span class=sf-dump-key>conversations_count</span>\" => <span class=sf-dump-num>1</span>
  </samp>]
  #<span class=sf-dump-protected title=\"Protected property\">changes</span>: []
  #<span class=sf-dump-protected title=\"Protected property\">casts</span>: <span class=sf-dump-note>array:3</span> [<samp data-depth=2 class=sf-dump-compact>
    \"<span class=sf-dump-key>price</span>\" => \"<span class=sf-dump-str title=\"9 characters\">decimal:2</span>\"
    \"<span class=sf-dump-key>views_count</span>\" => \"<span class=sf-dump-str title=\"7 characters\">integer</span>\"
    \"<span class=sf-dump-key>deleted_at</span>\" => \"<span class=sf-dump-str title=\"8 characters\">datetime</span>\"
  </samp>]
  #<span class=sf-dump-protected title=\"Protected property\">classCastCache</span>: []
  #<span class=sf-dump-protected title=\"Protected property\">attributeCastCache</span>: []
  #<span class=sf-dump-protected title=\"Protected property\">dateFormat</span>: <span class=sf-dump-const>null</span>
  #<span class=sf-dump-protected title=\"Protected property\">appends</span>: []
  #<span class=sf-dump-protected title=\"Protected property\">dispatchesEvents</span>: []
  #<span class=sf-dump-protected title=\"Protected property\">observables</span>: []
  #<span class=sf-dump-protected title=\"Protected property\">relations</span>: []
  #<span class=sf-dump-protected title=\"Protected property\">touches</span>: []
  +<span class=sf-dump-public title=\"Public property\">timestamps</span>: <span class=sf-dump-const>true</span>
  +<span class=sf-dump-public title=\"Public property\">usesUniqueIds</span>: <span class=sf-dump-const>false</span>
  #<span class=sf-dump-protected title=\"Protected property\">hidden</span>: []
  #<span class=sf-dump-protected title=\"Protected property\">visible</span>: []
  #<span class=sf-dump-protected title=\"Protected property\">fillable</span>: <span class=sf-dump-note>array:10</span> [<samp data-depth=2 class=sf-dump-compact>
    <span class=sf-dump-index>0</span> => \"<span class=sf-dump-str title=\"9 characters\">seller_id</span>\"
    <span class=sf-dump-index>1</span> => \"<span class=sf-dump-str title=\"5 characters\">title</span>\"
    <span class=sf-dump-index>2</span> => \"<span class=sf-dump-str title=\"11 characters\">description</span>\"
    <span class=sf-dump-index>3</span> => \"<span class=sf-dump-str title=\"5 characters\">price</span>\"
    <span class=sf-dump-index>4</span> => \"<span class=sf-dump-str title=\"8 characters\">category</span>\"
    <span class=sf-dump-index>5</span> => \"<span class=sf-dump-str title=\"9 characters\">condition</span>\"
    <span class=sf-dump-index>6</span> => \"<span class=sf-dump-str title=\"6 characters\">status</span>\"
    <span class=sf-dump-index>7</span> => \"<span class=sf-dump-str title=\"11 characters\">views_count</span>\"
    <span class=sf-dump-index>8</span> => \"<span class=sf-dump-str title=\"10 characters\">is_flagged</span>\"
    <span class=sf-dump-index>9</span> => \"<span class=sf-dump-str title=\"11 characters\">flag_reason</span>\"
  </samp>]
  #<span class=sf-dump-protected title=\"Protected property\">guarded</span>: <span class=sf-dump-note>array:1</span> [<samp data-depth=2 class=sf-dump-compact>
    <span class=sf-dump-index>0</span> => \"<span class=sf-dump-str>*</span>\"
  </samp>]
  #<span class=sf-dump-protected title=\"Protected property\">forceDeleting</span>: <span class=sf-dump-const>false</span>
</samp>}
</pre><script>Sfdump(\"sf-dump-1785185041\", {\"maxDepth\":3,\"maxStringLength\":160})</script>
","tx":"<pre class=sf-dump id=sf-dump-447007216 data-indent-pad=\"  \"><span class=sf-dump-note>App\\Models\\Transaction</span> {<a class=sf-dump-ref>#1096</a><samp data-depth=1 class=sf-dump-expanded>
  #<span class=sf-dump-protected title=\"Protected property\">connection</span>: \"<span class=sf-dump-str title=\"6 characters\">sqlite</span>\"
  #<span class=sf-dump-protected title=\"Protected property\">table</span>: \"<span class=sf-dump-str title=\"12 characters\">transactions</span>\"
  #<span class=sf-dump-protected title=\"Protected property\">primaryKey</span>: \"<span class=sf-dump-str title=\"2 characters\">id</span>\"
  #<span class=sf-dump-protected title=\"Protected property\">keyType</span>: \"<span class=sf-dump-str title=\"3 characters\">int</span>\"
  +<span class=sf-dump-public title=\"Public property\">incrementing</span>: <span class=sf-dump-const>true</span>
  #<span class=sf-dump-protected title=\"Protected property\">with</span>: []
  #<span class=sf-dump-protected title=\"Protected property\">withCount</span>: []
  +<span class=sf-dump-public title=\"Public property\">preventsLazyLoading</span>: <span class=sf-dump-const>false</span>
  #<span class=sf-dump-protected title=\"Protected property\">perPage</span>: <span class=sf-dump-num>15</span>
  +<span class=sf-dump-public title=\"Public property\">exists</span>: <span class=sf-dump-const>true</span>
  +<span class=sf-dump-public title=\"Public property\">wasRecentlyCreated</span>: <span class=sf-dump-const>false</span>
  #<span class=sf-dump-protected title=\"Protected property\">escapeWhenCastingToString</span>: <span class=sf-dump-const>false</span>
  #<span class=sf-dump-protected title=\"Protected property\">attributes</span>: <span class=sf-dump-note>array:9</span> [<samp data-depth=2 class=sf-dump-compact>
    \"<span class=sf-dump-key>id</span>\" => <span class=sf-dump-num>1</span>
    \"<span class=sf-dump-key>item_id</span>\" => <span class=sf-dump-num>1</span>
    \"<span class=sf-dump-key>buyer_id</span>\" => <span class=sf-dump-num>2</span>
    \"<span class=sf-dump-key>seller_id</span>\" => <span class=sf-dump-num>1</span>
    \"<span class=sf-dump-key>amount</span>\" => <span class=sf-dump-num>12</span>
    \"<span class=sf-dump-key>status</span>\" => \"<span class=sf-dump-str title=\"9 characters\">completed</span>\"
    \"<span class=sf-dump-key>notes</span>\" => <span class=sf-dump-const>null</span>
    \"<span class=sf-dump-key>created_at</span>\" => \"<span class=sf-dump-str title=\"19 characters\">2026-05-05 06:22:04</span>\"
    \"<span class=sf-dump-key>updated_at</span>\" => \"<span class=sf-dump-str title=\"19 characters\">2026-05-05 06:22:35</span>\"
  </samp>]
  #<span class=sf-dump-protected title=\"Protected property\">original</span>: <span class=sf-dump-note>array:9</span> [<samp data-depth=2 class=sf-dump-compact>
    \"<span class=sf-dump-key>id</span>\" => <span class=sf-dump-num>1</span>
    \"<span class=sf-dump-key>item_id</span>\" => <span class=sf-dump-num>1</span>
    \"<span class=sf-dump-key>buyer_id</span>\" => <span class=sf-dump-num>2</span>
    \"<span class=sf-dump-key>seller_id</span>\" => <span class=sf-dump-num>1</span>
    \"<span class=sf-dump-key>amount</span>\" => <span class=sf-dump-num>12</span>
    \"<span class=sf-dump-key>status</span>\" => \"<span class=sf-dump-str title=\"9 characters\">completed</span>\"
    \"<span class=sf-dump-key>notes</span>\" => <span class=sf-dump-const>null</span>
    \"<span class=sf-dump-key>created_at</span>\" => \"<span class=sf-dump-str title=\"19 characters\">2026-05-05 06:22:04</span>\"
    \"<span class=sf-dump-key>updated_at</span>\" => \"<span class=sf-dump-str title=\"19 characters\">2026-05-05 06:22:35</span>\"
  </samp>]
  #<span class=sf-dump-protected title=\"Protected property\">changes</span>: []
  #<span class=sf-dump-protected title=\"Protected property\">casts</span>: <span class=sf-dump-note>array:1</span> [<samp data-depth=2 class=sf-dump-compact>
    \"<span class=sf-dump-key>amount</span>\" => \"<span class=sf-dump-str title=\"9 characters\">decimal:2</span>\"
  </samp>]
  #<span class=sf-dump-protected title=\"Protected property\">classCastCache</span>: []
  #<span class=sf-dump-protected title=\"Protected property\">attributeCastCache</span>: []
  #<span class=sf-dump-protected title=\"Protected property\">dateFormat</span>: <span class=sf-dump-const>null</span>
  #<span class=sf-dump-protected title=\"Protected property\">appends</span>: []
  #<span class=sf-dump-protected title=\"Protected property\">dispatchesEvents</span>: []
  #<span class=sf-dump-protected title=\"Protected property\">observables</span>: []
  #<span class=sf-dump-protected title=\"Protected property\">relations</span>: <span class=sf-dump-note>array:3</span> [<samp data-depth=2 class=sf-dump-compact>
    \"<span class=sf-dump-key>item</span>\" => <span class=\"sf-dump-note sf-dump-ellipsization\" title=\"App\\Models\\Item
\"><span class=\"sf-dump-ellipsis sf-dump-ellipsis-note\">App\\Models</span><span class=\"sf-dump-ellipsis sf-dump-ellipsis-note\">\\</span><span class=\"sf-dump-ellipsis-tail\">Item</span></span> {<a class=sf-dump-ref>#1120</a><samp data-depth=3 class=sf-dump-compact>
      #<span class=sf-dump-protected title=\"Protected property\">connection</span>: \"<span class=sf-dump-str title=\"6 characters\">sqlite</span>\"
      #<span class=sf-dump-protected title=\"Protected property\">table</span>: \"<span class=sf-dump-str title=\"5 characters\">items</span>\"
      #<span class=sf-dump-protected title=\"Protected property\">primaryKey</span>: \"<span class=sf-dump-str title=\"2 characters\">id</span>\"
      #<span class=sf-dump-protected title=\"Protected property\">keyType</span>: \"<span class=sf-dump-str title=\"3 characters\">int</span>\"
      +<span class=sf-dump-public title=\"Public property\">incrementing</span>: <span class=sf-dump-const>true</span>
      #<span class=sf-dump-protected title=\"Protected property\">with</span>: []
      #<span class=sf-dump-protected title=\"Protected property\">withCount</span>: []
      +<span class=sf-dump-public title=\"Public property\">preventsLazyLoading</span>: <span class=sf-dump-const>false</span>
      #<span class=sf-dump-protected title=\"Protected property\">perPage</span>: <span class=sf-dump-num>15</span>
      +<span class=sf-dump-public title=\"Public property\">exists</span>: <span class=sf-dump-const>true</span>
      +<span class=sf-dump-public title=\"Public property\">wasRecentlyCreated</span>: <span class=sf-dump-const>false</span>
      #<span class=sf-dump-protected title=\"Protected property\">escapeWhenCastingToString</span>: <span class=sf-dump-const>false</span>
      #<span class=sf-dump-protected title=\"Protected property\">attributes</span>: <span class=sf-dump-note>array:14</span> [ &#8230;14]
      #<span class=sf-dump-protected title=\"Protected property\">original</span>: <span class=sf-dump-note>array:14</span> [ &#8230;14]
      #<span class=sf-dump-protected title=\"Protected property\">changes</span>: []
      #<span class=sf-dump-protected title=\"Protected property\">casts</span>: <span class=sf-dump-note>array:3</span> [ &#8230;3]
      #<span class=sf-dump-protected title=\"Protected property\">classCastCache</span>: []
      #<span class=sf-dump-protected title=\"Protected property\">attributeCastCache</span>: []
      #<span class=sf-dump-protected title=\"Protected property\">dateFormat</span>: <span class=sf-dump-const>null</span>
      #<span class=sf-dump-protected title=\"Protected property\">appends</span>: []
      #<span class=sf-dump-protected title=\"Protected property\">dispatchesEvents</span>: []
      #<span class=sf-dump-protected title=\"Protected property\">observables</span>: []
      #<span class=sf-dump-protected title=\"Protected property\">relations</span>: []
      #<span class=sf-dump-protected title=\"Protected property\">touches</span>: []
      +<span class=sf-dump-public title=\"Public property\">timestamps</span>: <span class=sf-dump-const>true</span>
      +<span class=sf-dump-public title=\"Public property\">usesUniqueIds</span>: <span class=sf-dump-const>false</span>
      #<span class=sf-dump-protected title=\"Protected property\">hidden</span>: []
      #<span class=sf-dump-protected title=\"Protected property\">visible</span>: []
      #<span class=sf-dump-protected title=\"Protected property\">fillable</span>: <span class=sf-dump-note>array:10</span> [ &#8230;10]
      #<span class=sf-dump-protected title=\"Protected property\">guarded</span>: <span class=sf-dump-note>array:1</span> [ &#8230;1]
      #<span class=sf-dump-protected title=\"Protected property\">forceDeleting</span>: <span class=sf-dump-const>false</span>
    </samp>}
    \"<span class=sf-dump-key>buyer</span>\" => <span class=\"sf-dump-note sf-dump-ellipsization\" title=\"App\\Models\\User
\"><span class=\"sf-dump-ellipsis sf-dump-ellipsis-note\">App\\Models</span><span class=\"sf-dump-ellipsis sf-dump-ellipsis-note\">\\</span><span class=\"sf-dump-ellipsis-tail\">User</span></span> {<a class=sf-dump-ref>#1097</a><samp data-depth=3 class=sf-dump-compact>
      #<span class=sf-dump-protected title=\"Protected property\">connection</span>: \"<span class=sf-dump-str title=\"6 characters\">sqlite</span>\"
      #<span class=sf-dump-protected title=\"Protected property\">table</span>: \"<span class=sf-dump-str title=\"5 characters\">users</span>\"
      #<span class=sf-dump-protected title=\"Protected property\">primaryKey</span>: \"<span class=sf-dump-str title=\"2 characters\">id</span>\"
      #<span class=sf-dump-protected title=\"Protected property\">keyType</span>: \"<span class=sf-dump-str title=\"3 characters\">int</span>\"
      +<span class=sf-dump-public title=\"Public property\">incrementing</span>: <span class=sf-dump-const>true</span>
      #<span class=sf-dump-protected title=\"Protected property\">with</span>: []
      #<span class=sf-dump-protected title=\"Protected property\">withCount</span>: []
      +<span class=sf-dump-public title=\"Public property\">preventsLazyLoading</span>: <span class=sf-dump-const>false</span>
      #<span class=sf-dump-protected title=\"Protected property\">perPage</span>: <span class=sf-dump-num>15</span>
      +<span class=sf-dump-public title=\"Public property\">exists</span>: <span class=sf-dump-const>true</span>
      +<span class=sf-dump-public title=\"Public property\">wasRecentlyCreated</span>: <span class=sf-dump-const>false</span>
      #<span class=sf-dump-protected title=\"Protected property\">escapeWhenCastingToString</span>: <span class=sf-dump-const>false</span>
      #<span class=sf-dump-protected title=\"Protected property\">attributes</span>: <span class=sf-dump-note>array:16</span> [ &#8230;16]
      #<span class=sf-dump-protected title=\"Protected property\">original</span>: <span class=sf-dump-note>array:16</span> [ &#8230;16]
      #<span class=sf-dump-protected title=\"Protected property\">changes</span>: []
      #<span class=sf-dump-protected title=\"Protected property\">casts</span>: <span class=sf-dump-note>array:4</span> [ &#8230;4]
      #<span class=sf-dump-protected title=\"Protected property\">classCastCache</span>: []
      #<span class=sf-dump-protected title=\"Protected property\">attributeCastCache</span>: []
      #<span class=sf-dump-protected title=\"Protected property\">dateFormat</span>: <span class=sf-dump-const>null</span>
      #<span class=sf-dump-protected title=\"Protected property\">appends</span>: []
      #<span class=sf-dump-protected title=\"Protected property\">dispatchesEvents</span>: []
      #<span class=sf-dump-protected title=\"Protected property\">observables</span>: []
      #<span class=sf-dump-protected title=\"Protected property\">relations</span>: []
      #<span class=sf-dump-protected title=\"Protected property\">touches</span>: []
      +<span class=sf-dump-public title=\"Public property\">timestamps</span>: <span class=sf-dump-const>true</span>
      +<span class=sf-dump-public title=\"Public property\">usesUniqueIds</span>: <span class=sf-dump-const>false</span>
      #<span class=sf-dump-protected title=\"Protected property\">hidden</span>: <span class=sf-dump-note>array:2</span> [ &#8230;2]
      #<span class=sf-dump-protected title=\"Protected property\">visible</span>: []
      #<span class=sf-dump-protected title=\"Protected property\">fillable</span>: <span class=sf-dump-note>array:10</span> [ &#8230;10]
      #<span class=sf-dump-protected title=\"Protected property\">guarded</span>: <span class=sf-dump-note>array:1</span> [ &#8230;1]
      #<span class=sf-dump-protected title=\"Protected property\">rememberTokenName</span>: \"<span class=sf-dump-str title=\"14 characters\">remember_token</span>\"
      #<span class=sf-dump-protected title=\"Protected property\">accessToken</span>: <span class=sf-dump-const>null</span>
    </samp>}
    \"<span class=sf-dump-key>seller</span>\" => <span class=\"sf-dump-note sf-dump-ellipsization\" title=\"App\\Models\\User
\"><span class=\"sf-dump-ellipsis sf-dump-ellipsis-note\">App\\Models</span><span class=\"sf-dump-ellipsis sf-dump-ellipsis-note\">\\</span><span class=\"sf-dump-ellipsis-tail\">User</span></span> {<a class=sf-dump-ref>#1094</a><samp data-depth=3 class=sf-dump-compact>
      #<span class=sf-dump-protected title=\"Protected property\">connection</span>: \"<span class=sf-dump-str title=\"6 characters\">sqlite</span>\"
      #<span class=sf-dump-protected title=\"Protected property\">table</span>: \"<span class=sf-dump-str title=\"5 characters\">users</span>\"
      #<span class=sf-dump-protected title=\"Protected property\">primaryKey</span>: \"<span class=sf-dump-str title=\"2 characters\">id</span>\"
      #<span class=sf-dump-protected title=\"Protected property\">keyType</span>: \"<span class=sf-dump-str title=\"3 characters\">int</span>\"
      +<span class=sf-dump-public title=\"Public property\">incrementing</span>: <span class=sf-dump-const>true</span>
      #<span class=sf-dump-protected title=\"Protected property\">with</span>: []
      #<span class=sf-dump-protected title=\"Protected property\">withCount</span>: []
      +<span class=sf-dump-public title=\"Public property\">preventsLazyLoading</span>: <span class=sf-dump-const>false</span>
      #<span class=sf-dump-protected title=\"Protected property\">perPage</span>: <span class=sf-dump-num>15</span>
      +<span class=sf-dump-public title=\"Public property\">exists</span>: <span class=sf-dump-const>true</span>
      +<span class=sf-dump-public title=\"Public property\">wasRecentlyCreated</span>: <span class=sf-dump-const>false</span>
      #<span class=sf-dump-protected title=\"Protected property\">escapeWhenCastingToString</span>: <span class=sf-dump-const>false</span>
      #<span class=sf-dump-protected title=\"Protected property\">attributes</span>: <span class=sf-dump-note>array:16</span> [ &#8230;16]
      #<span class=sf-dump-protected title=\"Protected property\">original</span>: <span class=sf-dump-note>array:16</span> [ &#8230;16]
      #<span class=sf-dump-protected title=\"Protected property\">changes</span>: []
      #<span class=sf-dump-protected title=\"Protected property\">casts</span>: <span class=sf-dump-note>array:4</span> [ &#8230;4]
      #<span class=sf-dump-protected title=\"Protected property\">classCastCache</span>: []
      #<span class=sf-dump-protected title=\"Protected property\">attributeCastCache</span>: []
      #<span class=sf-dump-protected title=\"Protected property\">dateFormat</span>: <span class=sf-dump-const>null</span>
      #<span class=sf-dump-protected title=\"Protected property\">appends</span>: []
      #<span class=sf-dump-protected title=\"Protected property\">dispatchesEvents</span>: []
      #<span class=sf-dump-protected title=\"Protected property\">observables</span>: []
      #<span class=sf-dump-protected title=\"Protected property\">relations</span>: []
      #<span class=sf-dump-protected title=\"Protected property\">touches</span>: []
      +<span class=sf-dump-public title=\"Public property\">timestamps</span>: <span class=sf-dump-const>true</span>
      +<span class=sf-dump-public title=\"Public property\">usesUniqueIds</span>: <span class=sf-dump-const>false</span>
      #<span class=sf-dump-protected title=\"Protected property\">hidden</span>: <span class=sf-dump-note>array:2</span> [ &#8230;2]
      #<span class=sf-dump-protected title=\"Protected property\">visible</span>: []
      #<span class=sf-dump-protected title=\"Protected property\">fillable</span>: <span class=sf-dump-note>array:10</span> [ &#8230;10]
      #<span class=sf-dump-protected title=\"Protected property\">guarded</span>: <span class=sf-dump-note>array:1</span> [ &#8230;1]
      #<span class=sf-dump-protected title=\"Protected property\">rememberTokenName</span>: \"<span class=sf-dump-str title=\"14 characters\">remember_token</span>\"
      #<span class=sf-dump-protected title=\"Protected property\">accessToken</span>: <span class=sf-dump-const>null</span>
    </samp>}
  </samp>]
  #<span class=sf-dump-protected title=\"Protected property\">touches</span>: []
  +<span class=sf-dump-public title=\"Public property\">timestamps</span>: <span class=sf-dump-const>true</span>
  +<span class=sf-dump-public title=\"Public property\">usesUniqueIds</span>: <span class=sf-dump-const>false</span>
  #<span class=sf-dump-protected title=\"Protected property\">hidden</span>: []
  #<span class=sf-dump-protected title=\"Protected property\">visible</span>: []
  #<span class=sf-dump-protected title=\"Protected property\">fillable</span>: <span class=sf-dump-note>array:6</span> [<samp data-depth=2 class=sf-dump-compact>
    <span class=sf-dump-index>0</span> => \"<span class=sf-dump-str title=\"7 characters\">item_id</span>\"
    <span class=sf-dump-index>1</span> => \"<span class=sf-dump-str title=\"8 characters\">buyer_id</span>\"
    <span class=sf-dump-index>2</span> => \"<span class=sf-dump-str title=\"9 characters\">seller_id</span>\"
    <span class=sf-dump-index>3</span> => \"<span class=sf-dump-str title=\"6 characters\">amount</span>\"
    <span class=sf-dump-index>4</span> => \"<span class=sf-dump-str title=\"6 characters\">status</span>\"
    <span class=sf-dump-index>5</span> => \"<span class=sf-dump-str title=\"5 characters\">notes</span>\"
  </samp>]
  #<span class=sf-dump-protected title=\"Protected property\">guarded</span>: <span class=sf-dump-note>array:1</span> [<samp data-depth=2 class=sf-dump-compact>
    <span class=sf-dump-index>0</span> => \"<span class=sf-dump-str>*</span>\"
  </samp>]
</samp>}
</pre><script>Sfdump(\"sf-dump-447007216\", {\"maxDepth\":3,\"maxStringLength\":160})</script>
"}},"userId":1,"exception":"[object] (Spatie\\LaravelIgnition\\Exceptions\\ViewException(code: 0): Vite manifest not found at: C:\\Users\\nahid\\Downloads\\campus-connect-pro-complete-20-features-v2-fixed\\campus-connect-pro-complete\\public\\build/manifest.json at C:/Users/nahid/Downloads/campus-connect-pro-complete-20-features-v2-fixed/campus-connect-pro-complete/vendor/laravel/framework/src/Illuminate/Foundation/Vite.php:728)
[stacktrace]
#0 C:/Users/nahid/Downloads/campus-connect-pro-complete-20-features-v2-fixed/campus-connect-pro-complete/vendor/laravel/framework/src/Illuminate/Foundation/Vite.php(293): Illuminate/Foundation/Vite->manifest('build')
#1 C:/Users/nahid/Downloads/campus-connect-pro-complete-20-features-v2-fixed/campus-connect-pro-complete/resources/views/layouts/app.blade.php(8): Illuminate/Foundation/Vite->__invoke(Object(Illuminate/Support/Collection))
#2 C:/Users/nahid/Downloads/campus-connect-pro-complete-20-features-v2-fixed/campus-connect-pro-complete/vendor/laravel/framework/src/Illuminate/Filesystem/Filesystem.php(123): require('C://Users//nahid//...')
#3 C:/Users/nahid/Downloads/campus-connect-pro-complete-20-features-v2-fixed/campus-connect-pro-complete/vendor/laravel/framework/src/Illuminate/Filesystem/Filesystem.php(124): Illuminate/Filesystem/Filesystem::Illuminate/Filesystem/{closure}()
#4 C:/Users/nahid/Downloads/campus-connect-pro-complete-20-features-v2-fixed/campus-connect-pro-complete/vendor/laravel/framework/src/Illuminate/View/Engines/PhpEngine.php(58): Illuminate/Filesystem/Filesystem->getRequire('C://Users//nahid//...', Array)
#5 C:/Users/nahid/Downloads/campus-connect-pro-complete-20-features-v2-fixed/campus-connect-pro-complete/vendor/laravel/framework/src/Illuminate/View/Engines/CompilerEngine.php(72): Illuminate/View/Engines/PhpEngine->evaluatePath('C://Users//nahid//...', Array)
#6 C:/Users/nahid/Downloads/campus-connect-pro-complete-20-features-v2-fixed/campus-connect-pro-complete/vendor/laravel/framework/src/Illuminate/View/View.php(207): Illuminate/View/Engines/CompilerEngine->get('C://Users//nahid//...', Array)
#7 C:/Users/nahid/Downloads/campus-connect-pro-complete-20-features-v2-fixed/campus-connect-pro-complete/vendor/laravel/framework/src/Illuminate/View/View.php(190): Illuminate/View/View->getContents()
#8 C:/Users/nahid/Downloads/campus-connect-pro-complete-20-features-v2-fixed/campus-connect-pro-complete/vendor/laravel/framework/src/Illuminate/View/View.php(159): Illuminate/View/View->renderContents()
#9 C:/Users/nahid/Downloads/campus-connect-pro-complete-20-features-v2-fixed/campus-connect-pro-complete/resources/views/dashboard.blade.php(112): Illuminate/View/View->render()
#10 C:/Users/nahid/Downloads/campus-connect-pro-complete-20-features-v2-fixed/campus-connect-pro-complete/vendor/laravel/framework/src/Illuminate/Filesystem/Filesystem.php(123): require('C://Users//nahid//...')
#11 C:/Users/nahid/Downloads/campus-connect-pro-complete-20-features-v2-fixed/campus-connect-pro-complete/vendor/laravel/framework/src/Illuminate/Filesystem/Filesystem.php(124): Illuminate/Filesystem/Filesystem::Illuminate/Filesystem/{closure}()
#12 C:/Users/nahid/Downloads/campus-connect-pro-complete-20-features-v2-fixed/campus-connect-pro-complete/vendor/laravel/framework/src/Illuminate/View/Engines/PhpEngine.php(58): Illuminate/Filesystem/Filesystem->getRequire('C://Users//nahid//...', Array)
#13 C:/Users/nahid/Downloads/campus-connect-pro-complete-20-features-v2-fixed/campus-connect-pro-complete/vendor/laravel/framework/src/Illuminate/View/Engines/CompilerEngine.php(72): Illuminate/View/Engines/PhpEngine->evaluatePath('C://Users//nahid//...', Array)
#14 C:/Users/nahid/Downloads/campus-connect-pro-complete-20-features-v2-fixed/campus-connect-pro-complete/vendor/laravel/framework/src/Illuminate/View/View.php(207): Illuminate/View/Engines/CompilerEngine->get('C://Users//nahid//...', Array)
#15 C:/Users/nahid/Downloads/campus-connect-pro-complete-20-features-v2-fixed/campus-connect-pro-complete/vendor/laravel/framework/src/Illuminate/View/View.php(190): Illuminate/View/View->getContents()
#16 C:/Users/nahid/Downloads/campus-connect-pro-complete-20-features-v2-fixed/campus-connect-pro-complete/vendor/laravel/framework/src/Illuminate/View/View.php(159): Illuminate/View/View->renderContents()
#17 C:/Users/nahid/Downloads/campus-connect-pro-complete-20-features-v2-fixed/campus-connect-pro-complete/vendor/laravel/framework/src/Illuminate/Http/Response.php(69): Illuminate/View/View->render()
#18 C:/Users/nahid/Downloads/campus-connect-pro-complete-20-features-v2-fixed/campus-connect-pro-complete/vendor/laravel/framework/src/Illuminate/Http/Response.php(35): Illuminate/Http/Response->setContent(Object(Illuminate/View/View))
#19 C:/Users/nahid/Downloads/campus-connect-pro-complete-20-features-v2-fixed/campus-connect-pro-complete/vendor/laravel/framework/src/Illuminate/Routing/Router.php(918): Illuminate/Http/Response->__construct(Object(Illuminate/View/View), 200, Array)
#20 C:/Users/nahid/Downloads/campus-connect-pro-complete-20-features-v2-fixed/campus-connect-pro-complete/vendor/laravel/framework/src/Illuminate/Routing/Router.php(885): Illuminate/Routing/Router::toResponse(Object(Illuminate/Http/Request), Object(Illuminate/View/View))
#21 C:/Users/nahid/Downloads/campus-connect-pro-complete-20-features-v2-fixed/campus-connect-pro-complete/vendor/laravel/framework/src/Illuminate/Routing/Router.php(805): Illuminate/Routing/Router->prepareResponse(Object(Illuminate/Http/Request), Object(Illuminate/View/View))
#22 C:/Users/nahid/Downloads/campus-connect-pro-complete-20-features-v2-fixed/campus-connect-pro-complete/vendor/laravel/framework/src/Illuminate/Pipeline/Pipeline.php(144): Illuminate/Routing/Router->Illuminate/Routing/{closure}(Object(Illuminate/Http/Request))
#23 C:/Users/nahid/Downloads/campus-connect-pro-complete-20-features-v2-fixed/campus-connect-pro-complete/app/Http/Middleware/CheckSuspended.php(19): Illuminate/Pipeline/Pipeline->Illuminate/Pipeline/{closure}(Object(Illuminate/Http/Request))
#24 C:/Users/nahid/Downloads/campus-connect-pro-complete-20-features-v2-fixed/campus-connect-pro-complete/vendor/laravel/framework/src/Illuminate/Pipeline/Pipeline.php(183): App/Http/Middleware/CheckSuspended->handle(Object(Illuminate/Http/Request), Object(Closure))
#25 C:/Users/nahid/Downloads/campus-connect-pro-complete-20-features-v2-fixed/campus-connect-pro-complete/vendor/laravel/framework/src/Illuminate/Routing/Middleware/SubstituteBindings.php(50): Illuminate/Pipeline/Pipeline->Illuminate/Pipeline/{closure}(Object(Illuminate/Http/Request))
#26 C:/Users/nahid/Downloads/campus-connect-pro-complete-20-features-v2-fixed/campus-connect-pro-complete/vendor/laravel/framework/src/Illuminate/Pipeline/Pipeline.php(183): Illuminate/Routing/Middleware/SubstituteBindings->handle(Object(Illuminate/Http/Request), Object(Closure))
#27 C:/Users/nahid/Downloads/campus-connect-pro-complete-20-features-v2-fixed/campus-connect-pro-complete/vendor/laravel/framework/src/Illuminate/Auth/Middleware/Authenticate.php(57): Illuminate/Pipeline/Pipeline->Illuminate/Pipeline/{closure}(Object(Illuminate/Http/Request))
#28 C:/Users/nahid/Downloads/campus-connect-pro-complete-20-features-v2-fixed/campus-connect-pro-complete/vendor/laravel/framework/src/Illuminate/Pipeline/Pipeline.php(183): Illuminate/Auth/Middleware/Authenticate->handle(Object(Illuminate/Http/Request), Object(Closure))
#29 C:/Users/nahid/Downloads/campus-connect-pro-complete-20-features-v2-fixed/campus-connect-pro-complete/vendor/laravel/framework/src/Illuminate/Foundation/Http/Middleware/VerifyCsrfToken.php(78): Illuminate/Pipeline/Pipeline->Illuminate/Pipeline/{closure}(Object(Illuminate/Http/Request))
#30 C:/Users/nahid/Downloads/campus-connect-pro-complete-20-features-v2-fixed/campus-connect-pro-complete/vendor/laravel/framework/src/Illuminate/Pipeline/Pipeline.php(183): Illuminate/Foundation/Http/Middleware/VerifyCsrfToken->handle(Object(Illuminate/Http/Request), Object(Closure))
#31 C:/Users/nahid/Downloads/campus-connect-pro-complete-20-features-v2-fixed/campus-connect-pro-complete/vendor/laravel/framework/src/Illuminate/View/Middleware/ShareErrorsFromSession.php(49): Illuminate/Pipeline/Pipeline->Illuminate/Pipeline/{closure}(Object(Illuminate/Http/Request))
#32 C:/Users/nahid/Downloads/campus-connect-pro-complete-20-features-v2-fixed/campus-connect-pro-complete/vendor/laravel/framework/src/Illuminate/Pipeline/Pipeline.php(183): Illuminate/View/Middleware/ShareErrorsFromSession->handle(Object(Illuminate/Http/Request), Object(Closure))
#33 C:/Users/nahid/Downloads/campus-connect-pro-complete-20-features-v2-fixed/campus-connect-pro-complete/vendor/laravel/framework/src/Illuminate/Session/Middleware/StartSession.php(121): Illuminate/Pipeline/Pipeline->Illuminate/Pipeline/{closure}(Object(Illuminate/Http/Request))
#34 C:/Users/nahid/Downloads/campus-connect-pro-complete-20-features-v2-fixed/campus-connect-pro-complete/vendor/laravel/framework/src/Illuminate/Session/Middleware/StartSession.php(64): Illuminate/Session/Middleware/StartSession->handleStatefulRequest(Object(Illuminate/Http/Request), Object(Illuminate/Session/Store), Object(Closure))
#35 C:/Users/nahid/Downloads/campus-connect-pro-complete-20-features-v2-fixed/campus-connect-pro-complete/vendor/laravel/framework/src/Illuminate/Pipeline/Pipeline.php(183): Illuminate/Session/Middleware/StartSession->handle(Object(Illuminate/Http/Request), Object(Closure))
#36 C:/Users/nahid/Downloads/campus-connect-pro-complete-20-features-v2-fixed/campus-connect-pro-complete/vendor/laravel/framework/src/Illuminate/Cookie/Middleware/AddQueuedCookiesToResponse.php(37): Illuminate/Pipeline/Pipeline->Illuminate/Pipeline/{closure}(Object(Illuminate/Http/Request))
#37 C:/Users/nahid/Downloads/campus-connect-pro-complete-20-features-v2-fixed/campus-connect-pro-complete/vendor/laravel/framework/src/Illuminate/Pipeline/Pipeline.php(183): Illuminate/Cookie/Middleware/AddQueuedCookiesToResponse->handle(Object(Illuminate/Http/Request), Object(Closure))
#38 C:/Users/nahid/Downloads/campus-connect-pro-complete-20-features-v2-fixed/campus-connect-pro-complete/vendor/laravel/framework/src/Illuminate/Cookie/Middleware/EncryptCookies.php(67): Illuminate/Pipeline/Pipeline->Illuminate/Pipeline/{closure}(Object(Illuminate/Http/Request))
#39 C:/Users/nahid/Downloads/campus-connect-pro-complete-20-features-v2-fixed/campus-connect-pro-complete/vendor/laravel/framework/src/Illuminate/Pipeline/Pipeline.php(183): Illuminate/Cookie/Middleware/EncryptCookies->handle(Object(Illuminate/Http/Request), Object(Closure))
#40 C:/Users/nahid/Downloads/campus-connect-pro-complete-20-features-v2-fixed/campus-connect-pro-complete/vendor/laravel/framework/src/Illuminate/Pipeline/Pipeline.php(119): Illuminate/Pipeline/Pipeline->Illuminate/Pipeline/{closure}(Object(Illuminate/Http/Request))
#41 C:/Users/nahid/Downloads/campus-connect-pro-complete-20-features-v2-fixed/campus-connect-pro-complete/vendor/laravel/framework/src/Illuminate/Routing/Router.php(805): Illuminate/Pipeline/Pipeline->then(Object(Closure))
#42 C:/Users/nahid/Downloads/campus-connect-pro-complete-20-features-v2-fixed/campus-connect-pro-complete/vendor/laravel/framework/src/Illuminate/Routing/Router.php(784): Illuminate/Routing/Router->runRouteWithinStack(Object(Illuminate/Routing/Route), Object(Illuminate/Http/Request))
#43 C:/Users/nahid/Downloads/campus-connect-pro-complete-20-features-v2-fixed/campus-connect-pro-complete/vendor/laravel/framework/src/Illuminate/Routing/Router.php(748): Illuminate/Routing/Router->runRoute(Object(Illuminate/Http/Request), Object(Illuminate/Routing/Route))
#44 C:/Users/nahid/Downloads/campus-connect-pro-complete-20-features-v2-fixed/campus-connect-pro-complete/vendor/laravel/framework/src/Illuminate/Routing/Router.php(737): Illuminate/Routing/Router->dispatchToRoute(Object(Illuminate/Http/Request))
#45 C:/Users/nahid/Downloads/campus-connect-pro-complete-20-features-v2-fixed/campus-connect-pro-complete/vendor/laravel/framework/src/Illuminate/Foundation/Http/Kernel.php(200): Illuminate/Routing/Router->dispatch(Object(Illuminate/Http/Request))
#46 C:/Users/nahid/Downloads/campus-connect-pro-complete-20-features-v2-fixed/campus-connect-pro-complete/vendor/laravel/framework/src/Illuminate/Pipeline/Pipeline.php(144): Illuminate/Foundation/Http/Kernel->Illuminate/Foundation/Http/{closure}(Object(Illuminate/Http/Request))
#47 C:/Users/nahid/Downloads/campus-connect-pro-complete-20-features-v2-fixed/campus-connect-pro-complete/vendor/laravel/framework/src/Illuminate/Foundation/Http/Middleware/TransformsRequest.php(21): Illuminate/Pipeline/Pipeline->Illuminate/Pipeline/{closure}(Object(Illuminate/Http/Request))
#48 C:/Users/nahid/Downloads/campus-connect-pro-complete-20-features-v2-fixed/campus-connect-pro-complete/vendor/laravel/framework/src/Illuminate/Foundation/Http/Middleware/ConvertEmptyStringsToNull.php(31): Illuminate/Foundation/Http/Middleware/TransformsRequest->handle(Object(Illuminate/Http/Request), Object(Closure))
#49 C:/Users/nahid/Downloads/campus-connect-pro-complete-20-features-v2-fixed/campus-connect-pro-complete/vendor/laravel/framework/src/Illuminate/Pipeline/Pipeline.php(183): Illuminate/Foundation/Http/Middleware/ConvertEmptyStringsToNull->handle(Object(Illuminate/Http/Request), Object(Closure))
#50 C:/Users/nahid/Downloads/campus-connect-pro-complete-20-features-v2-fixed/campus-connect-pro-complete/vendor/laravel/framework/src/Illuminate/Foundation/Http/Middleware/TransformsRequest.php(21): Illuminate/Pipeline/Pipeline->Illuminate/Pipeline/{closure}(Object(Illuminate/Http/Request))
#51 C:/Users/nahid/Downloads/campus-connect-pro-complete-20-features-v2-fixed/campus-connect-pro-complete/vendor/laravel/framework/src/Illuminate/Foundation/Http/Middleware/TrimStrings.php(40): Illuminate/Foundation/Http/Middleware/TransformsRequest->handle(Object(Illuminate/Http/Request), Object(Closure))
#52 C:/Users/nahid/Downloads/campus-connect-pro-complete-20-features-v2-fixed/campus-connect-pro-complete/vendor/laravel/framework/src/Illuminate/Pipeline/Pipeline.php(183): Illuminate/Foundation/Http/Middleware/TrimStrings->handle(Object(Illuminate/Http/Request), Object(Closure))
#53 C:/Users/nahid/Downloads/campus-connect-pro-complete-20-features-v2-fixed/campus-connect-pro-complete/vendor/laravel/framework/src/Illuminate/Foundation/Http/Middleware/ValidatePostSize.php(27): Illuminate/Pipeline/Pipeline->Illuminate/Pipeline/{closure}(Object(Illuminate/Http/Request))
#54 C:/Users/nahid/Downloads/campus-connect-pro-complete-20-features-v2-fixed/campus-connect-pro-complete/vendor/laravel/framework/src/Illuminate/Pipeline/Pipeline.php(183): Illuminate/Foundation/Http/Middleware/ValidatePostSize->handle(Object(Illuminate/Http/Request), Object(Closure))
#55 C:/Users/nahid/Downloads/campus-connect-pro-complete-20-features-v2-fixed/campus-connect-pro-complete/vendor/laravel/framework/src/Illuminate/Http/Middleware/HandleCors.php(49): Illuminate/Pipeline/Pipeline->Illuminate/Pipeline/{closure}(Object(Illuminate/Http/Request))
#56 C:/Users/nahid/Downloads/campus-connect-pro-complete-20-features-v2-fixed/campus-connect-pro-complete/vendor/laravel/framework/src/Illuminate/Pipeline/Pipeline.php(183): Illuminate/Http/Middleware/HandleCors->handle(Object(Illuminate/Http/Request), Object(Closure))
#57 C:/Users/nahid/Downloads/campus-connect-pro-complete-20-features-v2-fixed/campus-connect-pro-complete/vendor/laravel/framework/src/Illuminate/Pipeline/Pipeline.php(119): Illuminate/Pipeline/Pipeline->Illuminate/Pipeline/{closure}(Object(Illuminate/Http/Request))
#58 C:/Users/nahid/Downloads/campus-connect-pro-complete-20-features-v2-fixed/campus-connect-pro-complete/vendor/laravel/framework/src/Illuminate/Foundation/Http/Kernel.php(175): Illuminate/Pipeline/Pipeline->then(Object(Closure))
#59 C:/Users/nahid/Downloads/campus-connect-pro-complete-20-features-v2-fixed/campus-connect-pro-complete/vendor/laravel/framework/src/Illuminate/Foundation/Http/Kernel.php(144): Illuminate/Foundation/Http/Kernel->sendRequestThroughRouter(Object(Illuminate/Http/Request))
#60 C:/Users/nahid/Downloads/campus-connect-pro-complete-20-features-v2-fixed/campus-connect-pro-complete/public/index.php(20): Illuminate/Foundation/Http/Kernel->handle(Object(Illuminate/Http/Request))
#61 C:/Users/nahid/Downloads/campus-connect-pro-complete-20-features-v2-fixed/campus-connect-pro-complete/vendor/laravel/framework/src/Illuminate/Foundation/resources/server.php(16): require_once('C://Users//nahid//...')
#62 {main}

[previous exception] [object] (Illuminate\\Foundation\\ViteManifestNotFoundException(code: 0): Vite manifest not found at: C:\\Users\\nahid\\Downloads\\campus-connect-pro-complete-20-features-v2-fixed\\campus-connect-pro-complete\\public\\build/manifest.json at C:/Users/nahid/Downloads/campus-connect-pro-complete-20-features-v2-fixed/campus-connect-pro-complete/vendor/laravel/framework/src/Illuminate/Foundation/Vite.php:728)
[stacktrace]
#0 C:/Users/nahid/Downloads/campus-connect-pro-complete-20-features-v2-fixed/campus-connect-pro-complete/vendor/laravel/framework/src/Illuminate/Foundation/Vite.php(293): Illuminate/Foundation/Vite->manifest('build')
#1 C:/Users/nahid/Downloads/campus-connect-pro-complete-20-features-v2-fixed/campus-connect-pro-complete/storage/framework/views/f843f0d21115e5ee3330c38cf6a86bb5.php(8): Illuminate/Foundation/Vite->__invoke(Object(Illuminate/Support/Collection))
#2 C:/Users/nahid/Downloads/campus-connect-pro-complete-20-features-v2-fixed/campus-connect-pro-complete/vendor/laravel/framework/src/Illuminate/Filesystem/Filesystem.php(123): require('C://Users//nahid//...')
#3 C:/Users/nahid/Downloads/campus-connect-pro-complete-20-features-v2-fixed/campus-connect-pro-complete/vendor/laravel/framework/src/Illuminate/Filesystem/Filesystem.php(124): Illuminate/Filesystem/Filesystem::Illuminate/Filesystem/{closure}()
#4 C:/Users/nahid/Downloads/campus-connect-pro-complete-20-features-v2-fixed/campus-connect-pro-complete/vendor/laravel/framework/src/Illuminate/View/Engines/PhpEngine.php(58): Illuminate/Filesystem/Filesystem->getRequire('C://Users//nahid//...', Array)
#5 C:/Users/nahid/Downloads/campus-connect-pro-complete-20-features-v2-fixed/campus-connect-pro-complete/vendor/laravel/framework/src/Illuminate/View/Engines/CompilerEngine.php(72): Illuminate/View/Engines/PhpEngine->evaluatePath('C://Users//nahid//...', Array)
#6 C:/Users/nahid/Downloads/campus-connect-pro-complete-20-features-v2-fixed/campus-connect-pro-complete/vendor/laravel/framework/src/Illuminate/View/View.php(207): Illuminate/View/Engines/CompilerEngine->get('C://Users//nahid//...', Array)
#7 C:/Users/nahid/Downloads/campus-connect-pro-complete-20-features-v2-fixed/campus-connect-pro-complete/vendor/laravel/framework/src/Illuminate/View/View.php(190): Illuminate/View/View->getContents()
#8 C:/Users/nahid/Downloads/campus-connect-pro-complete-20-features-v2-fixed/campus-connect-pro-complete/vendor/laravel/framework/src/Illuminate/View/View.php(159): Illuminate/View/View->renderContents()
#9 C:/Users/nahid/Downloads/campus-connect-pro-complete-20-features-v2-fixed/campus-connect-pro-complete/storage/framework/views/1a60606ced0d8df82d8bc643407dcc93.php(113): Illuminate/View/View->render()
#10 C:/Users/nahid/Downloads/campus-connect-pro-complete-20-features-v2-fixed/campus-connect-pro-complete/vendor/laravel/framework/src/Illuminate/Filesystem/Filesystem.php(123): require('C://Users//nahid//...')
#11 C:/Users/nahid/Downloads/campus-connect-pro-complete-20-features-v2-fixed/campus-connect-pro-complete/vendor/laravel/framework/src/Illuminate/Filesystem/Filesystem.php(124): Illuminate/Filesystem/Filesystem::Illuminate/Filesystem/{closure}()
#12 C:/Users/nahid/Downloads/campus-connect-pro-complete-20-features-v2-fixed/campus-connect-pro-complete/vendor/laravel/framework/src/Illuminate/View/Engines/PhpEngine.php(58): Illuminate/Filesystem/Filesystem->getRequire('C://Users//nahid//...', Array)
#13 C:/Users/nahid/Downloads/campus-connect-pro-complete-20-features-v2-fixed/campus-connect-pro-complete/vendor/laravel/framework/src/Illuminate/View/Engines/CompilerEngine.php(72): Illuminate/View/Engines/PhpEngine->evaluatePath('C://Users//nahid//...', Array)
#14 C:/Users/nahid/Downloads/campus-connect-pro-complete-20-features-v2-fixed/campus-connect-pro-complete/vendor/laravel/framework/src/Illuminate/View/View.php(207): Illuminate/View/Engines/CompilerEngine->get('C://Users//nahid//...', Array)
#15 C:/Users/nahid/Downloads/campus-connect-pro-complete-20-features-v2-fixed/campus-connect-pro-complete/vendor/laravel/framework/src/Illuminate/View/View.php(190): Illuminate/View/View->getContents()
#16 C:/Users/nahid/Downloads/campus-connect-pro-complete-20-features-v2-fixed/campus-connect-pro-complete/vendor/laravel/framework/src/Illuminate/View/View.php(159): Illuminate/View/View->renderContents()
#17 C:/Users/nahid/Downloads/campus-connect-pro-complete-20-features-v2-fixed/campus-connect-pro-complete/vendor/laravel/framework/src/Illuminate/Http/Response.php(69): Illuminate/View/View->render()
#18 C:/Users/nahid/Downloads/campus-connect-pro-complete-20-features-v2-fixed/campus-connect-pro-complete/vendor/laravel/framework/src/Illuminate/Http/Response.php(35): Illuminate/Http/Response->setContent(Object(Illuminate/View/View))
#19 C:/Users/nahid/Downloads/campus-connect-pro-complete-20-features-v2-fixed/campus-connect-pro-complete/vendor/laravel/framework/src/Illuminate/Routing/Router.php(918): Illuminate/Http/Response->__construct(Object(Illuminate/View/View), 200, Array)
#20 C:/Users/nahid/Downloads/campus-connect-pro-complete-20-features-v2-fixed/campus-connect-pro-complete/vendor/laravel/framework/src/Illuminate/Routing/Router.php(885): Illuminate/Routing/Router::toResponse(Object(Illuminate/Http/Request), Object(Illuminate/View/View))
#21 C:/Users/nahid/Downloads/campus-connect-pro-complete-20-features-v2-fixed/campus-connect-pro-complete/vendor/laravel/framework/src/Illuminate/Routing/Router.php(805): Illuminate/Routing/Router->prepareResponse(Object(Illuminate/Http/Request), Object(Illuminate/View/View))
#22 C:/Users/nahid/Downloads/campus-connect-pro-complete-20-features-v2-fixed/campus-connect-pro-complete/vendor/laravel/framework/src/Illuminate/Pipeline/Pipeline.php(144): Illuminate/Routing/Router->Illuminate/Routing/{closure}(Object(Illuminate/Http/Request))
#23 C:/Users/nahid/Downloads/campus-connect-pro-complete-20-features-v2-fixed/campus-connect-pro-complete/app/Http/Middleware/CheckSuspended.php(19): Illuminate/Pipeline/Pipeline->Illuminate/Pipeline/{closure}(Object(Illuminate/Http/Request))
#24 C:/Users/nahid/Downloads/campus-connect-pro-complete-20-features-v2-fixed/campus-connect-pro-complete/vendor/laravel/framework/src/Illuminate/Pipeline/Pipeline.php(183): App/Http/Middleware/CheckSuspended->handle(Object(Illuminate/Http/Request), Object(Closure))
#25 C:/Users/nahid/Downloads/campus-connect-pro-complete-20-features-v2-fixed/campus-connect-pro-complete/vendor/laravel/framework/src/Illuminate/Routing/Middleware/SubstituteBindings.php(50): Illuminate/Pipeline/Pipeline->Illuminate/Pipeline/{closure}(Object(Illuminate/Http/Request))
#26 C:/Users/nahid/Downloads/campus-connect-pro-complete-20-features-v2-fixed/campus-connect-pro-complete/vendor/laravel/framework/src/Illuminate/Pipeline/Pipeline.php(183): Illuminate/Routing/Middleware/SubstituteBindings->handle(Object(Illuminate/Http/Request), Object(Closure))
#27 C:/Users/nahid/Downloads/campus-connect-pro-complete-20-features-v2-fixed/campus-connect-pro-complete/vendor/laravel/framework/src/Illuminate/Auth/Middleware/Authenticate.php(57): Illuminate/Pipeline/Pipeline->Illuminate/Pipeline/{closure}(Object(Illuminate/Http/Request))
#28 C:/Users/nahid/Downloads/campus-connect-pro-complete-20-features-v2-fixed/campus-connect-pro-complete/vendor/laravel/framework/src/Illuminate/Pipeline/Pipeline.php(183): Illuminate/Auth/Middleware/Authenticate->handle(Object(Illuminate/Http/Request), Object(Closure))
#29 C:/Users/nahid/Downloads/campus-connect-pro-complete-20-features-v2-fixed/campus-connect-pro-complete/vendor/laravel/framework/src/Illuminate/Foundation/Http/Middleware/VerifyCsrfToken.php(78): Illuminate/Pipeline/Pipeline->Illuminate/Pipeline/{closure}(Object(Illuminate/Http/Request))
#30 C:/Users/nahid/Downloads/campus-connect-pro-complete-20-features-v2-fixed/campus-connect-pro-complete/vendor/laravel/framework/src/Illuminate/Pipeline/Pipeline.php(183): Illuminate/Foundation/Http/Middleware/VerifyCsrfToken->handle(Object(Illuminate/Http/Request), Object(Closure))
#31 C:/Users/nahid/Downloads/campus-connect-pro-complete-20-features-v2-fixed/campus-connect-pro-complete/vendor/laravel/framework/src/Illuminate/View/Middleware/ShareErrorsFromSession.php(49): Illuminate/Pipeline/Pipeline->Illuminate/Pipeline/{closure}(Object(Illuminate/Http/Request))
#32 C:/Users/nahid/Downloads/campus-connect-pro-complete-20-features-v2-fixed/campus-connect-pro-complete/vendor/laravel/framework/src/Illuminate/Pipeline/Pipeline.php(183): Illuminate/View/Middleware/ShareErrorsFromSession->handle(Object(Illuminate/Http/Request), Object(Closure))
#33 C:/Users/nahid/Downloads/campus-connect-pro-complete-20-features-v2-fixed/campus-connect-pro-complete/vendor/laravel/framework/src/Illuminate/Session/Middleware/StartSession.php(121): Illuminate/Pipeline/Pipeline->Illuminate/Pipeline/{closure}(Object(Illuminate/Http/Request))
#34 C:/Users/nahid/Downloads/campus-connect-pro-complete-20-features-v2-fixed/campus-connect-pro-complete/vendor/laravel/framework/src/Illuminate/Session/Middleware/StartSession.php(64): Illuminate/Session/Middleware/StartSession->handleStatefulRequest(Object(Illuminate/Http/Request), Object(Illuminate/Session/Store), Object(Closure))
#35 C:/Users/nahid/Downloads/campus-connect-pro-complete-20-features-v2-fixed/campus-connect-pro-complete/vendor/laravel/framework/src/Illuminate/Pipeline/Pipeline.php(183): Illuminate/Session/Middleware/StartSession->handle(Object(Illuminate/Http/Request), Object(Closure))
#36 C:/Users/nahid/Downloads/campus-connect-pro-complete-20-features-v2-fixed/campus-connect-pro-complete/vendor/laravel/framework/src/Illuminate/Cookie/Middleware/AddQueuedCookiesToResponse.php(37): Illuminate/Pipeline/Pipeline->Illuminate/Pipeline/{closure}(Object(Illuminate/Http/Request))
#37 C:/Users/nahid/Downloads/campus-connect-pro-complete-20-features-v2-fixed/campus-connect-pro-complete/vendor/laravel/framework/src/Illuminate/Pipeline/Pipeline.php(183): Illuminate/Cookie/Middleware/AddQueuedCookiesToResponse->handle(Object(Illuminate/Http/Request), Object(Closure))
#38 C:/Users/nahid/Downloads/campus-connect-pro-complete-20-features-v2-fixed/campus-connect-pro-complete/vendor/laravel/framework/src/Illuminate/Cookie/Middleware/EncryptCookies.php(67): Illuminate/Pipeline/Pipeline->Illuminate/Pipeline/{closure}(Object(Illuminate/Http/Request))
#39 C:/Users/nahid/Downloads/campus-connect-pro-complete-20-features-v2-fixed/campus-connect-pro-complete/vendor/laravel/framework/src/Illuminate/Pipeline/Pipeline.php(183): Illuminate/Cookie/Middleware/EncryptCookies->handle(Object(Illuminate/Http/Request), Object(Closure))
#40 C:/Users/nahid/Downloads/campus-connect-pro-complete-20-features-v2-fixed/campus-connect-pro-complete/vendor/laravel/framework/src/Illuminate/Pipeline/Pipeline.php(119): Illuminate/Pipeline/Pipeline->Illuminate/Pipeline/{closure}(Object(Illuminate/Http/Request))
#41 C:/Users/nahid/Downloads/campus-connect-pro-complete-20-features-v2-fixed/campus-connect-pro-complete/vendor/laravel/framework/src/Illuminate/Routing/Router.php(805): Illuminate/Pipeline/Pipeline->then(Object(Closure))
#42 C:/Users/nahid/Downloads/campus-connect-pro-complete-20-features-v2-fixed/campus-connect-pro-complete/vendor/laravel/framework/src/Illuminate/Routing/Router.php(784): Illuminate/Routing/Router->runRouteWithinStack(Object(Illuminate/Routing/Route), Object(Illuminate/Http/Request))
#43 C:/Users/nahid/Downloads/campus-connect-pro-complete-20-features-v2-fixed/campus-connect-pro-complete/vendor/laravel/framework/src/Illuminate/Routing/Router.php(748): Illuminate/Routing/Router->runRoute(Object(Illuminate/Http/Request), Object(Illuminate/Routing/Route))
#44 C:/Users/nahid/Downloads/campus-connect-pro-complete-20-features-v2-fixed/campus-connect-pro-complete/vendor/laravel/framework/src/Illuminate/Routing/Router.php(737): Illuminate/Routing/Router->dispatchToRoute(Object(Illuminate/Http/Request))
#45 C:/Users/nahid/Downloads/campus-connect-pro-complete-20-features-v2-fixed/campus-connect-pro-complete/vendor/laravel/framework/src/Illuminate/Foundation/Http/Kernel.php(200): Illuminate/Routing/Router->dispatch(Object(Illuminate/Http/Request))
#46 C:/Users/nahid/Downloads/campus-connect-pro-complete-20-features-v2-fixed/campus-connect-pro-complete/vendor/laravel/framework/src/Illuminate/Pipeline/Pipeline.php(144): Illuminate/Foundation/Http/Kernel->Illuminate/Foundation/Http/{closure}(Object(Illuminate/Http/Request))
#47 C:/Users/nahid/Downloads/campus-connect-pro-complete-20-features-v2-fixed/campus-connect-pro-complete/vendor/laravel/framework/src/Illuminate/Foundation/Http/Middleware/TransformsRequest.php(21): Illuminate/Pipeline/Pipeline->Illuminate/Pipeline/{closure}(Object(Illuminate/Http/Request))
#48 C:/Users/nahid/Downloads/campus-connect-pro-complete-20-features-v2-fixed/campus-connect-pro-complete/vendor/laravel/framework/src/Illuminate/Foundation/Http/Middleware/ConvertEmptyStringsToNull.php(31): Illuminate/Foundation/Http/Middleware/TransformsRequest->handle(Object(Illuminate/Http/Request), Object(Closure))
#49 C:/Users/nahid/Downloads/campus-connect-pro-complete-20-features-v2-fixed/campus-connect-pro-complete/vendor/laravel/framework/src/Illuminate/Pipeline/Pipeline.php(183): Illuminate/Foundation/Http/Middleware/ConvertEmptyStringsToNull->handle(Object(Illuminate/Http/Request), Object(Closure))
#50 C:/Users/nahid/Downloads/campus-connect-pro-complete-20-features-v2-fixed/campus-connect-pro-complete/vendor/laravel/framework/src/Illuminate/Foundation/Http/Middleware/TransformsRequest.php(21): Illuminate/Pipeline/Pipeline->Illuminate/Pipeline/{closure}(Object(Illuminate/Http/Request))
#51 C:/Users/nahid/Downloads/campus-connect-pro-complete-20-features-v2-fixed/campus-connect-pro-complete/vendor/laravel/framework/src/Illuminate/Foundation/Http/Middleware/TrimStrings.php(40): Illuminate/Foundation/Http/Middleware/TransformsRequest->handle(Object(Illuminate/Http/Request), Object(Closure))
#52 C:/Users/nahid/Downloads/campus-connect-pro-complete-20-features-v2-fixed/campus-connect-pro-complete/vendor/laravel/framework/src/Illuminate/Pipeline/Pipeline.php(183): Illuminate/Foundation/Http/Middleware/TrimStrings->handle(Object(Illuminate/Http/Request), Object(Closure))
#53 C:/Users/nahid/Downloads/campus-connect-pro-complete-20-features-v2-fixed/campus-connect-pro-complete/vendor/laravel/framework/src/Illuminate/Foundation/Http/Middleware/ValidatePostSize.php(27): Illuminate/Pipeline/Pipeline->Illuminate/Pipeline/{closure}(Object(Illuminate/Http/Request))
#54 C:/Users/nahid/Downloads/campus-connect-pro-complete-20-features-v2-fixed/campus-connect-pro-complete/vendor/laravel/framework/src/Illuminate/Pipeline/Pipeline.php(183): Illuminate/Foundation/Http/Middleware/ValidatePostSize->handle(Object(Illuminate/Http/Request), Object(Closure))
#55 C:/Users/nahid/Downloads/campus-connect-pro-complete-20-features-v2-fixed/campus-connect-pro-complete/vendor/laravel/framework/src/Illuminate/Http/Middleware/HandleCors.php(49): Illuminate/Pipeline/Pipeline->Illuminate/Pipeline/{closure}(Object(Illuminate/Http/Request))
#56 C:/Users/nahid/Downloads/campus-connect-pro-complete-20-features-v2-fixed/campus-connect-pro-complete/vendor/laravel/framework/src/Illuminate/Pipeline/Pipeline.php(183): Illuminate/Http/Middleware/HandleCors->handle(Object(Illuminate/Http/Request), Object(Closure))
#57 C:/Users/nahid/Downloads/campus-connect-pro-complete-20-features-v2-fixed/campus-connect-pro-complete/vendor/laravel/framework/src/Illuminate/Pipeline/Pipeline.php(119): Illuminate/Pipeline/Pipeline->Illuminate/Pipeline/{closure}(Object(Illuminate/Http/Request))
#58 C:/Users/nahid/Downloads/campus-connect-pro-complete-20-features-v2-fixed/campus-connect-pro-complete/vendor/laravel/framework/src/Illuminate/Foundation/Http/Kernel.php(175): Illuminate/Pipeline/Pipeline->then(Object(Closure))
#59 C:/Users/nahid/Downloads/campus-connect-pro-complete-20-features-v2-fixed/campus-connect-pro-complete/vendor/laravel/framework/src/Illuminate/Foundation/Http/Kernel.php(144): Illuminate/Foundation/Http/Kernel->sendRequestThroughRouter(Object(Illuminate/Http/Request))
#60 C:/Users/nahid/Downloads/campus-connect-pro-complete-20-features-v2-fixed/campus-connect-pro-complete/public/index.php(20): Illuminate/Foundation/Http/Kernel->handle(Object(Illuminate/Http/Request))
#61 C:/Users/nahid/Downloads/campus-connect-pro-complete-20-features-v2-fixed/campus-connect-pro-complete/vendor/laravel/framework/src/Illuminate/Foundation/resources/server.php(16): require_once('C://Users//nahid//...')
#62 {main}
"} 
[2026-05-05 08:14:08] laravel.EMERGENCY: Unable to create configured logger. Using emergency logger. {"exception":"[object] (InvalidArgumentException(code: 0): Log [] is not defined. at C:/Users/nahid/Downloads/campus-connect-pro-complete-20-features-v2-fixed/campus-connect-pro-complete/vendor/laravel/framework/src/Illuminate/Log/LogManager.php:212)
[stacktrace]
#0 C:/Users/nahid/Downloads/campus-connect-pro-complete-20-features-v2-fixed/campus-connect-pro-complete/vendor/laravel/framework/src/Illuminate/Log/LogManager.php(137): Illuminate/Log/LogManager->resolve(NULL, NULL)
#1 C:/Users/nahid/Downloads/campus-connect-pro-complete-20-features-v2-fixed/campus-connect-pro-complete/vendor/laravel/framework/src/Illuminate/Log/LogManager.php(124): Illuminate/Log/LogManager->get(NULL)
#2 C:/Users/nahid/Downloads/campus-connect-pro-complete-20-features-v2-fixed/campus-connect-pro-complete/vendor/laravel/framework/src/Illuminate/Log/LogManager.php(681): Illuminate/Log/LogManager->driver()
#3 C:/Users/nahid/Downloads/campus-connect-pro-complete-20-features-v2-fixed/campus-connect-pro-complete/vendor/laravel/framework/src/Illuminate/Foundation/Exceptions/Handler.php(317): Illuminate/Log/LogManager->error('View [deadlines...', Array)
#4 C:/Users/nahid/Downloads/campus-connect-pro-complete-20-features-v2-fixed/campus-connect-pro-complete/vendor/laravel/framework/src/Illuminate/Foundation/Exceptions/Handler.php(278): Illuminate/Foundation/Exceptions/Handler->reportThrowable(Object(InvalidArgumentException))
#5 C:/Users/nahid/Downloads/campus-connect-pro-complete-20-features-v2-fixed/campus-connect-pro-complete/vendor/laravel/framework/src/Illuminate/Routing/Pipeline.php(49): Illuminate/Foundation/Exceptions/Handler->report(Object(InvalidArgumentException))
#6 C:/Users/nahid/Downloads/campus-connect-pro-complete-20-features-v2-fixed/campus-connect-pro-complete/vendor/laravel/framework/src/Illuminate/Pipeline/Pipeline.php(146): Illuminate/Routing/Pipeline->handleException(Object(Illuminate/Http/Request), Object(InvalidArgumentException))
#7 C:/Users/nahid/Downloads/campus-connect-pro-complete-20-features-v2-fixed/campus-connect-pro-complete/app/Http/Middleware/CheckSuspended.php(19): Illuminate/Pipeline/Pipeline->Illuminate/Pipeline/{closure}(Object(Illuminate/Http/Request))
#8 C:/Users/nahid/Downloads/campus-connect-pro-complete-20-features-v2-fixed/campus-connect-pro-complete/vendor/laravel/framework/src/Illuminate/Pipeline/Pipeline.php(183): App/Http/Middleware/CheckSuspended->handle(Object(Illuminate/Http/Request), Object(Closure))
#9 C:/Users/nahid/Downloads/campus-connect-pro-complete-20-features-v2-fixed/campus-connect-pro-complete/vendor/laravel/framework/src/Illuminate/Routing/Middleware/SubstituteBindings.php(50): Illuminate/Pipeline/Pipeline->Illuminate/Pipeline/{closure}(Object(Illuminate/Http/Request))
#10 C:/Users/nahid/Downloads/campus-connect-pro-complete-20-features-v2-fixed/campus-connect-pro-complete/vendor/laravel/framework/src/Illuminate/Pipeline/Pipeline.php(183): Illuminate/Routing/Middleware/SubstituteBindings->handle(Object(Illuminate/Http/Request), Object(Closure))
#11 C:/Users/nahid/Downloads/campus-connect-pro-complete-20-features-v2-fixed/campus-connect-pro-complete/vendor/laravel/framework/src/Illuminate/Auth/Middleware/Authenticate.php(57): Illuminate/Pipeline/Pipeline->Illuminate/Pipeline/{closure}(Object(Illuminate/Http/Request))
#12 C:/Users/nahid/Downloads/campus-connect-pro-complete-20-features-v2-fixed/campus-connect-pro-complete/vendor/laravel/framework/src/Illuminate/Pipeline/Pipeline.php(183): Illuminate/Auth/Middleware/Authenticate->handle(Object(Illuminate/Http/Request), Object(Closure))
#13 C:/Users/nahid/Downloads/campus-connect-pro-complete-20-features-v2-fixed/campus-connect-pro-complete/vendor/laravel/framework/src/Illuminate/Foundation/Http/Middleware/VerifyCsrfToken.php(78): Illuminate/Pipeline/Pipeline->Illuminate/Pipeline/{closure}(Object(Illuminate/Http/Request))
#14 C:/Users/nahid/Downloads/campus-connect-pro-complete-20-features-v2-fixed/campus-connect-pro-complete/vendor/laravel/framework/src/Illuminate/Pipeline/Pipeline.php(183): Illuminate/Foundation/Http/Middleware/VerifyCsrfToken->handle(Object(Illuminate/Http/Request), Object(Closure))
#15 C:/Users/nahid/Downloads/campus-connect-pro-complete-20-features-v2-fixed/campus-connect-pro-complete/vendor/laravel/framework/src/Illuminate/View/Middleware/ShareErrorsFromSession.php(49): Illuminate/Pipeline/Pipeline->Illuminate/Pipeline/{closure}(Object(Illuminate/Http/Request))
#16 C:/Users/nahid/Downloads/campus-connect-pro-complete-20-features-v2-fixed/campus-connect-pro-complete/vendor/laravel/framework/src/Illuminate/Pipeline/Pipeline.php(183): Illuminate/View/Middleware/ShareErrorsFromSession->handle(Object(Illuminate/Http/Request), Object(Closure))
#17 C:/Users/nahid/Downloads/campus-connect-pro-complete-20-features-v2-fixed/campus-connect-pro-complete/vendor/laravel/framework/src/Illuminate/Session/Middleware/StartSession.php(121): Illuminate/Pipeline/Pipeline->Illuminate/Pipeline/{closure}(Object(Illuminate/Http/Request))
#18 C:/Users/nahid/Downloads/campus-connect-pro-complete-20-features-v2-fixed/campus-connect-pro-complete/vendor/laravel/framework/src/Illuminate/Session/Middleware/StartSession.php(64): Illuminate/Session/Middleware/StartSession->handleStatefulRequest(Object(Illuminate/Http/Request), Object(Illuminate/Session/Store), Object(Closure))
#19 C:/Users/nahid/Downloads/campus-connect-pro-complete-20-features-v2-fixed/campus-connect-pro-complete/vendor/laravel/framework/src/Illuminate/Pipeline/Pipeline.php(183): Illuminate/Session/Middleware/StartSession->handle(Object(Illuminate/Http/Request), Object(Closure))
#20 C:/Users/nahid/Downloads/campus-connect-pro-complete-20-features-v2-fixed/campus-connect-pro-complete/vendor/laravel/framework/src/Illuminate/Cookie/Middleware/AddQueuedCookiesToResponse.php(37): Illuminate/Pipeline/Pipeline->Illuminate/Pipeline/{closure}(Object(Illuminate/Http/Request))
#21 C:/Users/nahid/Downloads/campus-connect-pro-complete-20-features-v2-fixed/campus-connect-pro-complete/vendor/laravel/framework/src/Illuminate/Pipeline/Pipeline.php(183): Illuminate/Cookie/Middleware/AddQueuedCookiesToResponse->handle(Object(Illuminate/Http/Request), Object(Closure))
#22 C:/Users/nahid/Downloads/campus-connect-pro-complete-20-features-v2-fixed/campus-connect-pro-complete/vendor/laravel/framework/src/Illuminate/Cookie/Middleware/EncryptCookies.php(67): Illuminate/Pipeline/Pipeline->Illuminate/Pipeline/{closure}(Object(Illuminate/Http/Request))
#23 C:/Users/nahid/Downloads/campus-connect-pro-complete-20-features-v2-fixed/campus-connect-pro-complete/vendor/laravel/framework/src/Illuminate/Pipeline/Pipeline.php(183): Illuminate/Cookie/Middleware/EncryptCookies->handle(Object(Illuminate/Http/Request), Object(Closure))
#24 C:/Users/nahid/Downloads/campus-connect-pro-complete-20-features-v2-fixed/campus-connect-pro-complete/vendor/laravel/framework/src/Illuminate/Pipeline/Pipeline.php(119): Illuminate/Pipeline/Pipeline->Illuminate/Pipeline/{closure}(Object(Illuminate/Http/Request))
#25 C:/Users/nahid/Downloads/campus-connect-pro-complete-20-features-v2-fixed/campus-connect-pro-complete/vendor/laravel/framework/src/Illuminate/Routing/Router.php(805): Illuminate/Pipeline/Pipeline->then(Object(Closure))
#26 C:/Users/nahid/Downloads/campus-connect-pro-complete-20-features-v2-fixed/campus-connect-pro-complete/vendor/laravel/framework/src/Illuminate/Routing/Router.php(784): Illuminate/Routing/Router->runRouteWithinStack(Object(Illuminate/Routing/Route), Object(Illuminate/Http/Request))
#27 C:/Users/nahid/Downloads/campus-connect-pro-complete-20-features-v2-fixed/campus-connect-pro-complete/vendor/laravel/framework/src/Illuminate/Routing/Router.php(748): Illuminate/Routing/Router->runRoute(Object(Illuminate/Http/Request), Object(Illuminate/Routing/Route))
#28 C:/Users/nahid/Downloads/campus-connect-pro-complete-20-features-v2-fixed/campus-connect-pro-complete/vendor/laravel/framework/src/Illuminate/Routing/Router.php(737): Illuminate/Routing/Router->dispatchToRoute(Object(Illuminate/Http/Request))
#29 C:/Users/nahid/Downloads/campus-connect-pro-complete-20-features-v2-fixed/campus-connect-pro-complete/vendor/laravel/framework/src/Illuminate/Foundation/Http/Kernel.php(200): Illuminate/Routing/Router->dispatch(Object(Illuminate/Http/Request))
#30 C:/Users/nahid/Downloads/campus-connect-pro-complete-20-features-v2-fixed/campus-connect-pro-complete/vendor/laravel/framework/src/Illuminate/Pipeline/Pipeline.php(144): Illuminate/Foundation/Http/Kernel->Illuminate/Foundation/Http/{closure}(Object(Illuminate/Http/Request))
#31 C:/Users/nahid/Downloads/campus-connect-pro-complete-20-features-v2-fixed/campus-connect-pro-complete/vendor/laravel/framework/src/Illuminate/Foundation/Http/Middleware/TransformsRequest.php(21): Illuminate/Pipeline/Pipeline->Illuminate/Pipeline/{closure}(Object(Illuminate/Http/Request))
#32 C:/Users/nahid/Downloads/campus-connect-pro-complete-20-features-v2-fixed/campus-connect-pro-complete/vendor/laravel/framework/src/Illuminate/Foundation/Http/Middleware/ConvertEmptyStringsToNull.php(31): Illuminate/Foundation/Http/Middleware/TransformsRequest->handle(Object(Illuminate/Http/Request), Object(Closure))
#33 C:/Users/nahid/Downloads/campus-connect-pro-complete-20-features-v2-fixed/campus-connect-pro-complete/vendor/laravel/framework/src/Illuminate/Pipeline/Pipeline.php(183): Illuminate/Foundation/Http/Middleware/ConvertEmptyStringsToNull->handle(Object(Illuminate/Http/Request), Object(Closure))
#34 C:/Users/nahid/Downloads/campus-connect-pro-complete-20-features-v2-fixed/campus-connect-pro-complete/vendor/laravel/framework/src/Illuminate/Foundation/Http/Middleware/TransformsRequest.php(21): Illuminate/Pipeline/Pipeline->Illuminate/Pipeline/{closure}(Object(Illuminate/Http/Request))
#35 C:/Users/nahid/Downloads/campus-connect-pro-complete-20-features-v2-fixed/campus-connect-pro-complete/vendor/laravel/framework/src/Illuminate/Foundation/Http/Middleware/TrimStrings.php(40): Illuminate/Foundation/Http/Middleware/TransformsRequest->handle(Object(Illuminate/Http/Request), Object(Closure))
#36 C:/Users/nahid/Downloads/campus-connect-pro-complete-20-features-v2-fixed/campus-connect-pro-complete/vendor/laravel/framework/src/Illuminate/Pipeline/Pipeline.php(183): Illuminate/Foundation/Http/Middleware/TrimStrings->handle(Object(Illuminate/Http/Request), Object(Closure))
#37 C:/Users/nahid/Downloads/campus-connect-pro-complete-20-features-v2-fixed/campus-connect-pro-complete/vendor/laravel/framework/src/Illuminate/Foundation/Http/Middleware/ValidatePostSize.php(27): Illuminate/Pipeline/Pipeline->Illuminate/Pipeline/{closure}(Object(Illuminate/Http/Request))
#38 C:/Users/nahid/Downloads/campus-connect-pro-complete-20-features-v2-fixed/campus-connect-pro-complete/vendor/laravel/framework/src/Illuminate/Pipeline/Pipeline.php(183): Illuminate/Foundation/Http/Middleware/ValidatePostSize->handle(Object(Illuminate/Http/Request), Object(Closure))
#39 C:/Users/nahid/Downloads/campus-connect-pro-complete-20-features-v2-fixed/campus-connect-pro-complete/vendor/laravel/framework/src/Illuminate/Http/Middleware/HandleCors.php(49): Illuminate/Pipeline/Pipeline->Illuminate/Pipeline/{closure}(Object(Illuminate/Http/Request))
#40 C:/Users/nahid/Downloads/campus-connect-pro-complete-20-features-v2-fixed/campus-connect-pro-complete/vendor/laravel/framework/src/Illuminate/Pipeline/Pipeline.php(183): Illuminate/Http/Middleware/HandleCors->handle(Object(Illuminate/Http/Request), Object(Closure))
#41 C:/Users/nahid/Downloads/campus-connect-pro-complete-20-features-v2-fixed/campus-connect-pro-complete/vendor/laravel/framework/src/Illuminate/Pipeline/Pipeline.php(119): Illuminate/Pipeline/Pipeline->Illuminate/Pipeline/{closure}(Object(Illuminate/Http/Request))
#42 C:/Users/nahid/Downloads/campus-connect-pro-complete-20-features-v2-fixed/campus-connect-pro-complete/vendor/laravel/framework/src/Illuminate/Foundation/Http/Kernel.php(175): Illuminate/Pipeline/Pipeline->then(Object(Closure))
#43 C:/Users/nahid/Downloads/campus-connect-pro-complete-20-features-v2-fixed/campus-connect-pro-complete/vendor/laravel/framework/src/Illuminate/Foundation/Http/Kernel.php(144): Illuminate/Foundation/Http/Kernel->sendRequestThroughRouter(Object(Illuminate/Http/Request))
#44 C:/Users/nahid/Downloads/campus-connect-pro-complete-20-features-v2-fixed/campus-connect-pro-complete/public/index.php(20): Illuminate/Foundation/Http/Kernel->handle(Object(Illuminate/Http/Request))
#45 C:/Users/nahid/Downloads/campus-connect-pro-complete-20-features-v2-fixed/campus-connect-pro-complete/vendor/laravel/framework/src/Illuminate/Foundation/resources/server.php(16): require_once('C://Users//nahid//...')
#46 {main}
"} 
[2026-05-05 08:14:08] laravel.ERROR: View [deadlines.index] not found. {"userId":2,"exception":"[object] (InvalidArgumentException(code: 0): View [deadlines.index] not found. at C:/Users/nahid/Downloads/campus-connect-pro-complete-20-features-v2-fixed/campus-connect-pro-complete/vendor/laravel/framework/src/Illuminate/View/FileViewFinder.php:137)
[stacktrace]
#0 C:/Users/nahid/Downloads/campus-connect-pro-complete-20-features-v2-fixed/campus-connect-pro-complete/vendor/laravel/framework/src/Illuminate/View/FileViewFinder.php(79): Illuminate/View/FileViewFinder->findInPaths('deadlines.index', Array)
#1 C:/Users/nahid/Downloads/campus-connect-pro-complete-20-features-v2-fixed/campus-connect-pro-complete/vendor/laravel/framework/src/Illuminate/View/Factory.php(137): Illuminate/View/FileViewFinder->find('deadlines.index')
#2 C:/Users/nahid/Downloads/campus-connect-pro-complete-20-features-v2-fixed/campus-connect-pro-complete/vendor/laravel/framework/src/Illuminate/Foundation/helpers.php(1020): Illuminate/View/Factory->make('deadlines.index', Array, Array)
#3 C:/Users/nahid/Downloads/campus-connect-pro-complete-20-features-v2-fixed/campus-connect-pro-complete/app/Http/Controllers/DeadlineController.php(18): view('deadlines.index', Array)
#4 C:/Users/nahid/Downloads/campus-connect-pro-complete-20-features-v2-fixed/campus-connect-pro-complete/vendor/laravel/framework/src/Illuminate/Routing/Controller.php(54): App/Http/Controllers/DeadlineController->index()
#5 C:/Users/nahid/Downloads/campus-connect-pro-complete-20-features-v2-fixed/campus-connect-pro-complete/vendor/laravel/framework/src/Illuminate/Routing/ControllerDispatcher.php(43): Illuminate/Routing/Controller->callAction('index', Array)
#6 C:/Users/nahid/Downloads/campus-connect-pro-complete-20-features-v2-fixed/campus-connect-pro-complete/vendor/laravel/framework/src/Illuminate/Routing/Route.php(259): Illuminate/Routing/ControllerDispatcher->dispatch(Object(Illuminate/Routing/Route), Object(App/Http/Controllers/DeadlineController), 'index')
#7 C:/Users/nahid/Downloads/campus-connect-pro-complete-20-features-v2-fixed/campus-connect-pro-complete/vendor/laravel/framework/src/Illuminate/Routing/Route.php(205): Illuminate/Routing/Route->runController()
#8 C:/Users/nahid/Downloads/campus-connect-pro-complete-20-features-v2-fixed/campus-connect-pro-complete/vendor/laravel/framework/src/Illuminate/Routing/Router.php(806): Illuminate/Routing/Route->run()
#9 C:/Users/nahid/Downloads/campus-connect-pro-complete-20-features-v2-fixed/campus-connect-pro-complete/vendor/laravel/framework/src/Illuminate/Pipeline/Pipeline.php(144): Illuminate/Routing/Router->Illuminate/Routing/{closure}(Object(Illuminate/Http/Request))
#10 C:/Users/nahid/Downloads/campus-connect-pro-complete-20-features-v2-fixed/campus-connect-pro-complete/app/Http/Middleware/CheckSuspended.php(19): Illuminate/Pipeline/Pipeline->Illuminate/Pipeline/{closure}(Object(Illuminate/Http/Request))
#11 C:/Users/nahid/Downloads/campus-connect-pro-complete-20-features-v2-fixed/campus-connect-pro-complete/vendor/laravel/framework/src/Illuminate/Pipeline/Pipeline.php(183): App/Http/Middleware/CheckSuspended->handle(Object(Illuminate/Http/Request), Object(Closure))
#12 C:/Users/nahid/Downloads/campus-connect-pro-complete-20-features-v2-fixed/campus-connect-pro-complete/vendor/laravel/framework/src/Illuminate/Routing/Middleware/SubstituteBindings.php(50): Illuminate/Pipeline/Pipeline->Illuminate/Pipeline/{closure}(Object(Illuminate/Http/Request))
#13 C:/Users/nahid/Downloads/campus-connect-pro-complete-20-features-v2-fixed/campus-connect-pro-complete/vendor/laravel/framework/src/Illuminate/Pipeline/Pipeline.php(183): Illuminate/Routing/Middleware/SubstituteBindings->handle(Object(Illuminate/Http/Request), Object(Closure))
#14 C:/Users/nahid/Downloads/campus-connect-pro-complete-20-features-v2-fixed/campus-connect-pro-complete/vendor/laravel/framework/src/Illuminate/Auth/Middleware/Authenticate.php(57): Illuminate/Pipeline/Pipeline->Illuminate/Pipeline/{closure}(Object(Illuminate/Http/Request))
#15 C:/Users/nahid/Downloads/campus-connect-pro-complete-20-features-v2-fixed/campus-connect-pro-complete/vendor/laravel/framework/src/Illuminate/Pipeline/Pipeline.php(183): Illuminate/Auth/Middleware/Authenticate->handle(Object(Illuminate/Http/Request), Object(Closure))
#16 C:/Users/nahid/Downloads/campus-connect-pro-complete-20-features-v2-fixed/campus-connect-pro-complete/vendor/laravel/framework/src/Illuminate/Foundation/Http/Middleware/VerifyCsrfToken.php(78): Illuminate/Pipeline/Pipeline->Illuminate/Pipeline/{closure}(Object(Illuminate/Http/Request))
#17 C:/Users/nahid/Downloads/campus-connect-pro-complete-20-features-v2-fixed/campus-connect-pro-complete/vendor/laravel/framework/src/Illuminate/Pipeline/Pipeline.php(183): Illuminate/Foundation/Http/Middleware/VerifyCsrfToken->handle(Object(Illuminate/Http/Request), Object(Closure))
#18 C:/Users/nahid/Downloads/campus-connect-pro-complete-20-features-v2-fixed/campus-connect-pro-complete/vendor/laravel/framework/src/Illuminate/View/Middleware/ShareErrorsFromSession.php(49): Illuminate/Pipeline/Pipeline->Illuminate/Pipeline/{closure}(Object(Illuminate/Http/Request))
#19 C:/Users/nahid/Downloads/campus-connect-pro-complete-20-features-v2-fixed/campus-connect-pro-complete/vendor/laravel/framework/src/Illuminate/Pipeline/Pipeline.php(183): Illuminate/View/Middleware/ShareErrorsFromSession->handle(Object(Illuminate/Http/Request), Object(Closure))
#20 C:/Users/nahid/Downloads/campus-connect-pro-complete-20-features-v2-fixed/campus-connect-pro-complete/vendor/laravel/framework/src/Illuminate/Session/Middleware/StartSession.php(121): Illuminate/Pipeline/Pipeline->Illuminate/Pipeline/{closure}(Object(Illuminate/Http/Request))
#21 C:/Users/nahid/Downloads/campus-connect-pro-complete-20-features-v2-fixed/campus-connect-pro-complete/vendor/laravel/framework/src/Illuminate/Session/Middleware/StartSession.php(64): Illuminate/Session/Middleware/StartSession->handleStatefulRequest(Object(Illuminate/Http/Request), Object(Illuminate/Session/Store), Object(Closure))
#22 C:/Users/nahid/Downloads/campus-connect-pro-complete-20-features-v2-fixed/campus-connect-pro-complete/vendor/laravel/framework/src/Illuminate/Pipeline/Pipeline.php(183): Illuminate/Session/Middleware/StartSession->handle(Object(Illuminate/Http/Request), Object(Closure))
#23 C:/Users/nahid/Downloads/campus-connect-pro-complete-20-features-v2-fixed/campus-connect-pro-complete/vendor/laravel/framework/src/Illuminate/Cookie/Middleware/AddQueuedCookiesToResponse.php(37): Illuminate/Pipeline/Pipeline->Illuminate/Pipeline/{closure}(Object(Illuminate/Http/Request))
#24 C:/Users/nahid/Downloads/campus-connect-pro-complete-20-features-v2-fixed/campus-connect-pro-complete/vendor/laravel/framework/src/Illuminate/Pipeline/Pipeline.php(183): Illuminate/Cookie/Middleware/AddQueuedCookiesToResponse->handle(Object(Illuminate/Http/Request), Object(Closure))
#25 C:/Users/nahid/Downloads/campus-connect-pro-complete-20-features-v2-fixed/campus-connect-pro-complete/vendor/laravel/framework/src/Illuminate/Cookie/Middleware/EncryptCookies.php(67): Illuminate/Pipeline/Pipeline->Illuminate/Pipeline/{closure}(Object(Illuminate/Http/Request))
#26 C:/Users/nahid/Downloads/campus-connect-pro-complete-20-features-v2-fixed/campus-connect-pro-complete/vendor/laravel/framework/src/Illuminate/Pipeline/Pipeline.php(183): Illuminate/Cookie/Middleware/EncryptCookies->handle(Object(Illuminate/Http/Request), Object(Closure))
#27 C:/Users/nahid/Downloads/campus-connect-pro-complete-20-features-v2-fixed/campus-connect-pro-complete/vendor/laravel/framework/src/Illuminate/Pipeline/Pipeline.php(119): Illuminate/Pipeline/Pipeline->Illuminate/Pipeline/{closure}(Object(Illuminate/Http/Request))
#28 C:/Users/nahid/Downloads/campus-connect-pro-complete-20-features-v2-fixed/campus-connect-pro-complete/vendor/laravel/framework/src/Illuminate/Routing/Router.php(805): Illuminate/Pipeline/Pipeline->then(Object(Closure))
#29 C:/Users/nahid/Downloads/campus-connect-pro-complete-20-features-v2-fixed/campus-connect-pro-complete/vendor/laravel/framework/src/Illuminate/Routing/Router.php(784): Illuminate/Routing/Router->runRouteWithinStack(Object(Illuminate/Routing/Route), Object(Illuminate/Http/Request))
#30 C:/Users/nahid/Downloads/campus-connect-pro-complete-20-features-v2-fixed/campus-connect-pro-complete/vendor/laravel/framework/src/Illuminate/Routing/Router.php(748): Illuminate/Routing/Router->runRoute(Object(Illuminate/Http/Request), Object(Illuminate/Routing/Route))
#31 C:/Users/nahid/Downloads/campus-connect-pro-complete-20-features-v2-fixed/campus-connect-pro-complete/vendor/laravel/framework/src/Illuminate/Routing/Router.php(737): Illuminate/Routing/Router->dispatchToRoute(Object(Illuminate/Http/Request))
#32 C:/Users/nahid/Downloads/campus-connect-pro-complete-20-features-v2-fixed/campus-connect-pro-complete/vendor/laravel/framework/src/Illuminate/Foundation/Http/Kernel.php(200): Illuminate/Routing/Router->dispatch(Object(Illuminate/Http/Request))
#33 C:/Users/nahid/Downloads/campus-connect-pro-complete-20-features-v2-fixed/campus-connect-pro-complete/vendor/laravel/framework/src/Illuminate/Pipeline/Pipeline.php(144): Illuminate/Foundation/Http/Kernel->Illuminate/Foundation/Http/{closure}(Object(Illuminate/Http/Request))
#34 C:/Users/nahid/Downloads/campus-connect-pro-complete-20-features-v2-fixed/campus-connect-pro-complete/vendor/laravel/framework/src/Illuminate/Foundation/Http/Middleware/TransformsRequest.php(21): Illuminate/Pipeline/Pipeline->Illuminate/Pipeline/{closure}(Object(Illuminate/Http/Request))
#35 C:/Users/nahid/Downloads/campus-connect-pro-complete-20-features-v2-fixed/campus-connect-pro-complete/vendor/laravel/framework/src/Illuminate/Foundation/Http/Middleware/ConvertEmptyStringsToNull.php(31): Illuminate/Foundation/Http/Middleware/TransformsRequest->handle(Object(Illuminate/Http/Request), Object(Closure))
#36 C:/Users/nahid/Downloads/campus-connect-pro-complete-20-features-v2-fixed/campus-connect-pro-complete/vendor/laravel/framework/src/Illuminate/Pipeline/Pipeline.php(183): Illuminate/Foundation/Http/Middleware/ConvertEmptyStringsToNull->handle(Object(Illuminate/Http/Request), Object(Closure))
#37 C:/Users/nahid/Downloads/campus-connect-pro-complete-20-features-v2-fixed/campus-connect-pro-complete/vendor/laravel/framework/src/Illuminate/Foundation/Http/Middleware/TransformsRequest.php(21): Illuminate/Pipeline/Pipeline->Illuminate/Pipeline/{closure}(Object(Illuminate/Http/Request))
#38 C:/Users/nahid/Downloads/campus-connect-pro-complete-20-features-v2-fixed/campus-connect-pro-complete/vendor/laravel/framework/src/Illuminate/Foundation/Http/Middleware/TrimStrings.php(40): Illuminate/Foundation/Http/Middleware/TransformsRequest->handle(Object(Illuminate/Http/Request), Object(Closure))
#39 C:/Users/nahid/Downloads/campus-connect-pro-complete-20-features-v2-fixed/campus-connect-pro-complete/vendor/laravel/framework/src/Illuminate/Pipeline/Pipeline.php(183): Illuminate/Foundation/Http/Middleware/TrimStrings->handle(Object(Illuminate/Http/Request), Object(Closure))
#40 C:/Users/nahid/Downloads/campus-connect-pro-complete-20-features-v2-fixed/campus-connect-pro-complete/vendor/laravel/framework/src/Illuminate/Foundation/Http/Middleware/ValidatePostSize.php(27): Illuminate/Pipeline/Pipeline->Illuminate/Pipeline/{closure}(Object(Illuminate/Http/Request))
#41 C:/Users/nahid/Downloads/campus-connect-pro-complete-20-features-v2-fixed/campus-connect-pro-complete/vendor/laravel/framework/src/Illuminate/Pipeline/Pipeline.php(183): Illuminate/Foundation/Http/Middleware/ValidatePostSize->handle(Object(Illuminate/Http/Request), Object(Closure))
#42 C:/Users/nahid/Downloads/campus-connect-pro-complete-20-features-v2-fixed/campus-connect-pro-complete/vendor/laravel/framework/src/Illuminate/Http/Middleware/HandleCors.php(49): Illuminate/Pipeline/Pipeline->Illuminate/Pipeline/{closure}(Object(Illuminate/Http/Request))
#43 C:/Users/nahid/Downloads/campus-connect-pro-complete-20-features-v2-fixed/campus-connect-pro-complete/vendor/laravel/framework/src/Illuminate/Pipeline/Pipeline.php(183): Illuminate/Http/Middleware/HandleCors->handle(Object(Illuminate/Http/Request), Object(Closure))
#44 C:/Users/nahid/Downloads/campus-connect-pro-complete-20-features-v2-fixed/campus-connect-pro-complete/vendor/laravel/framework/src/Illuminate/Pipeline/Pipeline.php(119): Illuminate/Pipeline/Pipeline->Illuminate/Pipeline/{closure}(Object(Illuminate/Http/Request))
#45 C:/Users/nahid/Downloads/campus-connect-pro-complete-20-features-v2-fixed/campus-connect-pro-complete/vendor/laravel/framework/src/Illuminate/Foundation/Http/Kernel.php(175): Illuminate/Pipeline/Pipeline->then(Object(Closure))
#46 C:/Users/nahid/Downloads/campus-connect-pro-complete-20-features-v2-fixed/campus-connect-pro-complete/vendor/laravel/framework/src/Illuminate/Foundation/Http/Kernel.php(144): Illuminate/Foundation/Http/Kernel->sendRequestThroughRouter(Object(Illuminate/Http/Request))
#47 C:/Users/nahid/Downloads/campus-connect-pro-complete-20-features-v2-fixed/campus-connect-pro-complete/public/index.php(20): Illuminate/Foundation/Http/Kernel->handle(Object(Illuminate/Http/Request))
#48 C:/Users/nahid/Downloads/campus-connect-pro-complete-20-features-v2-fixed/campus-connect-pro-complete/vendor/laravel/framework/src/Illuminate/Foundation/resources/server.php(16): require_once('C://Users//nahid//...')
#49 {main}
"} 
[2026-05-05 08:14:19] laravel.EMERGENCY: Unable to create configured logger. Using emergency logger. {"exception":"[object] (InvalidArgumentException(code: 0): Log [] is not defined. at C:/Users/nahid/Downloads/campus-connect-pro-complete-20-features-v2-fixed/campus-connect-pro-complete/vendor/laravel/framework/src/Illuminate/Log/LogManager.php:212)
[stacktrace]
#0 C:/Users/nahid/Downloads/campus-connect-pro-complete-20-features-v2-fixed/campus-connect-pro-complete/vendor/laravel/framework/src/Illuminate/Log/LogManager.php(137): Illuminate/Log/LogManager->resolve(NULL, NULL)
#1 C:/Users/nahid/Downloads/campus-connect-pro-complete-20-features-v2-fixed/campus-connect-pro-complete/vendor/laravel/framework/src/Illuminate/Log/LogManager.php(124): Illuminate/Log/LogManager->get(NULL)
#2 C:/Users/nahid/Downloads/campus-connect-pro-complete-20-features-v2-fixed/campus-connect-pro-complete/vendor/laravel/framework/src/Illuminate/Log/LogManager.php(681): Illuminate/Log/LogManager->driver()
#3 C:/Users/nahid/Downloads/campus-connect-pro-complete-20-features-v2-fixed/campus-connect-pro-complete/vendor/laravel/framework/src/Illuminate/Foundation/Exceptions/Handler.php(317): Illuminate/Log/LogManager->error('View [deadlines...', Array)
#4 C:/Users/nahid/Downloads/campus-connect-pro-complete-20-features-v2-fixed/campus-connect-pro-complete/vendor/laravel/framework/src/Illuminate/Foundation/Exceptions/Handler.php(278): Illuminate/Foundation/Exceptions/Handler->reportThrowable(Object(InvalidArgumentException))
#5 C:/Users/nahid/Downloads/campus-connect-pro-complete-20-features-v2-fixed/campus-connect-pro-complete/vendor/laravel/framework/src/Illuminate/Routing/Pipeline.php(49): Illuminate/Foundation/Exceptions/Handler->report(Object(InvalidArgumentException))
#6 C:/Users/nahid/Downloads/campus-connect-pro-complete-20-features-v2-fixed/campus-connect-pro-complete/vendor/laravel/framework/src/Illuminate/Pipeline/Pipeline.php(146): Illuminate/Routing/Pipeline->handleException(Object(Illuminate/Http/Request), Object(InvalidArgumentException))
#7 C:/Users/nahid/Downloads/campus-connect-pro-complete-20-features-v2-fixed/campus-connect-pro-complete/app/Http/Middleware/CheckSuspended.php(19): Illuminate/Pipeline/Pipeline->Illuminate/Pipeline/{closure}(Object(Illuminate/Http/Request))
#8 C:/Users/nahid/Downloads/campus-connect-pro-complete-20-features-v2-fixed/campus-connect-pro-complete/vendor/laravel/framework/src/Illuminate/Pipeline/Pipeline.php(183): App/Http/Middleware/CheckSuspended->handle(Object(Illuminate/Http/Request), Object(Closure))
#9 C:/Users/nahid/Downloads/campus-connect-pro-complete-20-features-v2-fixed/campus-connect-pro-complete/vendor/laravel/framework/src/Illuminate/Routing/Middleware/SubstituteBindings.php(50): Illuminate/Pipeline/Pipeline->Illuminate/Pipeline/{closure}(Object(Illuminate/Http/Request))
#10 C:/Users/nahid/Downloads/campus-connect-pro-complete-20-features-v2-fixed/campus-connect-pro-complete/vendor/laravel/framework/src/Illuminate/Pipeline/Pipeline.php(183): Illuminate/Routing/Middleware/SubstituteBindings->handle(Object(Illuminate/Http/Request), Object(Closure))
#11 C:/Users/nahid/Downloads/campus-connect-pro-complete-20-features-v2-fixed/campus-connect-pro-complete/vendor/laravel/framework/src/Illuminate/Auth/Middleware/Authenticate.php(57): Illuminate/Pipeline/Pipeline->Illuminate/Pipeline/{closure}(Object(Illuminate/Http/Request))
#12 C:/Users/nahid/Downloads/campus-connect-pro-complete-20-features-v2-fixed/campus-connect-pro-complete/vendor/laravel/framework/src/Illuminate/Pipeline/Pipeline.php(183): Illuminate/Auth/Middleware/Authenticate->handle(Object(Illuminate/Http/Request), Object(Closure))
#13 C:/Users/nahid/Downloads/campus-connect-pro-complete-20-features-v2-fixed/campus-connect-pro-complete/vendor/laravel/framework/src/Illuminate/Foundation/Http/Middleware/VerifyCsrfToken.php(78): Illuminate/Pipeline/Pipeline->Illuminate/Pipeline/{closure}(Object(Illuminate/Http/Request))
#14 C:/Users/nahid/Downloads/campus-connect-pro-complete-20-features-v2-fixed/campus-connect-pro-complete/vendor/laravel/framework/src/Illuminate/Pipeline/Pipeline.php(183): Illuminate/Foundation/Http/Middleware/VerifyCsrfToken->handle(Object(Illuminate/Http/Request), Object(Closure))
#15 C:/Users/nahid/Downloads/campus-connect-pro-complete-20-features-v2-fixed/campus-connect-pro-complete/vendor/laravel/framework/src/Illuminate/View/Middleware/ShareErrorsFromSession.php(49): Illuminate/Pipeline/Pipeline->Illuminate/Pipeline/{closure}(Object(Illuminate/Http/Request))
#16 C:/Users/nahid/Downloads/campus-connect-pro-complete-20-features-v2-fixed/campus-connect-pro-complete/vendor/laravel/framework/src/Illuminate/Pipeline/Pipeline.php(183): Illuminate/View/Middleware/ShareErrorsFromSession->handle(Object(Illuminate/Http/Request), Object(Closure))
#17 C:/Users/nahid/Downloads/campus-connect-pro-complete-20-features-v2-fixed/campus-connect-pro-complete/vendor/laravel/framework/src/Illuminate/Session/Middleware/StartSession.php(121): Illuminate/Pipeline/Pipeline->Illuminate/Pipeline/{closure}(Object(Illuminate/Http/Request))
#18 C:/Users/nahid/Downloads/campus-connect-pro-complete-20-features-v2-fixed/campus-connect-pro-complete/vendor/laravel/framework/src/Illuminate/Session/Middleware/StartSession.php(64): Illuminate/Session/Middleware/StartSession->handleStatefulRequest(Object(Illuminate/Http/Request), Object(Illuminate/Session/Store), Object(Closure))
#19 C:/Users/nahid/Downloads/campus-connect-pro-complete-20-features-v2-fixed/campus-connect-pro-complete/vendor/laravel/framework/src/Illuminate/Pipeline/Pipeline.php(183): Illuminate/Session/Middleware/StartSession->handle(Object(Illuminate/Http/Request), Object(Closure))
#20 C:/Users/nahid/Downloads/campus-connect-pro-complete-20-features-v2-fixed/campus-connect-pro-complete/vendor/laravel/framework/src/Illuminate/Cookie/Middleware/AddQueuedCookiesToResponse.php(37): Illuminate/Pipeline/Pipeline->Illuminate/Pipeline/{closure}(Object(Illuminate/Http/Request))
#21 C:/Users/nahid/Downloads/campus-connect-pro-complete-20-features-v2-fixed/campus-connect-pro-complete/vendor/laravel/framework/src/Illuminate/Pipeline/Pipeline.php(183): Illuminate/Cookie/Middleware/AddQueuedCookiesToResponse->handle(Object(Illuminate/Http/Request), Object(Closure))
#22 C:/Users/nahid/Downloads/campus-connect-pro-complete-20-features-v2-fixed/campus-connect-pro-complete/vendor/laravel/framework/src/Illuminate/Cookie/Middleware/EncryptCookies.php(67): Illuminate/Pipeline/Pipeline->Illuminate/Pipeline/{closure}(Object(Illuminate/Http/Request))
#23 C:/Users/nahid/Downloads/campus-connect-pro-complete-20-features-v2-fixed/campus-connect-pro-complete/vendor/laravel/framework/src/Illuminate/Pipeline/Pipeline.php(183): Illuminate/Cookie/Middleware/EncryptCookies->handle(Object(Illuminate/Http/Request), Object(Closure))
#24 C:/Users/nahid/Downloads/campus-connect-pro-complete-20-features-v2-fixed/campus-connect-pro-complete/vendor/laravel/framework/src/Illuminate/Pipeline/Pipeline.php(119): Illuminate/Pipeline/Pipeline->Illuminate/Pipeline/{closure}(Object(Illuminate/Http/Request))
#25 C:/Users/nahid/Downloads/campus-connect-pro-complete-20-features-v2-fixed/campus-connect-pro-complete/vendor/laravel/framework/src/Illuminate/Routing/Router.php(805): Illuminate/Pipeline/Pipeline->then(Object(Closure))
#26 C:/Users/nahid/Downloads/campus-connect-pro-complete-20-features-v2-fixed/campus-connect-pro-complete/vendor/laravel/framework/src/Illuminate/Routing/Router.php(784): Illuminate/Routing/Router->runRouteWithinStack(Object(Illuminate/Routing/Route), Object(Illuminate/Http/Request))
#27 C:/Users/nahid/Downloads/campus-connect-pro-complete-20-features-v2-fixed/campus-connect-pro-complete/vendor/laravel/framework/src/Illuminate/Routing/Router.php(748): Illuminate/Routing/Router->runRoute(Object(Illuminate/Http/Request), Object(Illuminate/Routing/Route))
#28 C:/Users/nahid/Downloads/campus-connect-pro-complete-20-features-v2-fixed/campus-connect-pro-complete/vendor/laravel/framework/src/Illuminate/Routing/Router.php(737): Illuminate/Routing/Router->dispatchToRoute(Object(Illuminate/Http/Request))
#29 C:/Users/nahid/Downloads/campus-connect-pro-complete-20-features-v2-fixed/campus-connect-pro-complete/vendor/laravel/framework/src/Illuminate/Foundation/Http/Kernel.php(200): Illuminate/Routing/Router->dispatch(Object(Illuminate/Http/Request))
#30 C:/Users/nahid/Downloads/campus-connect-pro-complete-20-features-v2-fixed/campus-connect-pro-complete/vendor/laravel/framework/src/Illuminate/Pipeline/Pipeline.php(144): Illuminate/Foundation/Http/Kernel->Illuminate/Foundation/Http/{closure}(Object(Illuminate/Http/Request))
#31 C:/Users/nahid/Downloads/campus-connect-pro-complete-20-features-v2-fixed/campus-connect-pro-complete/vendor/laravel/framework/src/Illuminate/Foundation/Http/Middleware/TransformsRequest.php(21): Illuminate/Pipeline/Pipeline->Illuminate/Pipeline/{closure}(Object(Illuminate/Http/Request))
#32 C:/Users/nahid/Downloads/campus-connect-pro-complete-20-features-v2-fixed/campus-connect-pro-complete/vendor/laravel/framework/src/Illuminate/Foundation/Http/Middleware/ConvertEmptyStringsToNull.php(31): Illuminate/Foundation/Http/Middleware/TransformsRequest->handle(Object(Illuminate/Http/Request), Object(Closure))
#33 C:/Users/nahid/Downloads/campus-connect-pro-complete-20-features-v2-fixed/campus-connect-pro-complete/vendor/laravel/framework/src/Illuminate/Pipeline/Pipeline.php(183): Illuminate/Foundation/Http/Middleware/ConvertEmptyStringsToNull->handle(Object(Illuminate/Http/Request), Object(Closure))
#34 C:/Users/nahid/Downloads/campus-connect-pro-complete-20-features-v2-fixed/campus-connect-pro-complete/vendor/laravel/framework/src/Illuminate/Foundation/Http/Middleware/TransformsRequest.php(21): Illuminate/Pipeline/Pipeline->Illuminate/Pipeline/{closure}(Object(Illuminate/Http/Request))
#35 C:/Users/nahid/Downloads/campus-connect-pro-complete-20-features-v2-fixed/campus-connect-pro-complete/vendor/laravel/framework/src/Illuminate/Foundation/Http/Middleware/TrimStrings.php(40): Illuminate/Foundation/Http/Middleware/TransformsRequest->handle(Object(Illuminate/Http/Request), Object(Closure))
#36 C:/Users/nahid/Downloads/campus-connect-pro-complete-20-features-v2-fixed/campus-connect-pro-complete/vendor/laravel/framework/src/Illuminate/Pipeline/Pipeline.php(183): Illuminate/Foundation/Http/Middleware/TrimStrings->handle(Object(Illuminate/Http/Request), Object(Closure))
#37 C:/Users/nahid/Downloads/campus-connect-pro-complete-20-features-v2-fixed/campus-connect-pro-complete/vendor/laravel/framework/src/Illuminate/Foundation/Http/Middleware/ValidatePostSize.php(27): Illuminate/Pipeline/Pipeline->Illuminate/Pipeline/{closure}(Object(Illuminate/Http/Request))
#38 C:/Users/nahid/Downloads/campus-connect-pro-complete-20-features-v2-fixed/campus-connect-pro-complete/vendor/laravel/framework/src/Illuminate/Pipeline/Pipeline.php(183): Illuminate/Foundation/Http/Middleware/ValidatePostSize->handle(Object(Illuminate/Http/Request), Object(Closure))
#39 C:/Users/nahid/Downloads/campus-connect-pro-complete-20-features-v2-fixed/campus-connect-pro-complete/vendor/laravel/framework/src/Illuminate/Http/Middleware/HandleCors.php(49): Illuminate/Pipeline/Pipeline->Illuminate/Pipeline/{closure}(Object(Illuminate/Http/Request))
#40 C:/Users/nahid/Downloads/campus-connect-pro-complete-20-features-v2-fixed/campus-connect-pro-complete/vendor/laravel/framework/src/Illuminate/Pipeline/Pipeline.php(183): Illuminate/Http/Middleware/HandleCors->handle(Object(Illuminate/Http/Request), Object(Closure))
#41 C:/Users/nahid/Downloads/campus-connect-pro-complete-20-features-v2-fixed/campus-connect-pro-complete/vendor/laravel/framework/src/Illuminate/Pipeline/Pipeline.php(119): Illuminate/Pipeline/Pipeline->Illuminate/Pipeline/{closure}(Object(Illuminate/Http/Request))
#42 C:/Users/nahid/Downloads/campus-connect-pro-complete-20-features-v2-fixed/campus-connect-pro-complete/vendor/laravel/framework/src/Illuminate/Foundation/Http/Kernel.php(175): Illuminate/Pipeline/Pipeline->then(Object(Closure))
#43 C:/Users/nahid/Downloads/campus-connect-pro-complete-20-features-v2-fixed/campus-connect-pro-complete/vendor/laravel/framework/src/Illuminate/Foundation/Http/Kernel.php(144): Illuminate/Foundation/Http/Kernel->sendRequestThroughRouter(Object(Illuminate/Http/Request))
#44 C:/Users/nahid/Downloads/campus-connect-pro-complete-20-features-v2-fixed/campus-connect-pro-complete/public/index.php(20): Illuminate/Foundation/Http/Kernel->handle(Object(Illuminate/Http/Request))
#45 C:/Users/nahid/Downloads/campus-connect-pro-complete-20-features-v2-fixed/campus-connect-pro-complete/vendor/laravel/framework/src/Illuminate/Foundation/resources/server.php(16): require_once('C://Users//nahid//...')
#46 {main}
"} 
[2026-05-05 08:14:19] laravel.ERROR: View [deadlines.index] not found. {"userId":1,"exception":"[object] (InvalidArgumentException(code: 0): View [deadlines.index] not found. at C:/Users/nahid/Downloads/campus-connect-pro-complete-20-features-v2-fixed/campus-connect-pro-complete/vendor/laravel/framework/src/Illuminate/View/FileViewFinder.php:137)
[stacktrace]
#0 C:/Users/nahid/Downloads/campus-connect-pro-complete-20-features-v2-fixed/campus-connect-pro-complete/vendor/laravel/framework/src/Illuminate/View/FileViewFinder.php(79): Illuminate/View/FileViewFinder->findInPaths('deadlines.index', Array)
#1 C:/Users/nahid/Downloads/campus-connect-pro-complete-20-features-v2-fixed/campus-connect-pro-complete/vendor/laravel/framework/src/Illuminate/View/Factory.php(137): Illuminate/View/FileViewFinder->find('deadlines.index')
#2 C:/Users/nahid/Downloads/campus-connect-pro-complete-20-features-v2-fixed/campus-connect-pro-complete/vendor/laravel/framework/src/Illuminate/Foundation/helpers.php(1020): Illuminate/View/Factory->make('deadlines.index', Array, Array)
#3 C:/Users/nahid/Downloads/campus-connect-pro-complete-20-features-v2-fixed/campus-connect-pro-complete/app/Http/Controllers/DeadlineController.php(18): view('deadlines.index', Array)
#4 C:/Users/nahid/Downloads/campus-connect-pro-complete-20-features-v2-fixed/campus-connect-pro-complete/vendor/laravel/framework/src/Illuminate/Routing/Controller.php(54): App/Http/Controllers/DeadlineController->index()
#5 C:/Users/nahid/Downloads/campus-connect-pro-complete-20-features-v2-fixed/campus-connect-pro-complete/vendor/laravel/framework/src/Illuminate/Routing/ControllerDispatcher.php(43): Illuminate/Routing/Controller->callAction('index', Array)
#6 C:/Users/nahid/Downloads/campus-connect-pro-complete-20-features-v2-fixed/campus-connect-pro-complete/vendor/laravel/framework/src/Illuminate/Routing/Route.php(259): Illuminate/Routing/ControllerDispatcher->dispatch(Object(Illuminate/Routing/Route), Object(App/Http/Controllers/DeadlineController), 'index')
#7 C:/Users/nahid/Downloads/campus-connect-pro-complete-20-features-v2-fixed/campus-connect-pro-complete/vendor/laravel/framework/src/Illuminate/Routing/Route.php(205): Illuminate/Routing/Route->runController()
#8 C:/Users/nahid/Downloads/campus-connect-pro-complete-20-features-v2-fixed/campus-connect-pro-complete/vendor/laravel/framework/src/Illuminate/Routing/Router.php(806): Illuminate/Routing/Route->run()
#9 C:/Users/nahid/Downloads/campus-connect-pro-complete-20-features-v2-fixed/campus-connect-pro-complete/vendor/laravel/framework/src/Illuminate/Pipeline/Pipeline.php(144): Illuminate/Routing/Router->Illuminate/Routing/{closure}(Object(Illuminate/Http/Request))
#10 C:/Users/nahid/Downloads/campus-connect-pro-complete-20-features-v2-fixed/campus-connect-pro-complete/app/Http/Middleware/CheckSuspended.php(19): Illuminate/Pipeline/Pipeline->Illuminate/Pipeline/{closure}(Object(Illuminate/Http/Request))
#11 C:/Users/nahid/Downloads/campus-connect-pro-complete-20-features-v2-fixed/campus-connect-pro-complete/vendor/laravel/framework/src/Illuminate/Pipeline/Pipeline.php(183): App/Http/Middleware/CheckSuspended->handle(Object(Illuminate/Http/Request), Object(Closure))
#12 C:/Users/nahid/Downloads/campus-connect-pro-complete-20-features-v2-fixed/campus-connect-pro-complete/vendor/laravel/framework/src/Illuminate/Routing/Middleware/SubstituteBindings.php(50): Illuminate/Pipeline/Pipeline->Illuminate/Pipeline/{closure}(Object(Illuminate/Http/Request))
#13 C:/Users/nahid/Downloads/campus-connect-pro-complete-20-features-v2-fixed/campus-connect-pro-complete/vendor/laravel/framework/src/Illuminate/Pipeline/Pipeline.php(183): Illuminate/Routing/Middleware/SubstituteBindings->handle(Object(Illuminate/Http/Request), Object(Closure))
#14 C:/Users/nahid/Downloads/campus-connect-pro-complete-20-features-v2-fixed/campus-connect-pro-complete/vendor/laravel/framework/src/Illuminate/Auth/Middleware/Authenticate.php(57): Illuminate/Pipeline/Pipeline->Illuminate/Pipeline/{closure}(Object(Illuminate/Http/Request))
#15 C:/Users/nahid/Downloads/campus-connect-pro-complete-20-features-v2-fixed/campus-connect-pro-complete/vendor/laravel/framework/src/Illuminate/Pipeline/Pipeline.php(183): Illuminate/Auth/Middleware/Authenticate->handle(Object(Illuminate/Http/Request), Object(Closure))
#16 C:/Users/nahid/Downloads/campus-connect-pro-complete-20-features-v2-fixed/campus-connect-pro-complete/vendor/laravel/framework/src/Illuminate/Foundation/Http/Middleware/VerifyCsrfToken.php(78): Illuminate/Pipeline/Pipeline->Illuminate/Pipeline/{closure}(Object(Illuminate/Http/Request))
#17 C:/Users/nahid/Downloads/campus-connect-pro-complete-20-features-v2-fixed/campus-connect-pro-complete/vendor/laravel/framework/src/Illuminate/Pipeline/Pipeline.php(183): Illuminate/Foundation/Http/Middleware/VerifyCsrfToken->handle(Object(Illuminate/Http/Request), Object(Closure))
#18 C:/Users/nahid/Downloads/campus-connect-pro-complete-20-features-v2-fixed/campus-connect-pro-complete/vendor/laravel/framework/src/Illuminate/View/Middleware/ShareErrorsFromSession.php(49): Illuminate/Pipeline/Pipeline->Illuminate/Pipeline/{closure}(Object(Illuminate/Http/Request))
#19 C:/Users/nahid/Downloads/campus-connect-pro-complete-20-features-v2-fixed/campus-connect-pro-complete/vendor/laravel/framework/src/Illuminate/Pipeline/Pipeline.php(183): Illuminate/View/Middleware/ShareErrorsFromSession->handle(Object(Illuminate/Http/Request), Object(Closure))
#20 C:/Users/nahid/Downloads/campus-connect-pro-complete-20-features-v2-fixed/campus-connect-pro-complete/vendor/laravel/framework/src/Illuminate/Session/Middleware/StartSession.php(121): Illuminate/Pipeline/Pipeline->Illuminate/Pipeline/{closure}(Object(Illuminate/Http/Request))
#21 C:/Users/nahid/Downloads/campus-connect-pro-complete-20-features-v2-fixed/campus-connect-pro-complete/vendor/laravel/framework/src/Illuminate/Session/Middleware/StartSession.php(64): Illuminate/Session/Middleware/StartSession->handleStatefulRequest(Object(Illuminate/Http/Request), Object(Illuminate/Session/Store), Object(Closure))
#22 C:/Users/nahid/Downloads/campus-connect-pro-complete-20-features-v2-fixed/campus-connect-pro-complete/vendor/laravel/framework/src/Illuminate/Pipeline/Pipeline.php(183): Illuminate/Session/Middleware/StartSession->handle(Object(Illuminate/Http/Request), Object(Closure))
#23 C:/Users/nahid/Downloads/campus-connect-pro-complete-20-features-v2-fixed/campus-connect-pro-complete/vendor/laravel/framework/src/Illuminate/Cookie/Middleware/AddQueuedCookiesToResponse.php(37): Illuminate/Pipeline/Pipeline->Illuminate/Pipeline/{closure}(Object(Illuminate/Http/Request))
#24 C:/Users/nahid/Downloads/campus-connect-pro-complete-20-features-v2-fixed/campus-connect-pro-complete/vendor/laravel/framework/src/Illuminate/Pipeline/Pipeline.php(183): Illuminate/Cookie/Middleware/AddQueuedCookiesToResponse->handle(Object(Illuminate/Http/Request), Object(Closure))
#25 C:/Users/nahid/Downloads/campus-connect-pro-complete-20-features-v2-fixed/campus-connect-pro-complete/vendor/laravel/framework/src/Illuminate/Cookie/Middleware/EncryptCookies.php(67): Illuminate/Pipeline/Pipeline->Illuminate/Pipeline/{closure}(Object(Illuminate/Http/Request))
#26 C:/Users/nahid/Downloads/campus-connect-pro-complete-20-features-v2-fixed/campus-connect-pro-complete/vendor/laravel/framework/src/Illuminate/Pipeline/Pipeline.php(183): Illuminate/Cookie/Middleware/EncryptCookies->handle(Object(Illuminate/Http/Request), Object(Closure))
#27 C:/Users/nahid/Downloads/campus-connect-pro-complete-20-features-v2-fixed/campus-connect-pro-complete/vendor/laravel/framework/src/Illuminate/Pipeline/Pipeline.php(119): Illuminate/Pipeline/Pipeline->Illuminate/Pipeline/{closure}(Object(Illuminate/Http/Request))
#28 C:/Users/nahid/Downloads/campus-connect-pro-complete-20-features-v2-fixed/campus-connect-pro-complete/vendor/laravel/framework/src/Illuminate/Routing/Router.php(805): Illuminate/Pipeline/Pipeline->then(Object(Closure))
#29 C:/Users/nahid/Downloads/campus-connect-pro-complete-20-features-v2-fixed/campus-connect-pro-complete/vendor/laravel/framework/src/Illuminate/Routing/Router.php(784): Illuminate/Routing/Router->runRouteWithinStack(Object(Illuminate/Routing/Route), Object(Illuminate/Http/Request))
#30 C:/Users/nahid/Downloads/campus-connect-pro-complete-20-features-v2-fixed/campus-connect-pro-complete/vendor/laravel/framework/src/Illuminate/Routing/Router.php(748): Illuminate/Routing/Router->runRoute(Object(Illuminate/Http/Request), Object(Illuminate/Routing/Route))
#31 C:/Users/nahid/Downloads/campus-connect-pro-complete-20-features-v2-fixed/campus-connect-pro-complete/vendor/laravel/framework/src/Illuminate/Routing/Router.php(737): Illuminate/Routing/Router->dispatchToRoute(Object(Illuminate/Http/Request))
#32 C:/Users/nahid/Downloads/campus-connect-pro-complete-20-features-v2-fixed/campus-connect-pro-complete/vendor/laravel/framework/src/Illuminate/Foundation/Http/Kernel.php(200): Illuminate/Routing/Router->dispatch(Object(Illuminate/Http/Request))
#33 C:/Users/nahid/Downloads/campus-connect-pro-complete-20-features-v2-fixed/campus-connect-pro-complete/vendor/laravel/framework/src/Illuminate/Pipeline/Pipeline.php(144): Illuminate/Foundation/Http/Kernel->Illuminate/Foundation/Http/{closure}(Object(Illuminate/Http/Request))
#34 C:/Users/nahid/Downloads/campus-connect-pro-complete-20-features-v2-fixed/campus-connect-pro-complete/vendor/laravel/framework/src/Illuminate/Foundation/Http/Middleware/TransformsRequest.php(21): Illuminate/Pipeline/Pipeline->Illuminate/Pipeline/{closure}(Object(Illuminate/Http/Request))
#35 C:/Users/nahid/Downloads/campus-connect-pro-complete-20-features-v2-fixed/campus-connect-pro-complete/vendor/laravel/framework/src/Illuminate/Foundation/Http/Middleware/ConvertEmptyStringsToNull.php(31): Illuminate/Foundation/Http/Middleware/TransformsRequest->handle(Object(Illuminate/Http/Request), Object(Closure))
#36 C:/Users/nahid/Downloads/campus-connect-pro-complete-20-features-v2-fixed/campus-connect-pro-complete/vendor/laravel/framework/src/Illuminate/Pipeline/Pipeline.php(183): Illuminate/Foundation/Http/Middleware/ConvertEmptyStringsToNull->handle(Object(Illuminate/Http/Request), Object(Closure))
#37 C:/Users/nahid/Downloads/campus-connect-pro-complete-20-features-v2-fixed/campus-connect-pro-complete/vendor/laravel/framework/src/Illuminate/Foundation/Http/Middleware/TransformsRequest.php(21): Illuminate/Pipeline/Pipeline->Illuminate/Pipeline/{closure}(Object(Illuminate/Http/Request))
#38 C:/Users/nahid/Downloads/campus-connect-pro-complete-20-features-v2-fixed/campus-connect-pro-complete/vendor/laravel/framework/src/Illuminate/Foundation/Http/Middleware/TrimStrings.php(40): Illuminate/Foundation/Http/Middleware/TransformsRequest->handle(Object(Illuminate/Http/Request), Object(Closure))
#39 C:/Users/nahid/Downloads/campus-connect-pro-complete-20-features-v2-fixed/campus-connect-pro-complete/vendor/laravel/framework/src/Illuminate/Pipeline/Pipeline.php(183): Illuminate/Foundation/Http/Middleware/TrimStrings->handle(Object(Illuminate/Http/Request), Object(Closure))
#40 C:/Users/nahid/Downloads/campus-connect-pro-complete-20-features-v2-fixed/campus-connect-pro-complete/vendor/laravel/framework/src/Illuminate/Foundation/Http/Middleware/ValidatePostSize.php(27): Illuminate/Pipeline/Pipeline->Illuminate/Pipeline/{closure}(Object(Illuminate/Http/Request))
#41 C:/Users/nahid/Downloads/campus-connect-pro-complete-20-features-v2-fixed/campus-connect-pro-complete/vendor/laravel/framework/src/Illuminate/Pipeline/Pipeline.php(183): Illuminate/Foundation/Http/Middleware/ValidatePostSize->handle(Object(Illuminate/Http/Request), Object(Closure))
#42 C:/Users/nahid/Downloads/campus-connect-pro-complete-20-features-v2-fixed/campus-connect-pro-complete/vendor/laravel/framework/src/Illuminate/Http/Middleware/HandleCors.php(49): Illuminate/Pipeline/Pipeline->Illuminate/Pipeline/{closure}(Object(Illuminate/Http/Request))
#43 C:/Users/nahid/Downloads/campus-connect-pro-complete-20-features-v2-fixed/campus-connect-pro-complete/vendor/laravel/framework/src/Illuminate/Pipeline/Pipeline.php(183): Illuminate/Http/Middleware/HandleCors->handle(Object(Illuminate/Http/Request), Object(Closure))
#44 C:/Users/nahid/Downloads/campus-connect-pro-complete-20-features-v2-fixed/campus-connect-pro-complete/vendor/laravel/framework/src/Illuminate/Pipeline/Pipeline.php(119): Illuminate/Pipeline/Pipeline->Illuminate/Pipeline/{closure}(Object(Illuminate/Http/Request))
#45 C:/Users/nahid/Downloads/campus-connect-pro-complete-20-features-v2-fixed/campus-connect-pro-complete/vendor/laravel/framework/src/Illuminate/Foundation/Http/Kernel.php(175): Illuminate/Pipeline/Pipeline->then(Object(Closure))
#46 C:/Users/nahid/Downloads/campus-connect-pro-complete-20-features-v2-fixed/campus-connect-pro-complete/vendor/laravel/framework/src/Illuminate/Foundation/Http/Kernel.php(144): Illuminate/Foundation/Http/Kernel->sendRequestThroughRouter(Object(Illuminate/Http/Request))
#47 C:/Users/nahid/Downloads/campus-connect-pro-complete-20-features-v2-fixed/campus-connect-pro-complete/public/index.php(20): Illuminate/Foundation/Http/Kernel->handle(Object(Illuminate/Http/Request))
#48 C:/Users/nahid/Downloads/campus-connect-pro-complete-20-features-v2-fixed/campus-connect-pro-complete/vendor/laravel/framework/src/Illuminate/Foundation/resources/server.php(16): require_once('C://Users//nahid//...')
#49 {main}
"} 
[2026-05-05 08:15:13] laravel.EMERGENCY: Unable to create configured logger. Using emergency logger. {"exception":"[object] (InvalidArgumentException(code: 0): Log [] is not defined. at C:/Users/nahid/Downloads/campus-connect-pro-complete-20-features-v2-fixed/campus-connect-pro-complete/vendor/laravel/framework/src/Illuminate/Log/LogManager.php:212)
[stacktrace]
#0 C:/Users/nahid/Downloads/campus-connect-pro-complete-20-features-v2-fixed/campus-connect-pro-complete/vendor/laravel/framework/src/Illuminate/Log/LogManager.php(137): Illuminate/Log/LogManager->resolve(NULL, NULL)
#1 C:/Users/nahid/Downloads/campus-connect-pro-complete-20-features-v2-fixed/campus-connect-pro-complete/vendor/laravel/framework/src/Illuminate/Log/LogManager.php(124): Illuminate/Log/LogManager->get(NULL)
#2 C:/Users/nahid/Downloads/campus-connect-pro-complete-20-features-v2-fixed/campus-connect-pro-complete/vendor/laravel/framework/src/Illuminate/Log/LogManager.php(681): Illuminate/Log/LogManager->driver()
#3 C:/Users/nahid/Downloads/campus-connect-pro-complete-20-features-v2-fixed/campus-connect-pro-complete/vendor/laravel/framework/src/Illuminate/Foundation/Exceptions/Handler.php(317): Illuminate/Log/LogManager->error('View [deadlines...', Array)
#4 C:/Users/nahid/Downloads/campus-connect-pro-complete-20-features-v2-fixed/campus-connect-pro-complete/vendor/laravel/framework/src/Illuminate/Foundation/Exceptions/Handler.php(278): Illuminate/Foundation/Exceptions/Handler->reportThrowable(Object(InvalidArgumentException))
#5 C:/Users/nahid/Downloads/campus-connect-pro-complete-20-features-v2-fixed/campus-connect-pro-complete/vendor/laravel/framework/src/Illuminate/Routing/Pipeline.php(49): Illuminate/Foundation/Exceptions/Handler->report(Object(InvalidArgumentException))
#6 C:/Users/nahid/Downloads/campus-connect-pro-complete-20-features-v2-fixed/campus-connect-pro-complete/vendor/laravel/framework/src/Illuminate/Pipeline/Pipeline.php(146): Illuminate/Routing/Pipeline->handleException(Object(Illuminate/Http/Request), Object(InvalidArgumentException))
#7 C:/Users/nahid/Downloads/campus-connect-pro-complete-20-features-v2-fixed/campus-connect-pro-complete/app/Http/Middleware/CheckSuspended.php(19): Illuminate/Pipeline/Pipeline->Illuminate/Pipeline/{closure}(Object(Illuminate/Http/Request))
#8 C:/Users/nahid/Downloads/campus-connect-pro-complete-20-features-v2-fixed/campus-connect-pro-complete/vendor/laravel/framework/src/Illuminate/Pipeline/Pipeline.php(183): App/Http/Middleware/CheckSuspended->handle(Object(Illuminate/Http/Request), Object(Closure))
#9 C:/Users/nahid/Downloads/campus-connect-pro-complete-20-features-v2-fixed/campus-connect-pro-complete/vendor/laravel/framework/src/Illuminate/Routing/Middleware/SubstituteBindings.php(50): Illuminate/Pipeline/Pipeline->Illuminate/Pipeline/{closure}(Object(Illuminate/Http/Request))
#10 C:/Users/nahid/Downloads/campus-connect-pro-complete-20-features-v2-fixed/campus-connect-pro-complete/vendor/laravel/framework/src/Illuminate/Pipeline/Pipeline.php(183): Illuminate/Routing/Middleware/SubstituteBindings->handle(Object(Illuminate/Http/Request), Object(Closure))
#11 C:/Users/nahid/Downloads/campus-connect-pro-complete-20-features-v2-fixed/campus-connect-pro-complete/vendor/laravel/framework/src/Illuminate/Auth/Middleware/Authenticate.php(57): Illuminate/Pipeline/Pipeline->Illuminate/Pipeline/{closure}(Object(Illuminate/Http/Request))
#12 C:/Users/nahid/Downloads/campus-connect-pro-complete-20-features-v2-fixed/campus-connect-pro-complete/vendor/laravel/framework/src/Illuminate/Pipeline/Pipeline.php(183): Illuminate/Auth/Middleware/Authenticate->handle(Object(Illuminate/Http/Request), Object(Closure))
#13 C:/Users/nahid/Downloads/campus-connect-pro-complete-20-features-v2-fixed/campus-connect-pro-complete/vendor/laravel/framework/src/Illuminate/Foundation/Http/Middleware/VerifyCsrfToken.php(78): Illuminate/Pipeline/Pipeline->Illuminate/Pipeline/{closure}(Object(Illuminate/Http/Request))
#14 C:/Users/nahid/Downloads/campus-connect-pro-complete-20-features-v2-fixed/campus-connect-pro-complete/vendor/laravel/framework/src/Illuminate/Pipeline/Pipeline.php(183): Illuminate/Foundation/Http/Middleware/VerifyCsrfToken->handle(Object(Illuminate/Http/Request), Object(Closure))
#15 C:/Users/nahid/Downloads/campus-connect-pro-complete-20-features-v2-fixed/campus-connect-pro-complete/vendor/laravel/framework/src/Illuminate/View/Middleware/ShareErrorsFromSession.php(49): Illuminate/Pipeline/Pipeline->Illuminate/Pipeline/{closure}(Object(Illuminate/Http/Request))
#16 C:/Users/nahid/Downloads/campus-connect-pro-complete-20-features-v2-fixed/campus-connect-pro-complete/vendor/laravel/framework/src/Illuminate/Pipeline/Pipeline.php(183): Illuminate/View/Middleware/ShareErrorsFromSession->handle(Object(Illuminate/Http/Request), Object(Closure))
#17 C:/Users/nahid/Downloads/campus-connect-pro-complete-20-features-v2-fixed/campus-connect-pro-complete/vendor/laravel/framework/src/Illuminate/Session/Middleware/StartSession.php(121): Illuminate/Pipeline/Pipeline->Illuminate/Pipeline/{closure}(Object(Illuminate/Http/Request))
#18 C:/Users/nahid/Downloads/campus-connect-pro-complete-20-features-v2-fixed/campus-connect-pro-complete/vendor/laravel/framework/src/Illuminate/Session/Middleware/StartSession.php(64): Illuminate/Session/Middleware/StartSession->handleStatefulRequest(Object(Illuminate/Http/Request), Object(Illuminate/Session/Store), Object(Closure))
#19 C:/Users/nahid/Downloads/campus-connect-pro-complete-20-features-v2-fixed/campus-connect-pro-complete/vendor/laravel/framework/src/Illuminate/Pipeline/Pipeline.php(183): Illuminate/Session/Middleware/StartSession->handle(Object(Illuminate/Http/Request), Object(Closure))
#20 C:/Users/nahid/Downloads/campus-connect-pro-complete-20-features-v2-fixed/campus-connect-pro-complete/vendor/laravel/framework/src/Illuminate/Cookie/Middleware/AddQueuedCookiesToResponse.php(37): Illuminate/Pipeline/Pipeline->Illuminate/Pipeline/{closure}(Object(Illuminate/Http/Request))
#21 C:/Users/nahid/Downloads/campus-connect-pro-complete-20-features-v2-fixed/campus-connect-pro-complete/vendor/laravel/framework/src/Illuminate/Pipeline/Pipeline.php(183): Illuminate/Cookie/Middleware/AddQueuedCookiesToResponse->handle(Object(Illuminate/Http/Request), Object(Closure))
#22 C:/Users/nahid/Downloads/campus-connect-pro-complete-20-features-v2-fixed/campus-connect-pro-complete/vendor/laravel/framework/src/Illuminate/Cookie/Middleware/EncryptCookies.php(67): Illuminate/Pipeline/Pipeline->Illuminate/Pipeline/{closure}(Object(Illuminate/Http/Request))
#23 C:/Users/nahid/Downloads/campus-connect-pro-complete-20-features-v2-fixed/campus-connect-pro-complete/vendor/laravel/framework/src/Illuminate/Pipeline/Pipeline.php(183): Illuminate/Cookie/Middleware/EncryptCookies->handle(Object(Illuminate/Http/Request), Object(Closure))
#24 C:/Users/nahid/Downloads/campus-connect-pro-complete-20-features-v2-fixed/campus-connect-pro-complete/vendor/laravel/framework/src/Illuminate/Pipeline/Pipeline.php(119): Illuminate/Pipeline/Pipeline->Illuminate/Pipeline/{closure}(Object(Illuminate/Http/Request))
#25 C:/Users/nahid/Downloads/campus-connect-pro-complete-20-features-v2-fixed/campus-connect-pro-complete/vendor/laravel/framework/src/Illuminate/Routing/Router.php(805): Illuminate/Pipeline/Pipeline->then(Object(Closure))
#26 C:/Users/nahid/Downloads/campus-connect-pro-complete-20-features-v2-fixed/campus-connect-pro-complete/vendor/laravel/framework/src/Illuminate/Routing/Router.php(784): Illuminate/Routing/Router->runRouteWithinStack(Object(Illuminate/Routing/Route), Object(Illuminate/Http/Request))
#27 C:/Users/nahid/Downloads/campus-connect-pro-complete-20-features-v2-fixed/campus-connect-pro-complete/vendor/laravel/framework/src/Illuminate/Routing/Router.php(748): Illuminate/Routing/Router->runRoute(Object(Illuminate/Http/Request), Object(Illuminate/Routing/Route))
#28 C:/Users/nahid/Downloads/campus-connect-pro-complete-20-features-v2-fixed/campus-connect-pro-complete/vendor/laravel/framework/src/Illuminate/Routing/Router.php(737): Illuminate/Routing/Router->dispatchToRoute(Object(Illuminate/Http/Request))
#29 C:/Users/nahid/Downloads/campus-connect-pro-complete-20-features-v2-fixed/campus-connect-pro-complete/vendor/laravel/framework/src/Illuminate/Foundation/Http/Kernel.php(200): Illuminate/Routing/Router->dispatch(Object(Illuminate/Http/Request))
#30 C:/Users/nahid/Downloads/campus-connect-pro-complete-20-features-v2-fixed/campus-connect-pro-complete/vendor/laravel/framework/src/Illuminate/Pipeline/Pipeline.php(144): Illuminate/Foundation/Http/Kernel->Illuminate/Foundation/Http/{closure}(Object(Illuminate/Http/Request))
#31 C:/Users/nahid/Downloads/campus-connect-pro-complete-20-features-v2-fixed/campus-connect-pro-complete/vendor/laravel/framework/src/Illuminate/Foundation/Http/Middleware/TransformsRequest.php(21): Illuminate/Pipeline/Pipeline->Illuminate/Pipeline/{closure}(Object(Illuminate/Http/Request))
#32 C:/Users/nahid/Downloads/campus-connect-pro-complete-20-features-v2-fixed/campus-connect-pro-complete/vendor/laravel/framework/src/Illuminate/Foundation/Http/Middleware/ConvertEmptyStringsToNull.php(31): Illuminate/Foundation/Http/Middleware/TransformsRequest->handle(Object(Illuminate/Http/Request), Object(Closure))
#33 C:/Users/nahid/Downloads/campus-connect-pro-complete-20-features-v2-fixed/campus-connect-pro-complete/vendor/laravel/framework/src/Illuminate/Pipeline/Pipeline.php(183): Illuminate/Foundation/Http/Middleware/ConvertEmptyStringsToNull->handle(Object(Illuminate/Http/Request), Object(Closure))
#34 C:/Users/nahid/Downloads/campus-connect-pro-complete-20-features-v2-fixed/campus-connect-pro-complete/vendor/laravel/framework/src/Illuminate/Foundation/Http/Middleware/TransformsRequest.php(21): Illuminate/Pipeline/Pipeline->Illuminate/Pipeline/{closure}(Object(Illuminate/Http/Request))
#35 C:/Users/nahid/Downloads/campus-connect-pro-complete-20-features-v2-fixed/campus-connect-pro-complete/vendor/laravel/framework/src/Illuminate/Foundation/Http/Middleware/TrimStrings.php(40): Illuminate/Foundation/Http/Middleware/TransformsRequest->handle(Object(Illuminate/Http/Request), Object(Closure))
#36 C:/Users/nahid/Downloads/campus-connect-pro-complete-20-features-v2-fixed/campus-connect-pro-complete/vendor/laravel/framework/src/Illuminate/Pipeline/Pipeline.php(183): Illuminate/Foundation/Http/Middleware/TrimStrings->handle(Object(Illuminate/Http/Request), Object(Closure))
#37 C:/Users/nahid/Downloads/campus-connect-pro-complete-20-features-v2-fixed/campus-connect-pro-complete/vendor/laravel/framework/src/Illuminate/Foundation/Http/Middleware/ValidatePostSize.php(27): Illuminate/Pipeline/Pipeline->Illuminate/Pipeline/{closure}(Object(Illuminate/Http/Request))
#38 C:/Users/nahid/Downloads/campus-connect-pro-complete-20-features-v2-fixed/campus-connect-pro-complete/vendor/laravel/framework/src/Illuminate/Pipeline/Pipeline.php(183): Illuminate/Foundation/Http/Middleware/ValidatePostSize->handle(Object(Illuminate/Http/Request), Object(Closure))
#39 C:/Users/nahid/Downloads/campus-connect-pro-complete-20-features-v2-fixed/campus-connect-pro-complete/vendor/laravel/framework/src/Illuminate/Http/Middleware/HandleCors.php(49): Illuminate/Pipeline/Pipeline->Illuminate/Pipeline/{closure}(Object(Illuminate/Http/Request))
#40 C:/Users/nahid/Downloads/campus-connect-pro-complete-20-features-v2-fixed/campus-connect-pro-complete/vendor/laravel/framework/src/Illuminate/Pipeline/Pipeline.php(183): Illuminate/Http/Middleware/HandleCors->handle(Object(Illuminate/Http/Request), Object(Closure))
#41 C:/Users/nahid/Downloads/campus-connect-pro-complete-20-features-v2-fixed/campus-connect-pro-complete/vendor/laravel/framework/src/Illuminate/Pipeline/Pipeline.php(119): Illuminate/Pipeline/Pipeline->Illuminate/Pipeline/{closure}(Object(Illuminate/Http/Request))
#42 C:/Users/nahid/Downloads/campus-connect-pro-complete-20-features-v2-fixed/campus-connect-pro-complete/vendor/laravel/framework/src/Illuminate/Foundation/Http/Kernel.php(175): Illuminate/Pipeline/Pipeline->then(Object(Closure))
#43 C:/Users/nahid/Downloads/campus-connect-pro-complete-20-features-v2-fixed/campus-connect-pro-complete/vendor/laravel/framework/src/Illuminate/Foundation/Http/Kernel.php(144): Illuminate/Foundation/Http/Kernel->sendRequestThroughRouter(Object(Illuminate/Http/Request))
#44 C:/Users/nahid/Downloads/campus-connect-pro-complete-20-features-v2-fixed/campus-connect-pro-complete/public/index.php(20): Illuminate/Foundation/Http/Kernel->handle(Object(Illuminate/Http/Request))
#45 C:/Users/nahid/Downloads/campus-connect-pro-complete-20-features-v2-fixed/campus-connect-pro-complete/vendor/laravel/framework/src/Illuminate/Foundation/resources/server.php(16): require_once('C://Users//nahid//...')
#46 {main}
"} 
[2026-05-05 08:15:13] laravel.ERROR: View [deadlines.index] not found. {"userId":1,"exception":"[object] (InvalidArgumentException(code: 0): View [deadlines.index] not found. at C:/Users/nahid/Downloads/campus-connect-pro-complete-20-features-v2-fixed/campus-connect-pro-complete/vendor/laravel/framework/src/Illuminate/View/FileViewFinder.php:137)
[stacktrace]
#0 C:/Users/nahid/Downloads/campus-connect-pro-complete-20-features-v2-fixed/campus-connect-pro-complete/vendor/laravel/framework/src/Illuminate/View/FileViewFinder.php(79): Illuminate/View/FileViewFinder->findInPaths('deadlines.index', Array)
#1 C:/Users/nahid/Downloads/campus-connect-pro-complete-20-features-v2-fixed/campus-connect-pro-complete/vendor/laravel/framework/src/Illuminate/View/Factory.php(137): Illuminate/View/FileViewFinder->find('deadlines.index')
#2 C:/Users/nahid/Downloads/campus-connect-pro-complete-20-features-v2-fixed/campus-connect-pro-complete/vendor/laravel/framework/src/Illuminate/Foundation/helpers.php(1020): Illuminate/View/Factory->make('deadlines.index', Array, Array)
#3 C:/Users/nahid/Downloads/campus-connect-pro-complete-20-features-v2-fixed/campus-connect-pro-complete/app/Http/Controllers/DeadlineController.php(18): view('deadlines.index', Array)
#4 C:/Users/nahid/Downloads/campus-connect-pro-complete-20-features-v2-fixed/campus-connect-pro-complete/vendor/laravel/framework/src/Illuminate/Routing/Controller.php(54): App/Http/Controllers/DeadlineController->index()
#5 C:/Users/nahid/Downloads/campus-connect-pro-complete-20-features-v2-fixed/campus-connect-pro-complete/vendor/laravel/framework/src/Illuminate/Routing/ControllerDispatcher.php(43): Illuminate/Routing/Controller->callAction('index', Array)
#6 C:/Users/nahid/Downloads/campus-connect-pro-complete-20-features-v2-fixed/campus-connect-pro-complete/vendor/laravel/framework/src/Illuminate/Routing/Route.php(259): Illuminate/Routing/ControllerDispatcher->dispatch(Object(Illuminate/Routing/Route), Object(App/Http/Controllers/DeadlineController), 'index')
#7 C:/Users/nahid/Downloads/campus-connect-pro-complete-20-features-v2-fixed/campus-connect-pro-complete/vendor/laravel/framework/src/Illuminate/Routing/Route.php(205): Illuminate/Routing/Route->runController()
#8 C:/Users/nahid/Downloads/campus-connect-pro-complete-20-features-v2-fixed/campus-connect-pro-complete/vendor/laravel/framework/src/Illuminate/Routing/Router.php(806): Illuminate/Routing/Route->run()
#9 C:/Users/nahid/Downloads/campus-connect-pro-complete-20-features-v2-fixed/campus-connect-pro-complete/vendor/laravel/framework/src/Illuminate/Pipeline/Pipeline.php(144): Illuminate/Routing/Router->Illuminate/Routing/{closure}(Object(Illuminate/Http/Request))
#10 C:/Users/nahid/Downloads/campus-connect-pro-complete-20-features-v2-fixed/campus-connect-pro-complete/app/Http/Middleware/CheckSuspended.php(19): Illuminate/Pipeline/Pipeline->Illuminate/Pipeline/{closure}(Object(Illuminate/Http/Request))
#11 C:/Users/nahid/Downloads/campus-connect-pro-complete-20-features-v2-fixed/campus-connect-pro-complete/vendor/laravel/framework/src/Illuminate/Pipeline/Pipeline.php(183): App/Http/Middleware/CheckSuspended->handle(Object(Illuminate/Http/Request), Object(Closure))
#12 C:/Users/nahid/Downloads/campus-connect-pro-complete-20-features-v2-fixed/campus-connect-pro-complete/vendor/laravel/framework/src/Illuminate/Routing/Middleware/SubstituteBindings.php(50): Illuminate/Pipeline/Pipeline->Illuminate/Pipeline/{closure}(Object(Illuminate/Http/Request))
#13 C:/Users/nahid/Downloads/campus-connect-pro-complete-20-features-v2-fixed/campus-connect-pro-complete/vendor/laravel/framework/src/Illuminate/Pipeline/Pipeline.php(183): Illuminate/Routing/Middleware/SubstituteBindings->handle(Object(Illuminate/Http/Request), Object(Closure))
#14 C:/Users/nahid/Downloads/campus-connect-pro-complete-20-features-v2-fixed/campus-connect-pro-complete/vendor/laravel/framework/src/Illuminate/Auth/Middleware/Authenticate.php(57): Illuminate/Pipeline/Pipeline->Illuminate/Pipeline/{closure}(Object(Illuminate/Http/Request))
#15 C:/Users/nahid/Downloads/campus-connect-pro-complete-20-features-v2-fixed/campus-connect-pro-complete/vendor/laravel/framework/src/Illuminate/Pipeline/Pipeline.php(183): Illuminate/Auth/Middleware/Authenticate->handle(Object(Illuminate/Http/Request), Object(Closure))
#16 C:/Users/nahid/Downloads/campus-connect-pro-complete-20-features-v2-fixed/campus-connect-pro-complete/vendor/laravel/framework/src/Illuminate/Foundation/Http/Middleware/VerifyCsrfToken.php(78): Illuminate/Pipeline/Pipeline->Illuminate/Pipeline/{closure}(Object(Illuminate/Http/Request))
#17 C:/Users/nahid/Downloads/campus-connect-pro-complete-20-features-v2-fixed/campus-connect-pro-complete/vendor/laravel/framework/src/Illuminate/Pipeline/Pipeline.php(183): Illuminate/Foundation/Http/Middleware/VerifyCsrfToken->handle(Object(Illuminate/Http/Request), Object(Closure))
#18 C:/Users/nahid/Downloads/campus-connect-pro-complete-20-features-v2-fixed/campus-connect-pro-complete/vendor/laravel/framework/src/Illuminate/View/Middleware/ShareErrorsFromSession.php(49): Illuminate/Pipeline/Pipeline->Illuminate/Pipeline/{closure}(Object(Illuminate/Http/Request))
#19 C:/Users/nahid/Downloads/campus-connect-pro-complete-20-features-v2-fixed/campus-connect-pro-complete/vendor/laravel/framework/src/Illuminate/Pipeline/Pipeline.php(183): Illuminate/View/Middleware/ShareErrorsFromSession->handle(Object(Illuminate/Http/Request), Object(Closure))
#20 C:/Users/nahid/Downloads/campus-connect-pro-complete-20-features-v2-fixed/campus-connect-pro-complete/vendor/laravel/framework/src/Illuminate/Session/Middleware/StartSession.php(121): Illuminate/Pipeline/Pipeline->Illuminate/Pipeline/{closure}(Object(Illuminate/Http/Request))
#21 C:/Users/nahid/Downloads/campus-connect-pro-complete-20-features-v2-fixed/campus-connect-pro-complete/vendor/laravel/framework/src/Illuminate/Session/Middleware/StartSession.php(64): Illuminate/Session/Middleware/StartSession->handleStatefulRequest(Object(Illuminate/Http/Request), Object(Illuminate/Session/Store), Object(Closure))
#22 C:/Users/nahid/Downloads/campus-connect-pro-complete-20-features-v2-fixed/campus-connect-pro-complete/vendor/laravel/framework/src/Illuminate/Pipeline/Pipeline.php(183): Illuminate/Session/Middleware/StartSession->handle(Object(Illuminate/Http/Request), Object(Closure))
#23 C:/Users/nahid/Downloads/campus-connect-pro-complete-20-features-v2-fixed/campus-connect-pro-complete/vendor/laravel/framework/src/Illuminate/Cookie/Middleware/AddQueuedCookiesToResponse.php(37): Illuminate/Pipeline/Pipeline->Illuminate/Pipeline/{closure}(Object(Illuminate/Http/Request))
#24 C:/Users/nahid/Downloads/campus-connect-pro-complete-20-features-v2-fixed/campus-connect-pro-complete/vendor/laravel/framework/src/Illuminate/Pipeline/Pipeline.php(183): Illuminate/Cookie/Middleware/AddQueuedCookiesToResponse->handle(Object(Illuminate/Http/Request), Object(Closure))
#25 C:/Users/nahid/Downloads/campus-connect-pro-complete-20-features-v2-fixed/campus-connect-pro-complete/vendor/laravel/framework/src/Illuminate/Cookie/Middleware/EncryptCookies.php(67): Illuminate/Pipeline/Pipeline->Illuminate/Pipeline/{closure}(Object(Illuminate/Http/Request))
#26 C:/Users/nahid/Downloads/campus-connect-pro-complete-20-features-v2-fixed/campus-connect-pro-complete/vendor/laravel/framework/src/Illuminate/Pipeline/Pipeline.php(183): Illuminate/Cookie/Middleware/EncryptCookies->handle(Object(Illuminate/Http/Request), Object(Closure))
#27 C:/Users/nahid/Downloads/campus-connect-pro-complete-20-features-v2-fixed/campus-connect-pro-complete/vendor/laravel/framework/src/Illuminate/Pipeline/Pipeline.php(119): Illuminate/Pipeline/Pipeline->Illuminate/Pipeline/{closure}(Object(Illuminate/Http/Request))
#28 C:/Users/nahid/Downloads/campus-connect-pro-complete-20-features-v2-fixed/campus-connect-pro-complete/vendor/laravel/framework/src/Illuminate/Routing/Router.php(805): Illuminate/Pipeline/Pipeline->then(Object(Closure))
#29 C:/Users/nahid/Downloads/campus-connect-pro-complete-20-features-v2-fixed/campus-connect-pro-complete/vendor/laravel/framework/src/Illuminate/Routing/Router.php(784): Illuminate/Routing/Router->runRouteWithinStack(Object(Illuminate/Routing/Route), Object(Illuminate/Http/Request))
#30 C:/Users/nahid/Downloads/campus-connect-pro-complete-20-features-v2-fixed/campus-connect-pro-complete/vendor/laravel/framework/src/Illuminate/Routing/Router.php(748): Illuminate/Routing/Router->runRoute(Object(Illuminate/Http/Request), Object(Illuminate/Routing/Route))
#31 C:/Users/nahid/Downloads/campus-connect-pro-complete-20-features-v2-fixed/campus-connect-pro-complete/vendor/laravel/framework/src/Illuminate/Routing/Router.php(737): Illuminate/Routing/Router->dispatchToRoute(Object(Illuminate/Http/Request))
#32 C:/Users/nahid/Downloads/campus-connect-pro-complete-20-features-v2-fixed/campus-connect-pro-complete/vendor/laravel/framework/src/Illuminate/Foundation/Http/Kernel.php(200): Illuminate/Routing/Router->dispatch(Object(Illuminate/Http/Request))
#33 C:/Users/nahid/Downloads/campus-connect-pro-complete-20-features-v2-fixed/campus-connect-pro-complete/vendor/laravel/framework/src/Illuminate/Pipeline/Pipeline.php(144): Illuminate/Foundation/Http/Kernel->Illuminate/Foundation/Http/{closure}(Object(Illuminate/Http/Request))
#34 C:/Users/nahid/Downloads/campus-connect-pro-complete-20-features-v2-fixed/campus-connect-pro-complete/vendor/laravel/framework/src/Illuminate/Foundation/Http/Middleware/TransformsRequest.php(21): Illuminate/Pipeline/Pipeline->Illuminate/Pipeline/{closure}(Object(Illuminate/Http/Request))
#35 C:/Users/nahid/Downloads/campus-connect-pro-complete-20-features-v2-fixed/campus-connect-pro-complete/vendor/laravel/framework/src/Illuminate/Foundation/Http/Middleware/ConvertEmptyStringsToNull.php(31): Illuminate/Foundation/Http/Middleware/TransformsRequest->handle(Object(Illuminate/Http/Request), Object(Closure))
#36 C:/Users/nahid/Downloads/campus-connect-pro-complete-20-features-v2-fixed/campus-connect-pro-complete/vendor/laravel/framework/src/Illuminate/Pipeline/Pipeline.php(183): Illuminate/Foundation/Http/Middleware/ConvertEmptyStringsToNull->handle(Object(Illuminate/Http/Request), Object(Closure))
#37 C:/Users/nahid/Downloads/campus-connect-pro-complete-20-features-v2-fixed/campus-connect-pro-complete/vendor/laravel/framework/src/Illuminate/Foundation/Http/Middleware/TransformsRequest.php(21): Illuminate/Pipeline/Pipeline->Illuminate/Pipeline/{closure}(Object(Illuminate/Http/Request))
#38 C:/Users/nahid/Downloads/campus-connect-pro-complete-20-features-v2-fixed/campus-connect-pro-complete/vendor/laravel/framework/src/Illuminate/Foundation/Http/Middleware/TrimStrings.php(40): Illuminate/Foundation/Http/Middleware/TransformsRequest->handle(Object(Illuminate/Http/Request), Object(Closure))
#39 C:/Users/nahid/Downloads/campus-connect-pro-complete-20-features-v2-fixed/campus-connect-pro-complete/vendor/laravel/framework/src/Illuminate/Pipeline/Pipeline.php(183): Illuminate/Foundation/Http/Middleware/TrimStrings->handle(Object(Illuminate/Http/Request), Object(Closure))
#40 C:/Users/nahid/Downloads/campus-connect-pro-complete-20-features-v2-fixed/campus-connect-pro-complete/vendor/laravel/framework/src/Illuminate/Foundation/Http/Middleware/ValidatePostSize.php(27): Illuminate/Pipeline/Pipeline->Illuminate/Pipeline/{closure}(Object(Illuminate/Http/Request))
#41 C:/Users/nahid/Downloads/campus-connect-pro-complete-20-features-v2-fixed/campus-connect-pro-complete/vendor/laravel/framework/src/Illuminate/Pipeline/Pipeline.php(183): Illuminate/Foundation/Http/Middleware/ValidatePostSize->handle(Object(Illuminate/Http/Request), Object(Closure))
#42 C:/Users/nahid/Downloads/campus-connect-pro-complete-20-features-v2-fixed/campus-connect-pro-complete/vendor/laravel/framework/src/Illuminate/Http/Middleware/HandleCors.php(49): Illuminate/Pipeline/Pipeline->Illuminate/Pipeline/{closure}(Object(Illuminate/Http/Request))
#43 C:/Users/nahid/Downloads/campus-connect-pro-complete-20-features-v2-fixed/campus-connect-pro-complete/vendor/laravel/framework/src/Illuminate/Pipeline/Pipeline.php(183): Illuminate/Http/Middleware/HandleCors->handle(Object(Illuminate/Http/Request), Object(Closure))
#44 C:/Users/nahid/Downloads/campus-connect-pro-complete-20-features-v2-fixed/campus-connect-pro-complete/vendor/laravel/framework/src/Illuminate/Pipeline/Pipeline.php(119): Illuminate/Pipeline/Pipeline->Illuminate/Pipeline/{closure}(Object(Illuminate/Http/Request))
#45 C:/Users/nahid/Downloads/campus-connect-pro-complete-20-features-v2-fixed/campus-connect-pro-complete/vendor/laravel/framework/src/Illuminate/Foundation/Http/Kernel.php(175): Illuminate/Pipeline/Pipeline->then(Object(Closure))
#46 C:/Users/nahid/Downloads/campus-connect-pro-complete-20-features-v2-fixed/campus-connect-pro-complete/vendor/laravel/framework/src/Illuminate/Foundation/Http/Kernel.php(144): Illuminate/Foundation/Http/Kernel->sendRequestThroughRouter(Object(Illuminate/Http/Request))
#47 C:/Users/nahid/Downloads/campus-connect-pro-complete-20-features-v2-fixed/campus-connect-pro-complete/public/index.php(20): Illuminate/Foundation/Http/Kernel->handle(Object(Illuminate/Http/Request))
#48 C:/Users/nahid/Downloads/campus-connect-pro-complete-20-features-v2-fixed/campus-connect-pro-complete/vendor/laravel/framework/src/Illuminate/Foundation/resources/server.php(16): require_once('C://Users//nahid//...')
#49 {main}
"} 
[2026-05-05 12:18:48] laravel.EMERGENCY: Unable to create configured logger. Using emergency logger. {"exception":"[object] (InvalidArgumentException(code: 0): Log [] is not defined. at C:/Users/nahid/Downloads/campus-connect-pro-complete-20-features-v2-fixed/campus-connect-pro-complete/vendor/laravel/framework/src/Illuminate/Log/LogManager.php:212)
[stacktrace]
#0 C:/Users/nahid/Downloads/campus-connect-pro-complete-20-features-v2-fixed/campus-connect-pro-complete/vendor/laravel/framework/src/Illuminate/Log/LogManager.php(137): Illuminate/Log/LogManager->resolve(NULL, NULL)
#1 C:/Users/nahid/Downloads/campus-connect-pro-complete-20-features-v2-fixed/campus-connect-pro-complete/vendor/laravel/framework/src/Illuminate/Log/LogManager.php(124): Illuminate/Log/LogManager->get(NULL)
#2 C:/Users/nahid/Downloads/campus-connect-pro-complete-20-features-v2-fixed/campus-connect-pro-complete/vendor/laravel/framework/src/Illuminate/Log/LogManager.php(681): Illuminate/Log/LogManager->driver()
#3 C:/Users/nahid/Downloads/campus-connect-pro-complete-20-features-v2-fixed/campus-connect-pro-complete/vendor/laravel/framework/src/Illuminate/Foundation/Exceptions/Handler.php(317): Illuminate/Log/LogManager->error('Undefined varia...', Array)
#4 C:/Users/nahid/Downloads/campus-connect-pro-complete-20-features-v2-fixed/campus-connect-pro-complete/vendor/laravel/framework/src/Illuminate/Foundation/Exceptions/Handler.php(278): Illuminate/Foundation/Exceptions/Handler->reportThrowable(Object(Spatie/LaravelIgnition/Exceptions/ViewException))
#5 C:/Users/nahid/Downloads/campus-connect-pro-complete-20-features-v2-fixed/campus-connect-pro-complete/vendor/laravel/framework/src/Illuminate/Routing/Pipeline.php(49): Illuminate/Foundation/Exceptions/Handler->report(Object(Spatie/LaravelIgnition/Exceptions/ViewException))
#6 C:/Users/nahid/Downloads/campus-connect-pro-complete-20-features-v2-fixed/campus-connect-pro-complete/vendor/laravel/framework/src/Illuminate/Pipeline/Pipeline.php(146): Illuminate/Routing/Pipeline->handleException(Object(Illuminate/Http/Request), Object(Illuminate/View/ViewException))
#7 C:/Users/nahid/Downloads/campus-connect-pro-complete-20-features-v2-fixed/campus-connect-pro-complete/app/Http/Middleware/CheckSuspended.php(19): Illuminate/Pipeline/Pipeline->Illuminate/Pipeline/{closure}(Object(Illuminate/Http/Request))
#8 C:/Users/nahid/Downloads/campus-connect-pro-complete-20-features-v2-fixed/campus-connect-pro-complete/vendor/laravel/framework/src/Illuminate/Pipeline/Pipeline.php(183): App/Http/Middleware/CheckSuspended->handle(Object(Illuminate/Http/Request), Object(Closure))
#9 C:/Users/nahid/Downloads/campus-connect-pro-complete-20-features-v2-fixed/campus-connect-pro-complete/vendor/laravel/framework/src/Illuminate/Routing/Middleware/SubstituteBindings.php(50): Illuminate/Pipeline/Pipeline->Illuminate/Pipeline/{closure}(Object(Illuminate/Http/Request))
#10 C:/Users/nahid/Downloads/campus-connect-pro-complete-20-features-v2-fixed/campus-connect-pro-complete/vendor/laravel/framework/src/Illuminate/Pipeline/Pipeline.php(183): Illuminate/Routing/Middleware/SubstituteBindings->handle(Object(Illuminate/Http/Request), Object(Closure))
#11 C:/Users/nahid/Downloads/campus-connect-pro-complete-20-features-v2-fixed/campus-connect-pro-complete/vendor/laravel/framework/src/Illuminate/Auth/Middleware/Authenticate.php(57): Illuminate/Pipeline/Pipeline->Illuminate/Pipeline/{closure}(Object(Illuminate/Http/Request))
#12 C:/Users/nahid/Downloads/campus-connect-pro-complete-20-features-v2-fixed/campus-connect-pro-complete/vendor/laravel/framework/src/Illuminate/Pipeline/Pipeline.php(183): Illuminate/Auth/Middleware/Authenticate->handle(Object(Illuminate/Http/Request), Object(Closure))
#13 C:/Users/nahid/Downloads/campus-connect-pro-complete-20-features-v2-fixed/campus-connect-pro-complete/vendor/laravel/framework/src/Illuminate/Foundation/Http/Middleware/VerifyCsrfToken.php(78): Illuminate/Pipeline/Pipeline->Illuminate/Pipeline/{closure}(Object(Illuminate/Http/Request))
#14 C:/Users/nahid/Downloads/campus-connect-pro-complete-20-features-v2-fixed/campus-connect-pro-complete/vendor/laravel/framework/src/Illuminate/Pipeline/Pipeline.php(183): Illuminate/Foundation/Http/Middleware/VerifyCsrfToken->handle(Object(Illuminate/Http/Request), Object(Closure))
#15 C:/Users/nahid/Downloads/campus-connect-pro-complete-20-features-v2-fixed/campus-connect-pro-complete/vendor/laravel/framework/src/Illuminate/View/Middleware/ShareErrorsFromSession.php(49): Illuminate/Pipeline/Pipeline->Illuminate/Pipeline/{closure}(Object(Illuminate/Http/Request))
#16 C:/Users/nahid/Downloads/campus-connect-pro-complete-20-features-v2-fixed/campus-connect-pro-complete/vendor/laravel/framework/src/Illuminate/Pipeline/Pipeline.php(183): Illuminate/View/Middleware/ShareErrorsFromSession->handle(Object(Illuminate/Http/Request), Object(Closure))
#17 C:/Users/nahid/Downloads/campus-connect-pro-complete-20-features-v2-fixed/campus-connect-pro-complete/vendor/laravel/framework/src/Illuminate/Session/Middleware/StartSession.php(121): Illuminate/Pipeline/Pipeline->Illuminate/Pipeline/{closure}(Object(Illuminate/Http/Request))
#18 C:/Users/nahid/Downloads/campus-connect-pro-complete-20-features-v2-fixed/campus-connect-pro-complete/vendor/laravel/framework/src/Illuminate/Session/Middleware/StartSession.php(64): Illuminate/Session/Middleware/StartSession->handleStatefulRequest(Object(Illuminate/Http/Request), Object(Illuminate/Session/Store), Object(Closure))
#19 C:/Users/nahid/Downloads/campus-connect-pro-complete-20-features-v2-fixed/campus-connect-pro-complete/vendor/laravel/framework/src/Illuminate/Pipeline/Pipeline.php(183): Illuminate/Session/Middleware/StartSession->handle(Object(Illuminate/Http/Request), Object(Closure))
#20 C:/Users/nahid/Downloads/campus-connect-pro-complete-20-features-v2-fixed/campus-connect-pro-complete/vendor/laravel/framework/src/Illuminate/Cookie/Middleware/AddQueuedCookiesToResponse.php(37): Illuminate/Pipeline/Pipeline->Illuminate/Pipeline/{closure}(Object(Illuminate/Http/Request))
#21 C:/Users/nahid/Downloads/campus-connect-pro-complete-20-features-v2-fixed/campus-connect-pro-complete/vendor/laravel/framework/src/Illuminate/Pipeline/Pipeline.php(183): Illuminate/Cookie/Middleware/AddQueuedCookiesToResponse->handle(Object(Illuminate/Http/Request), Object(Closure))
#22 C:/Users/nahid/Downloads/campus-connect-pro-complete-20-features-v2-fixed/campus-connect-pro-complete/vendor/laravel/framework/src/Illuminate/Cookie/Middleware/EncryptCookies.php(67): Illuminate/Pipeline/Pipeline->Illuminate/Pipeline/{closure}(Object(Illuminate/Http/Request))
#23 C:/Users/nahid/Downloads/campus-connect-pro-complete-20-features-v2-fixed/campus-connect-pro-complete/vendor/laravel/framework/src/Illuminate/Pipeline/Pipeline.php(183): Illuminate/Cookie/Middleware/EncryptCookies->handle(Object(Illuminate/Http/Request), Object(Closure))
#24 C:/Users/nahid/Downloads/campus-connect-pro-complete-20-features-v2-fixed/campus-connect-pro-complete/vendor/laravel/framework/src/Illuminate/Pipeline/Pipeline.php(119): Illuminate/Pipeline/Pipeline->Illuminate/Pipeline/{closure}(Object(Illuminate/Http/Request))
#25 C:/Users/nahid/Downloads/campus-connect-pro-complete-20-features-v2-fixed/campus-connect-pro-complete/vendor/laravel/framework/src/Illuminate/Routing/Router.php(805): Illuminate/Pipeline/Pipeline->then(Object(Closure))
#26 C:/Users/nahid/Downloads/campus-connect-pro-complete-20-features-v2-fixed/campus-connect-pro-complete/vendor/laravel/framework/src/Illuminate/Routing/Router.php(784): Illuminate/Routing/Router->runRouteWithinStack(Object(Illuminate/Routing/Route), Object(Illuminate/Http/Request))
#27 C:/Users/nahid/Downloads/campus-connect-pro-complete-20-features-v2-fixed/campus-connect-pro-complete/vendor/laravel/framework/src/Illuminate/Routing/Router.php(748): Illuminate/Routing/Router->runRoute(Object(Illuminate/Http/Request), Object(Illuminate/Routing/Route))
#28 C:/Users/nahid/Downloads/campus-connect-pro-complete-20-features-v2-fixed/campus-connect-pro-complete/vendor/laravel/framework/src/Illuminate/Routing/Router.php(737): Illuminate/Routing/Router->dispatchToRoute(Object(Illuminate/Http/Request))
#29 C:/Users/nahid/Downloads/campus-connect-pro-complete-20-features-v2-fixed/campus-connect-pro-complete/vendor/laravel/framework/src/Illuminate/Foundation/Http/Kernel.php(200): Illuminate/Routing/Router->dispatch(Object(Illuminate/Http/Request))
#30 C:/Users/nahid/Downloads/campus-connect-pro-complete-20-features-v2-fixed/campus-connect-pro-complete/vendor/laravel/framework/src/Illuminate/Pipeline/Pipeline.php(144): Illuminate/Foundation/Http/Kernel->Illuminate/Foundation/Http/{closure}(Object(Illuminate/Http/Request))
#31 C:/Users/nahid/Downloads/campus-connect-pro-complete-20-features-v2-fixed/campus-connect-pro-complete/vendor/laravel/framework/src/Illuminate/Foundation/Http/Middleware/TransformsRequest.php(21): Illuminate/Pipeline/Pipeline->Illuminate/Pipeline/{closure}(Object(Illuminate/Http/Request))
#32 C:/Users/nahid/Downloads/campus-connect-pro-complete-20-features-v2-fixed/campus-connect-pro-complete/vendor/laravel/framework/src/Illuminate/Foundation/Http/Middleware/ConvertEmptyStringsToNull.php(31): Illuminate/Foundation/Http/Middleware/TransformsRequest->handle(Object(Illuminate/Http/Request), Object(Closure))
#33 C:/Users/nahid/Downloads/campus-connect-pro-complete-20-features-v2-fixed/campus-connect-pro-complete/vendor/laravel/framework/src/Illuminate/Pipeline/Pipeline.php(183): Illuminate/Foundation/Http/Middleware/ConvertEmptyStringsToNull->handle(Object(Illuminate/Http/Request), Object(Closure))
#34 C:/Users/nahid/Downloads/campus-connect-pro-complete-20-features-v2-fixed/campus-connect-pro-complete/vendor/laravel/framework/src/Illuminate/Foundation/Http/Middleware/TransformsRequest.php(21): Illuminate/Pipeline/Pipeline->Illuminate/Pipeline/{closure}(Object(Illuminate/Http/Request))
#35 C:/Users/nahid/Downloads/campus-connect-pro-complete-20-features-v2-fixed/campus-connect-pro-complete/vendor/laravel/framework/src/Illuminate/Foundation/Http/Middleware/TrimStrings.php(40): Illuminate/Foundation/Http/Middleware/TransformsRequest->handle(Object(Illuminate/Http/Request), Object(Closure))
#36 C:/Users/nahid/Downloads/campus-connect-pro-complete-20-features-v2-fixed/campus-connect-pro-complete/vendor/laravel/framework/src/Illuminate/Pipeline/Pipeline.php(183): Illuminate/Foundation/Http/Middleware/TrimStrings->handle(Object(Illuminate/Http/Request), Object(Closure))
#37 C:/Users/nahid/Downloads/campus-connect-pro-complete-20-features-v2-fixed/campus-connect-pro-complete/vendor/laravel/framework/src/Illuminate/Foundation/Http/Middleware/ValidatePostSize.php(27): Illuminate/Pipeline/Pipeline->Illuminate/Pipeline/{closure}(Object(Illuminate/Http/Request))
#38 C:/Users/nahid/Downloads/campus-connect-pro-complete-20-features-v2-fixed/campus-connect-pro-complete/vendor/laravel/framework/src/Illuminate/Pipeline/Pipeline.php(183): Illuminate/Foundation/Http/Middleware/ValidatePostSize->handle(Object(Illuminate/Http/Request), Object(Closure))
#39 C:/Users/nahid/Downloads/campus-connect-pro-complete-20-features-v2-fixed/campus-connect-pro-complete/vendor/laravel/framework/src/Illuminate/Http/Middleware/HandleCors.php(49): Illuminate/Pipeline/Pipeline->Illuminate/Pipeline/{closure}(Object(Illuminate/Http/Request))
#40 C:/Users/nahid/Downloads/campus-connect-pro-complete-20-features-v2-fixed/campus-connect-pro-complete/vendor/laravel/framework/src/Illuminate/Pipeline/Pipeline.php(183): Illuminate/Http/Middleware/HandleCors->handle(Object(Illuminate/Http/Request), Object(Closure))
#41 C:/Users/nahid/Downloads/campus-connect-pro-complete-20-features-v2-fixed/campus-connect-pro-complete/vendor/laravel/framework/src/Illuminate/Pipeline/Pipeline.php(119): Illuminate/Pipeline/Pipeline->Illuminate/Pipeline/{closure}(Object(Illuminate/Http/Request))
#42 C:/Users/nahid/Downloads/campus-connect-pro-complete-20-features-v2-fixed/campus-connect-pro-complete/vendor/laravel/framework/src/Illuminate/Foundation/Http/Kernel.php(175): Illuminate/Pipeline/Pipeline->then(Object(Closure))
#43 C:/Users/nahid/Downloads/campus-connect-pro-complete-20-features-v2-fixed/campus-connect-pro-complete/vendor/laravel/framework/src/Illuminate/Foundation/Http/Kernel.php(144): Illuminate/Foundation/Http/Kernel->sendRequestThroughRouter(Object(Illuminate/Http/Request))
#44 C:/Users/nahid/Downloads/campus-connect-pro-complete-20-features-v2-fixed/campus-connect-pro-complete/public/index.php(20): Illuminate/Foundation/Http/Kernel->handle(Object(Illuminate/Http/Request))
#45 C:/Users/nahid/Downloads/campus-connect-pro-complete-20-features-v2-fixed/campus-connect-pro-complete/vendor/laravel/framework/src/Illuminate/Foundation/resources/server.php(16): require_once('C://Users//nahid//...')
#46 {main}
"} 
[2026-05-05 12:18:48] laravel.ERROR: Undefined variable $requestedRides {"view":{"view":"C:\\Users\\nahid\\Downloads\\campus-connect-pro-complete-20-features-v2-fixed\\campus-connect-pro-complete\\resources\\views\\rides\\history.blade.php","data":{"errors":"<pre class=sf-dump id=sf-dump-1493292987 data-indent-pad=\"  \"><span class=sf-dump-note>Illuminate\\Support\\ViewErrorBag</span> {<a class=sf-dump-ref>#398</a><samp data-depth=1 class=sf-dump-expanded>
  #<span class=sf-dump-protected title=\"Protected property\">bags</span>: []
</samp>}
</pre><script>Sfdump(\"sf-dump-1493292987\", {\"maxDepth\":3,\"maxStringLength\":160})</script>
","offeredRides":"<pre class=sf-dump id=sf-dump-2121108265 data-indent-pad=\"  \"><span class=sf-dump-note>Illuminate\\Database\\Eloquent\\Collection</span> {<a class=sf-dump-ref>#1116</a><samp data-depth=1 class=sf-dump-expanded>
  #<span class=sf-dump-protected title=\"Protected property\">items</span>: <span class=sf-dump-note>array:1</span> [<samp data-depth=2 class=sf-dump-compact>
    <span class=sf-dump-index>0</span> => <span class=\"sf-dump-note sf-dump-ellipsization\" title=\"App\\Models\\Ride
\"><span class=\"sf-dump-ellipsis sf-dump-ellipsis-note\">App\\Models</span><span class=\"sf-dump-ellipsis sf-dump-ellipsis-note\">\\</span><span class=\"sf-dump-ellipsis-tail\">Ride</span></span> {<a class=sf-dump-ref>#1118</a><samp data-depth=3 class=sf-dump-compact>
      #<span class=sf-dump-protected title=\"Protected property\">connection</span>: \"<span class=sf-dump-str title=\"6 characters\">sqlite</span>\"
      #<span class=sf-dump-protected title=\"Protected property\">table</span>: \"<span class=sf-dump-str title=\"5 characters\">rides</span>\"
      #<span class=sf-dump-protected title=\"Protected property\">primaryKey</span>: \"<span class=sf-dump-str title=\"2 characters\">id</span>\"
      #<span class=sf-dump-protected title=\"Protected property\">keyType</span>: \"<span class=sf-dump-str title=\"3 characters\">int</span>\"
      +<span class=sf-dump-public title=\"Public property\">incrementing</span>: <span class=sf-dump-const>true</span>
      #<span class=sf-dump-protected title=\"Protected property\">with</span>: []
      #<span class=sf-dump-protected title=\"Protected property\">withCount</span>: []
      +<span class=sf-dump-public title=\"Public property\">preventsLazyLoading</span>: <span class=sf-dump-const>false</span>
      #<span class=sf-dump-protected title=\"Protected property\">perPage</span>: <span class=sf-dump-num>15</span>
      +<span class=sf-dump-public title=\"Public property\">exists</span>: <span class=sf-dump-const>true</span>
      +<span class=sf-dump-public title=\"Public property\">wasRecentlyCreated</span>: <span class=sf-dump-const>false</span>
      #<span class=sf-dump-protected title=\"Protected property\">escapeWhenCastingToString</span>: <span class=sf-dump-const>false</span>
      #<span class=sf-dump-protected title=\"Protected property\">attributes</span>: <span class=sf-dump-note>array:10</span> [ &#8230;10]
      #<span class=sf-dump-protected title=\"Protected property\">original</span>: <span class=sf-dump-note>array:10</span> [ &#8230;10]
      #<span class=sf-dump-protected title=\"Protected property\">changes</span>: []
      #<span class=sf-dump-protected title=\"Protected property\">casts</span>: []
      #<span class=sf-dump-protected title=\"Protected property\">classCastCache</span>: []
      #<span class=sf-dump-protected title=\"Protected property\">attributeCastCache</span>: []
      #<span class=sf-dump-protected title=\"Protected property\">dateFormat</span>: <span class=sf-dump-const>null</span>
      #<span class=sf-dump-protected title=\"Protected property\">appends</span>: []
      #<span class=sf-dump-protected title=\"Protected property\">dispatchesEvents</span>: []
      #<span class=sf-dump-protected title=\"Protected property\">observables</span>: []
      #<span class=sf-dump-protected title=\"Protected property\">relations</span>: []
      #<span class=sf-dump-protected title=\"Protected property\">touches</span>: []
      +<span class=sf-dump-public title=\"Public property\">timestamps</span>: <span class=sf-dump-const>true</span>
      +<span class=sf-dump-public title=\"Public property\">usesUniqueIds</span>: <span class=sf-dump-const>false</span>
      #<span class=sf-dump-protected title=\"Protected property\">hidden</span>: []
      #<span class=sf-dump-protected title=\"Protected property\">visible</span>: []
      #<span class=sf-dump-protected title=\"Protected property\">fillable</span>: <span class=sf-dump-note>array:7</span> [ &#8230;7]
      #<span class=sf-dump-protected title=\"Protected property\">guarded</span>: <span class=sf-dump-note>array:1</span> [ &#8230;1]
    </samp>}
  </samp>]
  #<span class=sf-dump-protected title=\"Protected property\">escapeWhenCastingToString</span>: <span class=sf-dump-const>false</span>
</samp>}
</pre><script>Sfdump(\"sf-dump-2121108265\", {\"maxDepth\":3,\"maxStringLength\":160})</script>
","joinRequests":"<pre class=sf-dump id=sf-dump-1174575700 data-indent-pad=\"  \"><span class=sf-dump-note>Illuminate\\Database\\Eloquent\\Collection</span> {<a class=sf-dump-ref>#1124</a><samp data-depth=1 class=sf-dump-expanded>
  #<span class=sf-dump-protected title=\"Protected property\">items</span>: []
  #<span class=sf-dump-protected title=\"Protected property\">escapeWhenCastingToString</span>: <span class=sf-dump-const>false</span>
</samp>}
</pre><script>Sfdump(\"sf-dump-1174575700\", {\"maxDepth\":3,\"maxStringLength\":160})</script>
"}},"userId":1,"exception":"[object] (Spatie\\LaravelIgnition\\Exceptions\\ViewException(code: 0): Undefined variable $requestedRides at C:/Users/nahid/Downloads/campus-connect-pro-complete-20-features-v2-fixed/campus-connect-pro-complete/resources/views/rides/history.blade.php:34)
[stacktrace]
#0 C:/Users/nahid/Downloads/campus-connect-pro-complete-20-features-v2-fixed/campus-connect-pro-complete/vendor/laravel/framework/src/Illuminate/Filesystem/Filesystem.php(123): require('C://Users//nahid//...')
#1 C:/Users/nahid/Downloads/campus-connect-pro-complete-20-features-v2-fixed/campus-connect-pro-complete/vendor/laravel/framework/src/Illuminate/Filesystem/Filesystem.php(124): Illuminate/Filesystem/Filesystem::Illuminate/Filesystem/{closure}()
#2 C:/Users/nahid/Downloads/campus-connect-pro-complete-20-features-v2-fixed/campus-connect-pro-complete/vendor/laravel/framework/src/Illuminate/View/Engines/PhpEngine.php(58): Illuminate/Filesystem/Filesystem->getRequire('C://Users//nahid//...', Array)
#3 C:/Users/nahid/Downloads/campus-connect-pro-complete-20-features-v2-fixed/campus-connect-pro-complete/vendor/laravel/framework/src/Illuminate/View/Engines/CompilerEngine.php(72): Illuminate/View/Engines/PhpEngine->evaluatePath('C://Users//nahid//...', Array)
#4 C:/Users/nahid/Downloads/campus-connect-pro-complete-20-features-v2-fixed/campus-connect-pro-complete/vendor/laravel/framework/src/Illuminate/View/View.php(207): Illuminate/View/Engines/CompilerEngine->get('C://Users//nahid//...', Array)
#5 C:/Users/nahid/Downloads/campus-connect-pro-complete-20-features-v2-fixed/campus-connect-pro-complete/vendor/laravel/framework/src/Illuminate/View/View.php(190): Illuminate/View/View->getContents()
#6 C:/Users/nahid/Downloads/campus-connect-pro-complete-20-features-v2-fixed/campus-connect-pro-complete/vendor/laravel/framework/src/Illuminate/View/View.php(159): Illuminate/View/View->renderContents()
#7 C:/Users/nahid/Downloads/campus-connect-pro-complete-20-features-v2-fixed/campus-connect-pro-complete/vendor/laravel/framework/src/Illuminate/Http/Response.php(69): Illuminate/View/View->render()
#8 C:/Users/nahid/Downloads/campus-connect-pro-complete-20-features-v2-fixed/campus-connect-pro-complete/vendor/laravel/framework/src/Illuminate/Http/Response.php(35): Illuminate/Http/Response->setContent(Object(Illuminate/View/View))
#9 C:/Users/nahid/Downloads/campus-connect-pro-complete-20-features-v2-fixed/campus-connect-pro-complete/vendor/laravel/framework/src/Illuminate/Routing/Router.php(918): Illuminate/Http/Response->__construct(Object(Illuminate/View/View), 200, Array)
#10 C:/Users/nahid/Downloads/campus-connect-pro-complete-20-features-v2-fixed/campus-connect-pro-complete/vendor/laravel/framework/src/Illuminate/Routing/Router.php(885): Illuminate/Routing/Router::toResponse(Object(Illuminate/Http/Request), Object(Illuminate/View/View))
#11 C:/Users/nahid/Downloads/campus-connect-pro-complete-20-features-v2-fixed/campus-connect-pro-complete/vendor/laravel/framework/src/Illuminate/Routing/Router.php(805): Illuminate/Routing/Router->prepareResponse(Object(Illuminate/Http/Request), Object(Illuminate/View/View))
#12 C:/Users/nahid/Downloads/campus-connect-pro-complete-20-features-v2-fixed/campus-connect-pro-complete/vendor/laravel/framework/src/Illuminate/Pipeline/Pipeline.php(144): Illuminate/Routing/Router->Illuminate/Routing/{closure}(Object(Illuminate/Http/Request))
#13 C:/Users/nahid/Downloads/campus-connect-pro-complete-20-features-v2-fixed/campus-connect-pro-complete/app/Http/Middleware/CheckSuspended.php(19): Illuminate/Pipeline/Pipeline->Illuminate/Pipeline/{closure}(Object(Illuminate/Http/Request))
#14 C:/Users/nahid/Downloads/campus-connect-pro-complete-20-features-v2-fixed/campus-connect-pro-complete/vendor/laravel/framework/src/Illuminate/Pipeline/Pipeline.php(183): App/Http/Middleware/CheckSuspended->handle(Object(Illuminate/Http/Request), Object(Closure))
#15 C:/Users/nahid/Downloads/campus-connect-pro-complete-20-features-v2-fixed/campus-connect-pro-complete/vendor/laravel/framework/src/Illuminate/Routing/Middleware/SubstituteBindings.php(50): Illuminate/Pipeline/Pipeline->Illuminate/Pipeline/{closure}(Object(Illuminate/Http/Request))
#16 C:/Users/nahid/Downloads/campus-connect-pro-complete-20-features-v2-fixed/campus-connect-pro-complete/vendor/laravel/framework/src/Illuminate/Pipeline/Pipeline.php(183): Illuminate/Routing/Middleware/SubstituteBindings->handle(Object(Illuminate/Http/Request), Object(Closure))
#17 C:/Users/nahid/Downloads/campus-connect-pro-complete-20-features-v2-fixed/campus-connect-pro-complete/vendor/laravel/framework/src/Illuminate/Auth/Middleware/Authenticate.php(57): Illuminate/Pipeline/Pipeline->Illuminate/Pipeline/{closure}(Object(Illuminate/Http/Request))
#18 C:/Users/nahid/Downloads/campus-connect-pro-complete-20-features-v2-fixed/campus-connect-pro-complete/vendor/laravel/framework/src/Illuminate/Pipeline/Pipeline.php(183): Illuminate/Auth/Middleware/Authenticate->handle(Object(Illuminate/Http/Request), Object(Closure))
#19 C:/Users/nahid/Downloads/campus-connect-pro-complete-20-features-v2-fixed/campus-connect-pro-complete/vendor/laravel/framework/src/Illuminate/Foundation/Http/Middleware/VerifyCsrfToken.php(78): Illuminate/Pipeline/Pipeline->Illuminate/Pipeline/{closure}(Object(Illuminate/Http/Request))
#20 C:/Users/nahid/Downloads/campus-connect-pro-complete-20-features-v2-fixed/campus-connect-pro-complete/vendor/laravel/framework/src/Illuminate/Pipeline/Pipeline.php(183): Illuminate/Foundation/Http/Middleware/VerifyCsrfToken->handle(Object(Illuminate/Http/Request), Object(Closure))
#21 C:/Users/nahid/Downloads/campus-connect-pro-complete-20-features-v2-fixed/campus-connect-pro-complete/vendor/laravel/framework/src/Illuminate/View/Middleware/ShareErrorsFromSession.php(49): Illuminate/Pipeline/Pipeline->Illuminate/Pipeline/{closure}(Object(Illuminate/Http/Request))
#22 C:/Users/nahid/Downloads/campus-connect-pro-complete-20-features-v2-fixed/campus-connect-pro-complete/vendor/laravel/framework/src/Illuminate/Pipeline/Pipeline.php(183): Illuminate/View/Middleware/ShareErrorsFromSession->handle(Object(Illuminate/Http/Request), Object(Closure))
#23 C:/Users/nahid/Downloads/campus-connect-pro-complete-20-features-v2-fixed/campus-connect-pro-complete/vendor/laravel/framework/src/Illuminate/Session/Middleware/StartSession.php(121): Illuminate/Pipeline/Pipeline->Illuminate/Pipeline/{closure}(Object(Illuminate/Http/Request))
#24 C:/Users/nahid/Downloads/campus-connect-pro-complete-20-features-v2-fixed/campus-connect-pro-complete/vendor/laravel/framework/src/Illuminate/Session/Middleware/StartSession.php(64): Illuminate/Session/Middleware/StartSession->handleStatefulRequest(Object(Illuminate/Http/Request), Object(Illuminate/Session/Store), Object(Closure))
#25 C:/Users/nahid/Downloads/campus-connect-pro-complete-20-features-v2-fixed/campus-connect-pro-complete/vendor/laravel/framework/src/Illuminate/Pipeline/Pipeline.php(183): Illuminate/Session/Middleware/StartSession->handle(Object(Illuminate/Http/Request), Object(Closure))
#26 C:/Users/nahid/Downloads/campus-connect-pro-complete-20-features-v2-fixed/campus-connect-pro-complete/vendor/laravel/framework/src/Illuminate/Cookie/Middleware/AddQueuedCookiesToResponse.php(37): Illuminate/Pipeline/Pipeline->Illuminate/Pipeline/{closure}(Object(Illuminate/Http/Request))
#27 C:/Users/nahid/Downloads/campus-connect-pro-complete-20-features-v2-fixed/campus-connect-pro-complete/vendor/laravel/framework/src/Illuminate/Pipeline/Pipeline.php(183): Illuminate/Cookie/Middleware/AddQueuedCookiesToResponse->handle(Object(Illuminate/Http/Request), Object(Closure))
#28 C:/Users/nahid/Downloads/campus-connect-pro-complete-20-features-v2-fixed/campus-connect-pro-complete/vendor/laravel/framework/src/Illuminate/Cookie/Middleware/EncryptCookies.php(67): Illuminate/Pipeline/Pipeline->Illuminate/Pipeline/{closure}(Object(Illuminate/Http/Request))
#29 C:/Users/nahid/Downloads/campus-connect-pro-complete-20-features-v2-fixed/campus-connect-pro-complete/vendor/laravel/framework/src/Illuminate/Pipeline/Pipeline.php(183): Illuminate/Cookie/Middleware/EncryptCookies->handle(Object(Illuminate/Http/Request), Object(Closure))
#30 C:/Users/nahid/Downloads/campus-connect-pro-complete-20-features-v2-fixed/campus-connect-pro-complete/vendor/laravel/framework/src/Illuminate/Pipeline/Pipeline.php(119): Illuminate/Pipeline/Pipeline->Illuminate/Pipeline/{closure}(Object(Illuminate/Http/Request))
#31 C:/Users/nahid/Downloads/campus-connect-pro-complete-20-features-v2-fixed/campus-connect-pro-complete/vendor/laravel/framework/src/Illuminate/Routing/Router.php(805): Illuminate/Pipeline/Pipeline->then(Object(Closure))
#32 C:/Users/nahid/Downloads/campus-connect-pro-complete-20-features-v2-fixed/campus-connect-pro-complete/vendor/laravel/framework/src/Illuminate/Routing/Router.php(784): Illuminate/Routing/Router->runRouteWithinStack(Object(Illuminate/Routing/Route), Object(Illuminate/Http/Request))
#33 C:/Users/nahid/Downloads/campus-connect-pro-complete-20-features-v2-fixed/campus-connect-pro-complete/vendor/laravel/framework/src/Illuminate/Routing/Router.php(748): Illuminate/Routing/Router->runRoute(Object(Illuminate/Http/Request), Object(Illuminate/Routing/Route))
#34 C:/Users/nahid/Downloads/campus-connect-pro-complete-20-features-v2-fixed/campus-connect-pro-complete/vendor/laravel/framework/src/Illuminate/Routing/Router.php(737): Illuminate/Routing/Router->dispatchToRoute(Object(Illuminate/Http/Request))
#35 C:/Users/nahid/Downloads/campus-connect-pro-complete-20-features-v2-fixed/campus-connect-pro-complete/vendor/laravel/framework/src/Illuminate/Foundation/Http/Kernel.php(200): Illuminate/Routing/Router->dispatch(Object(Illuminate/Http/Request))
#36 C:/Users/nahid/Downloads/campus-connect-pro-complete-20-features-v2-fixed/campus-connect-pro-complete/vendor/laravel/framework/src/Illuminate/Pipeline/Pipeline.php(144): Illuminate/Foundation/Http/Kernel->Illuminate/Foundation/Http/{closure}(Object(Illuminate/Http/Request))
#37 C:/Users/nahid/Downloads/campus-connect-pro-complete-20-features-v2-fixed/campus-connect-pro-complete/vendor/laravel/framework/src/Illuminate/Foundation/Http/Middleware/TransformsRequest.php(21): Illuminate/Pipeline/Pipeline->Illuminate/Pipeline/{closure}(Object(Illuminate/Http/Request))
#38 C:/Users/nahid/Downloads/campus-connect-pro-complete-20-features-v2-fixed/campus-connect-pro-complete/vendor/laravel/framework/src/Illuminate/Foundation/Http/Middleware/ConvertEmptyStringsToNull.php(31): Illuminate/Foundation/Http/Middleware/TransformsRequest->handle(Object(Illuminate/Http/Request), Object(Closure))
#39 C:/Users/nahid/Downloads/campus-connect-pro-complete-20-features-v2-fixed/campus-connect-pro-complete/vendor/laravel/framework/src/Illuminate/Pipeline/Pipeline.php(183): Illuminate/Foundation/Http/Middleware/ConvertEmptyStringsToNull->handle(Object(Illuminate/Http/Request), Object(Closure))
#40 C:/Users/nahid/Downloads/campus-connect-pro-complete-20-features-v2-fixed/campus-connect-pro-complete/vendor/laravel/framework/src/Illuminate/Foundation/Http/Middleware/TransformsRequest.php(21): Illuminate/Pipeline/Pipeline->Illuminate/Pipeline/{closure}(Object(Illuminate/Http/Request))
#41 C:/Users/nahid/Downloads/campus-connect-pro-complete-20-features-v2-fixed/campus-connect-pro-complete/vendor/laravel/framework/src/Illuminate/Foundation/Http/Middleware/TrimStrings.php(40): Illuminate/Foundation/Http/Middleware/TransformsRequest->handle(Object(Illuminate/Http/Request), Object(Closure))
#42 C:/Users/nahid/Downloads/campus-connect-pro-complete-20-features-v2-fixed/campus-connect-pro-complete/vendor/laravel/framework/src/Illuminate/Pipeline/Pipeline.php(183): Illuminate/Foundation/Http/Middleware/TrimStrings->handle(Object(Illuminate/Http/Request), Object(Closure))
#43 C:/Users/nahid/Downloads/campus-connect-pro-complete-20-features-v2-fixed/campus-connect-pro-complete/vendor/laravel/framework/src/Illuminate/Foundation/Http/Middleware/ValidatePostSize.php(27): Illuminate/Pipeline/Pipeline->Illuminate/Pipeline/{closure}(Object(Illuminate/Http/Request))
#44 C:/Users/nahid/Downloads/campus-connect-pro-complete-20-features-v2-fixed/campus-connect-pro-complete/vendor/laravel/framework/src/Illuminate/Pipeline/Pipeline.php(183): Illuminate/Foundation/Http/Middleware/ValidatePostSize->handle(Object(Illuminate/Http/Request), Object(Closure))
#45 C:/Users/nahid/Downloads/campus-connect-pro-complete-20-features-v2-fixed/campus-connect-pro-complete/vendor/laravel/framework/src/Illuminate/Http/Middleware/HandleCors.php(49): Illuminate/Pipeline/Pipeline->Illuminate/Pipeline/{closure}(Object(Illuminate/Http/Request))
#46 C:/Users/nahid/Downloads/campus-connect-pro-complete-20-features-v2-fixed/campus-connect-pro-complete/vendor/laravel/framework/src/Illuminate/Pipeline/Pipeline.php(183): Illuminate/Http/Middleware/HandleCors->handle(Object(Illuminate/Http/Request), Object(Closure))
#47 C:/Users/nahid/Downloads/campus-connect-pro-complete-20-features-v2-fixed/campus-connect-pro-complete/vendor/laravel/framework/src/Illuminate/Pipeline/Pipeline.php(119): Illuminate/Pipeline/Pipeline->Illuminate/Pipeline/{closure}(Object(Illuminate/Http/Request))
#48 C:/Users/nahid/Downloads/campus-connect-pro-complete-20-features-v2-fixed/campus-connect-pro-complete/vendor/laravel/framework/src/Illuminate/Foundation/Http/Kernel.php(175): Illuminate/Pipeline/Pipeline->then(Object(Closure))
#49 C:/Users/nahid/Downloads/campus-connect-pro-complete-20-features-v2-fixed/campus-connect-pro-complete/vendor/laravel/framework/src/Illuminate/Foundation/Http/Kernel.php(144): Illuminate/Foundation/Http/Kernel->sendRequestThroughRouter(Object(Illuminate/Http/Request))
#50 C:/Users/nahid/Downloads/campus-connect-pro-complete-20-features-v2-fixed/campus-connect-pro-complete/public/index.php(20): Illuminate/Foundation/Http/Kernel->handle(Object(Illuminate/Http/Request))
#51 C:/Users/nahid/Downloads/campus-connect-pro-complete-20-features-v2-fixed/campus-connect-pro-complete/vendor/laravel/framework/src/Illuminate/Foundation/resources/server.php(16): require_once('C://Users//nahid//...')
#52 {main}

[previous exception] [object] (ErrorException(code: 0): Undefined variable $requestedRides at C:/Users/nahid/Downloads/campus-connect-pro-complete-20-features-v2-fixed/campus-connect-pro-complete/storage/framework/views/1889eac39de490ba56a791478f199358.php:33)
[stacktrace]
#0 C:/Users/nahid/Downloads/campus-connect-pro-complete-20-features-v2-fixed/campus-connect-pro-complete/vendor/laravel/framework/src/Illuminate/Foundation/Bootstrap/HandleExceptions.php(255): Illuminate/Foundation/Bootstrap/HandleExceptions->handleError(2, 'Undefined varia...', 'C://Users//nahid//...', 33)
#1 C:/Users/nahid/Downloads/campus-connect-pro-complete-20-features-v2-fixed/campus-connect-pro-complete/storage/framework/views/1889eac39de490ba56a791478f199358.php(33): Illuminate/Foundation/Bootstrap/HandleExceptions->Illuminate/Foundation/Bootstrap/{closure}(2, 'Undefined varia...', 'C://Users//nahid//...', 33)
#2 C:/Users/nahid/Downloads/campus-connect-pro-complete-20-features-v2-fixed/campus-connect-pro-complete/vendor/laravel/framework/src/Illuminate/Filesystem/Filesystem.php(123): require('C://Users//nahid//...')
#3 C:/Users/nahid/Downloads/campus-connect-pro-complete-20-features-v2-fixed/campus-connect-pro-complete/vendor/laravel/framework/src/Illuminate/Filesystem/Filesystem.php(124): Illuminate/Filesystem/Filesystem::Illuminate/Filesystem/{closure}()
#4 C:/Users/nahid/Downloads/campus-connect-pro-complete-20-features-v2-fixed/campus-connect-pro-complete/vendor/laravel/framework/src/Illuminate/View/Engines/PhpEngine.php(58): Illuminate/Filesystem/Filesystem->getRequire('C://Users//nahid//...', Array)
#5 C:/Users/nahid/Downloads/campus-connect-pro-complete-20-features-v2-fixed/campus-connect-pro-complete/vendor/laravel/framework/src/Illuminate/View/Engines/CompilerEngine.php(72): Illuminate/View/Engines/PhpEngine->evaluatePath('C://Users//nahid//...', Array)
#6 C:/Users/nahid/Downloads/campus-connect-pro-complete-20-features-v2-fixed/campus-connect-pro-complete/vendor/laravel/framework/src/Illuminate/View/View.php(207): Illuminate/View/Engines/CompilerEngine->get('C://Users//nahid//...', Array)
#7 C:/Users/nahid/Downloads/campus-connect-pro-complete-20-features-v2-fixed/campus-connect-pro-complete/vendor/laravel/framework/src/Illuminate/View/View.php(190): Illuminate/View/View->getContents()
#8 C:/Users/nahid/Downloads/campus-connect-pro-complete-20-features-v2-fixed/campus-connect-pro-complete/vendor/laravel/framework/src/Illuminate/View/View.php(159): Illuminate/View/View->renderContents()
#9 C:/Users/nahid/Downloads/campus-connect-pro-complete-20-features-v2-fixed/campus-connect-pro-complete/vendor/laravel/framework/src/Illuminate/Http/Response.php(69): Illuminate/View/View->render()
#10 C:/Users/nahid/Downloads/campus-connect-pro-complete-20-features-v2-fixed/campus-connect-pro-complete/vendor/laravel/framework/src/Illuminate/Http/Response.php(35): Illuminate/Http/Response->setContent(Object(Illuminate/View/View))
#11 C:/Users/nahid/Downloads/campus-connect-pro-complete-20-features-v2-fixed/campus-connect-pro-complete/vendor/laravel/framework/src/Illuminate/Routing/Router.php(918): Illuminate/Http/Response->__construct(Object(Illuminate/View/View), 200, Array)
#12 C:/Users/nahid/Downloads/campus-connect-pro-complete-20-features-v2-fixed/campus-connect-pro-complete/vendor/laravel/framework/src/Illuminate/Routing/Router.php(885): Illuminate/Routing/Router::toResponse(Object(Illuminate/Http/Request), Object(Illuminate/View/View))
#13 C:/Users/nahid/Downloads/campus-connect-pro-complete-20-features-v2-fixed/campus-connect-pro-complete/vendor/laravel/framework/src/Illuminate/Routing/Router.php(805): Illuminate/Routing/Router->prepareResponse(Object(Illuminate/Http/Request), Object(Illuminate/View/View))
#14 C:/Users/nahid/Downloads/campus-connect-pro-complete-20-features-v2-fixed/campus-connect-pro-complete/vendor/laravel/framework/src/Illuminate/Pipeline/Pipeline.php(144): Illuminate/Routing/Router->Illuminate/Routing/{closure}(Object(Illuminate/Http/Request))
#15 C:/Users/nahid/Downloads/campus-connect-pro-complete-20-features-v2-fixed/campus-connect-pro-complete/app/Http/Middleware/CheckSuspended.php(19): Illuminate/Pipeline/Pipeline->Illuminate/Pipeline/{closure}(Object(Illuminate/Http/Request))
#16 C:/Users/nahid/Downloads/campus-connect-pro-complete-20-features-v2-fixed/campus-connect-pro-complete/vendor/laravel/framework/src/Illuminate/Pipeline/Pipeline.php(183): App/Http/Middleware/CheckSuspended->handle(Object(Illuminate/Http/Request), Object(Closure))
#17 C:/Users/nahid/Downloads/campus-connect-pro-complete-20-features-v2-fixed/campus-connect-pro-complete/vendor/laravel/framework/src/Illuminate/Routing/Middleware/SubstituteBindings.php(50): Illuminate/Pipeline/Pipeline->Illuminate/Pipeline/{closure}(Object(Illuminate/Http/Request))
#18 C:/Users/nahid/Downloads/campus-connect-pro-complete-20-features-v2-fixed/campus-connect-pro-complete/vendor/laravel/framework/src/Illuminate/Pipeline/Pipeline.php(183): Illuminate/Routing/Middleware/SubstituteBindings->handle(Object(Illuminate/Http/Request), Object(Closure))
#19 C:/Users/nahid/Downloads/campus-connect-pro-complete-20-features-v2-fixed/campus-connect-pro-complete/vendor/laravel/framework/src/Illuminate/Auth/Middleware/Authenticate.php(57): Illuminate/Pipeline/Pipeline->Illuminate/Pipeline/{closure}(Object(Illuminate/Http/Request))
#20 C:/Users/nahid/Downloads/campus-connect-pro-complete-20-features-v2-fixed/campus-connect-pro-complete/vendor/laravel/framework/src/Illuminate/Pipeline/Pipeline.php(183): Illuminate/Auth/Middleware/Authenticate->handle(Object(Illuminate/Http/Request), Object(Closure))
#21 C:/Users/nahid/Downloads/campus-connect-pro-complete-20-features-v2-fixed/campus-connect-pro-complete/vendor/laravel/framework/src/Illuminate/Foundation/Http/Middleware/VerifyCsrfToken.php(78): Illuminate/Pipeline/Pipeline->Illuminate/Pipeline/{closure}(Object(Illuminate/Http/Request))
#22 C:/Users/nahid/Downloads/campus-connect-pro-complete-20-features-v2-fixed/campus-connect-pro-complete/vendor/laravel/framework/src/Illuminate/Pipeline/Pipeline.php(183): Illuminate/Foundation/Http/Middleware/VerifyCsrfToken->handle(Object(Illuminate/Http/Request), Object(Closure))
#23 C:/Users/nahid/Downloads/campus-connect-pro-complete-20-features-v2-fixed/campus-connect-pro-complete/vendor/laravel/framework/src/Illuminate/View/Middleware/ShareErrorsFromSession.php(49): Illuminate/Pipeline/Pipeline->Illuminate/Pipeline/{closure}(Object(Illuminate/Http/Request))
#24 C:/Users/nahid/Downloads/campus-connect-pro-complete-20-features-v2-fixed/campus-connect-pro-complete/vendor/laravel/framework/src/Illuminate/Pipeline/Pipeline.php(183): Illuminate/View/Middleware/ShareErrorsFromSession->handle(Object(Illuminate/Http/Request), Object(Closure))
#25 C:/Users/nahid/Downloads/campus-connect-pro-complete-20-features-v2-fixed/campus-connect-pro-complete/vendor/laravel/framework/src/Illuminate/Session/Middleware/StartSession.php(121): Illuminate/Pipeline/Pipeline->Illuminate/Pipeline/{closure}(Object(Illuminate/Http/Request))
#26 C:/Users/nahid/Downloads/campus-connect-pro-complete-20-features-v2-fixed/campus-connect-pro-complete/vendor/laravel/framework/src/Illuminate/Session/Middleware/StartSession.php(64): Illuminate/Session/Middleware/StartSession->handleStatefulRequest(Object(Illuminate/Http/Request), Object(Illuminate/Session/Store), Object(Closure))
#27 C:/Users/nahid/Downloads/campus-connect-pro-complete-20-features-v2-fixed/campus-connect-pro-complete/vendor/laravel/framework/src/Illuminate/Pipeline/Pipeline.php(183): Illuminate/Session/Middleware/StartSession->handle(Object(Illuminate/Http/Request), Object(Closure))
#28 C:/Users/nahid/Downloads/campus-connect-pro-complete-20-features-v2-fixed/campus-connect-pro-complete/vendor/laravel/framework/src/Illuminate/Cookie/Middleware/AddQueuedCookiesToResponse.php(37): Illuminate/Pipeline/Pipeline->Illuminate/Pipeline/{closure}(Object(Illuminate/Http/Request))
#29 C:/Users/nahid/Downloads/campus-connect-pro-complete-20-features-v2-fixed/campus-connect-pro-complete/vendor/laravel/framework/src/Illuminate/Pipeline/Pipeline.php(183): Illuminate/Cookie/Middleware/AddQueuedCookiesToResponse->handle(Object(Illuminate/Http/Request), Object(Closure))
#30 C:/Users/nahid/Downloads/campus-connect-pro-complete-20-features-v2-fixed/campus-connect-pro-complete/vendor/laravel/framework/src/Illuminate/Cookie/Middleware/EncryptCookies.php(67): Illuminate/Pipeline/Pipeline->Illuminate/Pipeline/{closure}(Object(Illuminate/Http/Request))
#31 C:/Users/nahid/Downloads/campus-connect-pro-complete-20-features-v2-fixed/campus-connect-pro-complete/vendor/laravel/framework/src/Illuminate/Pipeline/Pipeline.php(183): Illuminate/Cookie/Middleware/EncryptCookies->handle(Object(Illuminate/Http/Request), Object(Closure))
#32 C:/Users/nahid/Downloads/campus-connect-pro-complete-20-features-v2-fixed/campus-connect-pro-complete/vendor/laravel/framework/src/Illuminate/Pipeline/Pipeline.php(119): Illuminate/Pipeline/Pipeline->Illuminate/Pipeline/{closure}(Object(Illuminate/Http/Request))
#33 C:/Users/nahid/Downloads/campus-connect-pro-complete-20-features-v2-fixed/campus-connect-pro-complete/vendor/laravel/framework/src/Illuminate/Routing/Router.php(805): Illuminate/Pipeline/Pipeline->then(Object(Closure))
#34 C:/Users/nahid/Downloads/campus-connect-pro-complete-20-features-v2-fixed/campus-connect-pro-complete/vendor/laravel/framework/src/Illuminate/Routing/Router.php(784): Illuminate/Routing/Router->runRouteWithinStack(Object(Illuminate/Routing/Route), Object(Illuminate/Http/Request))
#35 C:/Users/nahid/Downloads/campus-connect-pro-complete-20-features-v2-fixed/campus-connect-pro-complete/vendor/laravel/framework/src/Illuminate/Routing/Router.php(748): Illuminate/Routing/Router->runRoute(Object(Illuminate/Http/Request), Object(Illuminate/Routing/Route))
#36 C:/Users/nahid/Downloads/campus-connect-pro-complete-20-features-v2-fixed/campus-connect-pro-complete/vendor/laravel/framework/src/Illuminate/Routing/Router.php(737): Illuminate/Routing/Router->dispatchToRoute(Object(Illuminate/Http/Request))
#37 C:/Users/nahid/Downloads/campus-connect-pro-complete-20-features-v2-fixed/campus-connect-pro-complete/vendor/laravel/framework/src/Illuminate/Foundation/Http/Kernel.php(200): Illuminate/Routing/Router->dispatch(Object(Illuminate/Http/Request))
#38 C:/Users/nahid/Downloads/campus-connect-pro-complete-20-features-v2-fixed/campus-connect-pro-complete/vendor/laravel/framework/src/Illuminate/Pipeline/Pipeline.php(144): Illuminate/Foundation/Http/Kernel->Illuminate/Foundation/Http/{closure}(Object(Illuminate/Http/Request))
#39 C:/Users/nahid/Downloads/campus-connect-pro-complete-20-features-v2-fixed/campus-connect-pro-complete/vendor/laravel/framework/src/Illuminate/Foundation/Http/Middleware/TransformsRequest.php(21): Illuminate/Pipeline/Pipeline->Illuminate/Pipeline/{closure}(Object(Illuminate/Http/Request))
#40 C:/Users/nahid/Downloads/campus-connect-pro-complete-20-features-v2-fixed/campus-connect-pro-complete/vendor/laravel/framework/src/Illuminate/Foundation/Http/Middleware/ConvertEmptyStringsToNull.php(31): Illuminate/Foundation/Http/Middleware/TransformsRequest->handle(Object(Illuminate/Http/Request), Object(Closure))
#41 C:/Users/nahid/Downloads/campus-connect-pro-complete-20-features-v2-fixed/campus-connect-pro-complete/vendor/laravel/framework/src/Illuminate/Pipeline/Pipeline.php(183): Illuminate/Foundation/Http/Middleware/ConvertEmptyStringsToNull->handle(Object(Illuminate/Http/Request), Object(Closure))
#42 C:/Users/nahid/Downloads/campus-connect-pro-complete-20-features-v2-fixed/campus-connect-pro-complete/vendor/laravel/framework/src/Illuminate/Foundation/Http/Middleware/TransformsRequest.php(21): Illuminate/Pipeline/Pipeline->Illuminate/Pipeline/{closure}(Object(Illuminate/Http/Request))
#43 C:/Users/nahid/Downloads/campus-connect-pro-complete-20-features-v2-fixed/campus-connect-pro-complete/vendor/laravel/framework/src/Illuminate/Foundation/Http/Middleware/TrimStrings.php(40): Illuminate/Foundation/Http/Middleware/TransformsRequest->handle(Object(Illuminate/Http/Request), Object(Closure))
#44 C:/Users/nahid/Downloads/campus-connect-pro-complete-20-features-v2-fixed/campus-connect-pro-complete/vendor/laravel/framework/src/Illuminate/Pipeline/Pipeline.php(183): Illuminate/Foundation/Http/Middleware/TrimStrings->handle(Object(Illuminate/Http/Request), Object(Closure))
#45 C:/Users/nahid/Downloads/campus-connect-pro-complete-20-features-v2-fixed/campus-connect-pro-complete/vendor/laravel/framework/src/Illuminate/Foundation/Http/Middleware/ValidatePostSize.php(27): Illuminate/Pipeline/Pipeline->Illuminate/Pipeline/{closure}(Object(Illuminate/Http/Request))
#46 C:/Users/nahid/Downloads/campus-connect-pro-complete-20-features-v2-fixed/campus-connect-pro-complete/vendor/laravel/framework/src/Illuminate/Pipeline/Pipeline.php(183): Illuminate/Foundation/Http/Middleware/ValidatePostSize->handle(Object(Illuminate/Http/Request), Object(Closure))
#47 C:/Users/nahid/Downloads/campus-connect-pro-complete-20-features-v2-fixed/campus-connect-pro-complete/vendor/laravel/framework/src/Illuminate/Http/Middleware/HandleCors.php(49): Illuminate/Pipeline/Pipeline->Illuminate/Pipeline/{closure}(Object(Illuminate/Http/Request))
#48 C:/Users/nahid/Downloads/campus-connect-pro-complete-20-features-v2-fixed/campus-connect-pro-complete/vendor/laravel/framework/src/Illuminate/Pipeline/Pipeline.php(183): Illuminate/Http/Middleware/HandleCors->handle(Object(Illuminate/Http/Request), Object(Closure))
#49 C:/Users/nahid/Downloads/campus-connect-pro-complete-20-features-v2-fixed/campus-connect-pro-complete/vendor/laravel/framework/src/Illuminate/Pipeline/Pipeline.php(119): Illuminate/Pipeline/Pipeline->Illuminate/Pipeline/{closure}(Object(Illuminate/Http/Request))
#50 C:/Users/nahid/Downloads/campus-connect-pro-complete-20-features-v2-fixed/campus-connect-pro-complete/vendor/laravel/framework/src/Illuminate/Foundation/Http/Kernel.php(175): Illuminate/Pipeline/Pipeline->then(Object(Closure))
#51 C:/Users/nahid/Downloads/campus-connect-pro-complete-20-features-v2-fixed/campus-connect-pro-complete/vendor/laravel/framework/src/Illuminate/Foundation/Http/Kernel.php(144): Illuminate/Foundation/Http/Kernel->sendRequestThroughRouter(Object(Illuminate/Http/Request))
#52 C:/Users/nahid/Downloads/campus-connect-pro-complete-20-features-v2-fixed/campus-connect-pro-complete/public/index.php(20): Illuminate/Foundation/Http/Kernel->handle(Object(Illuminate/Http/Request))
#53 C:/Users/nahid/Downloads/campus-connect-pro-complete-20-features-v2-fixed/campus-connect-pro-complete/vendor/laravel/framework/src/Illuminate/Foundation/resources/server.php(16): require_once('C://Users//nahid//...')
#54 {main}
"} 
[2026-05-05 12:19:02] laravel.EMERGENCY: Unable to create configured logger. Using emergency logger. {"exception":"[object] (InvalidArgumentException(code: 0): Log [] is not defined. at C:/Users/nahid/Downloads/campus-connect-pro-complete-20-features-v2-fixed/campus-connect-pro-complete/vendor/laravel/framework/src/Illuminate/Log/LogManager.php:212)
[stacktrace]
#0 C:/Users/nahid/Downloads/campus-connect-pro-complete-20-features-v2-fixed/campus-connect-pro-complete/vendor/laravel/framework/src/Illuminate/Log/LogManager.php(137): Illuminate/Log/LogManager->resolve(NULL, NULL)
#1 C:/Users/nahid/Downloads/campus-connect-pro-complete-20-features-v2-fixed/campus-connect-pro-complete/vendor/laravel/framework/src/Illuminate/Log/LogManager.php(124): Illuminate/Log/LogManager->get(NULL)
#2 C:/Users/nahid/Downloads/campus-connect-pro-complete-20-features-v2-fixed/campus-connect-pro-complete/vendor/laravel/framework/src/Illuminate/Log/LogManager.php(681): Illuminate/Log/LogManager->driver()
#3 C:/Users/nahid/Downloads/campus-connect-pro-complete-20-features-v2-fixed/campus-connect-pro-complete/vendor/laravel/framework/src/Illuminate/Foundation/Exceptions/Handler.php(317): Illuminate/Log/LogManager->error('Undefined varia...', Array)
#4 C:/Users/nahid/Downloads/campus-connect-pro-complete-20-features-v2-fixed/campus-connect-pro-complete/vendor/laravel/framework/src/Illuminate/Foundation/Exceptions/Handler.php(278): Illuminate/Foundation/Exceptions/Handler->reportThrowable(Object(Spatie/LaravelIgnition/Exceptions/ViewException))
#5 C:/Users/nahid/Downloads/campus-connect-pro-complete-20-features-v2-fixed/campus-connect-pro-complete/vendor/laravel/framework/src/Illuminate/Routing/Pipeline.php(49): Illuminate/Foundation/Exceptions/Handler->report(Object(Spatie/LaravelIgnition/Exceptions/ViewException))
#6 C:/Users/nahid/Downloads/campus-connect-pro-complete-20-features-v2-fixed/campus-connect-pro-complete/vendor/laravel/framework/src/Illuminate/Pipeline/Pipeline.php(146): Illuminate/Routing/Pipeline->handleException(Object(Illuminate/Http/Request), Object(Illuminate/View/ViewException))
#7 C:/Users/nahid/Downloads/campus-connect-pro-complete-20-features-v2-fixed/campus-connect-pro-complete/app/Http/Middleware/CheckSuspended.php(19): Illuminate/Pipeline/Pipeline->Illuminate/Pipeline/{closure}(Object(Illuminate/Http/Request))
#8 C:/Users/nahid/Downloads/campus-connect-pro-complete-20-features-v2-fixed/campus-connect-pro-complete/vendor/laravel/framework/src/Illuminate/Pipeline/Pipeline.php(183): App/Http/Middleware/CheckSuspended->handle(Object(Illuminate/Http/Request), Object(Closure))
#9 C:/Users/nahid/Downloads/campus-connect-pro-complete-20-features-v2-fixed/campus-connect-pro-complete/vendor/laravel/framework/src/Illuminate/Routing/Middleware/SubstituteBindings.php(50): Illuminate/Pipeline/Pipeline->Illuminate/Pipeline/{closure}(Object(Illuminate/Http/Request))
#10 C:/Users/nahid/Downloads/campus-connect-pro-complete-20-features-v2-fixed/campus-connect-pro-complete/vendor/laravel/framework/src/Illuminate/Pipeline/Pipeline.php(183): Illuminate/Routing/Middleware/SubstituteBindings->handle(Object(Illuminate/Http/Request), Object(Closure))
#11 C:/Users/nahid/Downloads/campus-connect-pro-complete-20-features-v2-fixed/campus-connect-pro-complete/vendor/laravel/framework/src/Illuminate/Auth/Middleware/Authenticate.php(57): Illuminate/Pipeline/Pipeline->Illuminate/Pipeline/{closure}(Object(Illuminate/Http/Request))
#12 C:/Users/nahid/Downloads/campus-connect-pro-complete-20-features-v2-fixed/campus-connect-pro-complete/vendor/laravel/framework/src/Illuminate/Pipeline/Pipeline.php(183): Illuminate/Auth/Middleware/Authenticate->handle(Object(Illuminate/Http/Request), Object(Closure))
#13 C:/Users/nahid/Downloads/campus-connect-pro-complete-20-features-v2-fixed/campus-connect-pro-complete/vendor/laravel/framework/src/Illuminate/Foundation/Http/Middleware/VerifyCsrfToken.php(78): Illuminate/Pipeline/Pipeline->Illuminate/Pipeline/{closure}(Object(Illuminate/Http/Request))
#14 C:/Users/nahid/Downloads/campus-connect-pro-complete-20-features-v2-fixed/campus-connect-pro-complete/vendor/laravel/framework/src/Illuminate/Pipeline/Pipeline.php(183): Illuminate/Foundation/Http/Middleware/VerifyCsrfToken->handle(Object(Illuminate/Http/Request), Object(Closure))
#15 C:/Users/nahid/Downloads/campus-connect-pro-complete-20-features-v2-fixed/campus-connect-pro-complete/vendor/laravel/framework/src/Illuminate/View/Middleware/ShareErrorsFromSession.php(49): Illuminate/Pipeline/Pipeline->Illuminate/Pipeline/{closure}(Object(Illuminate/Http/Request))
#16 C:/Users/nahid/Downloads/campus-connect-pro-complete-20-features-v2-fixed/campus-connect-pro-complete/vendor/laravel/framework/src/Illuminate/Pipeline/Pipeline.php(183): Illuminate/View/Middleware/ShareErrorsFromSession->handle(Object(Illuminate/Http/Request), Object(Closure))
#17 C:/Users/nahid/Downloads/campus-connect-pro-complete-20-features-v2-fixed/campus-connect-pro-complete/vendor/laravel/framework/src/Illuminate/Session/Middleware/StartSession.php(121): Illuminate/Pipeline/Pipeline->Illuminate/Pipeline/{closure}(Object(Illuminate/Http/Request))
#18 C:/Users/nahid/Downloads/campus-connect-pro-complete-20-features-v2-fixed/campus-connect-pro-complete/vendor/laravel/framework/src/Illuminate/Session/Middleware/StartSession.php(64): Illuminate/Session/Middleware/StartSession->handleStatefulRequest(Object(Illuminate/Http/Request), Object(Illuminate/Session/Store), Object(Closure))
#19 C:/Users/nahid/Downloads/campus-connect-pro-complete-20-features-v2-fixed/campus-connect-pro-complete/vendor/laravel/framework/src/Illuminate/Pipeline/Pipeline.php(183): Illuminate/Session/Middleware/StartSession->handle(Object(Illuminate/Http/Request), Object(Closure))
#20 C:/Users/nahid/Downloads/campus-connect-pro-complete-20-features-v2-fixed/campus-connect-pro-complete/vendor/laravel/framework/src/Illuminate/Cookie/Middleware/AddQueuedCookiesToResponse.php(37): Illuminate/Pipeline/Pipeline->Illuminate/Pipeline/{closure}(Object(Illuminate/Http/Request))
#21 C:/Users/nahid/Downloads/campus-connect-pro-complete-20-features-v2-fixed/campus-connect-pro-complete/vendor/laravel/framework/src/Illuminate/Pipeline/Pipeline.php(183): Illuminate/Cookie/Middleware/AddQueuedCookiesToResponse->handle(Object(Illuminate/Http/Request), Object(Closure))
#22 C:/Users/nahid/Downloads/campus-connect-pro-complete-20-features-v2-fixed/campus-connect-pro-complete/vendor/laravel/framework/src/Illuminate/Cookie/Middleware/EncryptCookies.php(67): Illuminate/Pipeline/Pipeline->Illuminate/Pipeline/{closure}(Object(Illuminate/Http/Request))
#23 C:/Users/nahid/Downloads/campus-connect-pro-complete-20-features-v2-fixed/campus-connect-pro-complete/vendor/laravel/framework/src/Illuminate/Pipeline/Pipeline.php(183): Illuminate/Cookie/Middleware/EncryptCookies->handle(Object(Illuminate/Http/Request), Object(Closure))
#24 C:/Users/nahid/Downloads/campus-connect-pro-complete-20-features-v2-fixed/campus-connect-pro-complete/vendor/laravel/framework/src/Illuminate/Pipeline/Pipeline.php(119): Illuminate/Pipeline/Pipeline->Illuminate/Pipeline/{closure}(Object(Illuminate/Http/Request))
#25 C:/Users/nahid/Downloads/campus-connect-pro-complete-20-features-v2-fixed/campus-connect-pro-complete/vendor/laravel/framework/src/Illuminate/Routing/Router.php(805): Illuminate/Pipeline/Pipeline->then(Object(Closure))
#26 C:/Users/nahid/Downloads/campus-connect-pro-complete-20-features-v2-fixed/campus-connect-pro-complete/vendor/laravel/framework/src/Illuminate/Routing/Router.php(784): Illuminate/Routing/Router->runRouteWithinStack(Object(Illuminate/Routing/Route), Object(Illuminate/Http/Request))
#27 C:/Users/nahid/Downloads/campus-connect-pro-complete-20-features-v2-fixed/campus-connect-pro-complete/vendor/laravel/framework/src/Illuminate/Routing/Router.php(748): Illuminate/Routing/Router->runRoute(Object(Illuminate/Http/Request), Object(Illuminate/Routing/Route))
#28 C:/Users/nahid/Downloads/campus-connect-pro-complete-20-features-v2-fixed/campus-connect-pro-complete/vendor/laravel/framework/src/Illuminate/Routing/Router.php(737): Illuminate/Routing/Router->dispatchToRoute(Object(Illuminate/Http/Request))
#29 C:/Users/nahid/Downloads/campus-connect-pro-complete-20-features-v2-fixed/campus-connect-pro-complete/vendor/laravel/framework/src/Illuminate/Foundation/Http/Kernel.php(200): Illuminate/Routing/Router->dispatch(Object(Illuminate/Http/Request))
#30 C:/Users/nahid/Downloads/campus-connect-pro-complete-20-features-v2-fixed/campus-connect-pro-complete/vendor/laravel/framework/src/Illuminate/Pipeline/Pipeline.php(144): Illuminate/Foundation/Http/Kernel->Illuminate/Foundation/Http/{closure}(Object(Illuminate/Http/Request))
#31 C:/Users/nahid/Downloads/campus-connect-pro-complete-20-features-v2-fixed/campus-connect-pro-complete/vendor/laravel/framework/src/Illuminate/Foundation/Http/Middleware/TransformsRequest.php(21): Illuminate/Pipeline/Pipeline->Illuminate/Pipeline/{closure}(Object(Illuminate/Http/Request))
#32 C:/Users/nahid/Downloads/campus-connect-pro-complete-20-features-v2-fixed/campus-connect-pro-complete/vendor/laravel/framework/src/Illuminate/Foundation/Http/Middleware/ConvertEmptyStringsToNull.php(31): Illuminate/Foundation/Http/Middleware/TransformsRequest->handle(Object(Illuminate/Http/Request), Object(Closure))
#33 C:/Users/nahid/Downloads/campus-connect-pro-complete-20-features-v2-fixed/campus-connect-pro-complete/vendor/laravel/framework/src/Illuminate/Pipeline/Pipeline.php(183): Illuminate/Foundation/Http/Middleware/ConvertEmptyStringsToNull->handle(Object(Illuminate/Http/Request), Object(Closure))
#34 C:/Users/nahid/Downloads/campus-connect-pro-complete-20-features-v2-fixed/campus-connect-pro-complete/vendor/laravel/framework/src/Illuminate/Foundation/Http/Middleware/TransformsRequest.php(21): Illuminate/Pipeline/Pipeline->Illuminate/Pipeline/{closure}(Object(Illuminate/Http/Request))
#35 C:/Users/nahid/Downloads/campus-connect-pro-complete-20-features-v2-fixed/campus-connect-pro-complete/vendor/laravel/framework/src/Illuminate/Foundation/Http/Middleware/TrimStrings.php(40): Illuminate/Foundation/Http/Middleware/TransformsRequest->handle(Object(Illuminate/Http/Request), Object(Closure))
#36 C:/Users/nahid/Downloads/campus-connect-pro-complete-20-features-v2-fixed/campus-connect-pro-complete/vendor/laravel/framework/src/Illuminate/Pipeline/Pipeline.php(183): Illuminate/Foundation/Http/Middleware/TrimStrings->handle(Object(Illuminate/Http/Request), Object(Closure))
#37 C:/Users/nahid/Downloads/campus-connect-pro-complete-20-features-v2-fixed/campus-connect-pro-complete/vendor/laravel/framework/src/Illuminate/Foundation/Http/Middleware/ValidatePostSize.php(27): Illuminate/Pipeline/Pipeline->Illuminate/Pipeline/{closure}(Object(Illuminate/Http/Request))
#38 C:/Users/nahid/Downloads/campus-connect-pro-complete-20-features-v2-fixed/campus-connect-pro-complete/vendor/laravel/framework/src/Illuminate/Pipeline/Pipeline.php(183): Illuminate/Foundation/Http/Middleware/ValidatePostSize->handle(Object(Illuminate/Http/Request), Object(Closure))
#39 C:/Users/nahid/Downloads/campus-connect-pro-complete-20-features-v2-fixed/campus-connect-pro-complete/vendor/laravel/framework/src/Illuminate/Http/Middleware/HandleCors.php(49): Illuminate/Pipeline/Pipeline->Illuminate/Pipeline/{closure}(Object(Illuminate/Http/Request))
#40 C:/Users/nahid/Downloads/campus-connect-pro-complete-20-features-v2-fixed/campus-connect-pro-complete/vendor/laravel/framework/src/Illuminate/Pipeline/Pipeline.php(183): Illuminate/Http/Middleware/HandleCors->handle(Object(Illuminate/Http/Request), Object(Closure))
#41 C:/Users/nahid/Downloads/campus-connect-pro-complete-20-features-v2-fixed/campus-connect-pro-complete/vendor/laravel/framework/src/Illuminate/Pipeline/Pipeline.php(119): Illuminate/Pipeline/Pipeline->Illuminate/Pipeline/{closure}(Object(Illuminate/Http/Request))
#42 C:/Users/nahid/Downloads/campus-connect-pro-complete-20-features-v2-fixed/campus-connect-pro-complete/vendor/laravel/framework/src/Illuminate/Foundation/Http/Kernel.php(175): Illuminate/Pipeline/Pipeline->then(Object(Closure))
#43 C:/Users/nahid/Downloads/campus-connect-pro-complete-20-features-v2-fixed/campus-connect-pro-complete/vendor/laravel/framework/src/Illuminate/Foundation/Http/Kernel.php(144): Illuminate/Foundation/Http/Kernel->sendRequestThroughRouter(Object(Illuminate/Http/Request))
#44 C:/Users/nahid/Downloads/campus-connect-pro-complete-20-features-v2-fixed/campus-connect-pro-complete/public/index.php(20): Illuminate/Foundation/Http/Kernel->handle(Object(Illuminate/Http/Request))
#45 C:/Users/nahid/Downloads/campus-connect-pro-complete-20-features-v2-fixed/campus-connect-pro-complete/vendor/laravel/framework/src/Illuminate/Foundation/resources/server.php(16): require_once('C://Users//nahid//...')
#46 {main}
"} 
[2026-05-05 12:19:02] laravel.ERROR: Undefined variable $requestedRides {"view":{"view":"C:\\Users\\nahid\\Downloads\\campus-connect-pro-complete-20-features-v2-fixed\\campus-connect-pro-complete\\resources\\views\\rides\\history.blade.php","data":{"errors":"<pre class=sf-dump id=sf-dump-1833106790 data-indent-pad=\"  \"><span class=sf-dump-note>Illuminate\\Support\\ViewErrorBag</span> {<a class=sf-dump-ref>#398</a><samp data-depth=1 class=sf-dump-expanded>
  #<span class=sf-dump-protected title=\"Protected property\">bags</span>: []
</samp>}
</pre><script>Sfdump(\"sf-dump-1833106790\", {\"maxDepth\":3,\"maxStringLength\":160})</script>
","offeredRides":"<pre class=sf-dump id=sf-dump-869766480 data-indent-pad=\"  \"><span class=sf-dump-note>Illuminate\\Database\\Eloquent\\Collection</span> {<a class=sf-dump-ref>#1116</a><samp data-depth=1 class=sf-dump-expanded>
  #<span class=sf-dump-protected title=\"Protected property\">items</span>: <span class=sf-dump-note>array:1</span> [<samp data-depth=2 class=sf-dump-compact>
    <span class=sf-dump-index>0</span> => <span class=\"sf-dump-note sf-dump-ellipsization\" title=\"App\\Models\\Ride
\"><span class=\"sf-dump-ellipsis sf-dump-ellipsis-note\">App\\Models</span><span class=\"sf-dump-ellipsis sf-dump-ellipsis-note\">\\</span><span class=\"sf-dump-ellipsis-tail\">Ride</span></span> {<a class=sf-dump-ref>#1118</a><samp data-depth=3 class=sf-dump-compact>
      #<span class=sf-dump-protected title=\"Protected property\">connection</span>: \"<span class=sf-dump-str title=\"6 characters\">sqlite</span>\"
      #<span class=sf-dump-protected title=\"Protected property\">table</span>: \"<span class=sf-dump-str title=\"5 characters\">rides</span>\"
      #<span class=sf-dump-protected title=\"Protected property\">primaryKey</span>: \"<span class=sf-dump-str title=\"2 characters\">id</span>\"
      #<span class=sf-dump-protected title=\"Protected property\">keyType</span>: \"<span class=sf-dump-str title=\"3 characters\">int</span>\"
      +<span class=sf-dump-public title=\"Public property\">incrementing</span>: <span class=sf-dump-const>true</span>
      #<span class=sf-dump-protected title=\"Protected property\">with</span>: []
      #<span class=sf-dump-protected title=\"Protected property\">withCount</span>: []
      +<span class=sf-dump-public title=\"Public property\">preventsLazyLoading</span>: <span class=sf-dump-const>false</span>
      #<span class=sf-dump-protected title=\"Protected property\">perPage</span>: <span class=sf-dump-num>15</span>
      +<span class=sf-dump-public title=\"Public property\">exists</span>: <span class=sf-dump-const>true</span>
      +<span class=sf-dump-public title=\"Public property\">wasRecentlyCreated</span>: <span class=sf-dump-const>false</span>
      #<span class=sf-dump-protected title=\"Protected property\">escapeWhenCastingToString</span>: <span class=sf-dump-const>false</span>
      #<span class=sf-dump-protected title=\"Protected property\">attributes</span>: <span class=sf-dump-note>array:10</span> [ &#8230;10]
      #<span class=sf-dump-protected title=\"Protected property\">original</span>: <span class=sf-dump-note>array:10</span> [ &#8230;10]
      #<span class=sf-dump-protected title=\"Protected property\">changes</span>: []
      #<span class=sf-dump-protected title=\"Protected property\">casts</span>: []
      #<span class=sf-dump-protected title=\"Protected property\">classCastCache</span>: []
      #<span class=sf-dump-protected title=\"Protected property\">attributeCastCache</span>: []
      #<span class=sf-dump-protected title=\"Protected property\">dateFormat</span>: <span class=sf-dump-const>null</span>
      #<span class=sf-dump-protected title=\"Protected property\">appends</span>: []
      #<span class=sf-dump-protected title=\"Protected property\">dispatchesEvents</span>: []
      #<span class=sf-dump-protected title=\"Protected property\">observables</span>: []
      #<span class=sf-dump-protected title=\"Protected property\">relations</span>: []
      #<span class=sf-dump-protected title=\"Protected property\">touches</span>: []
      +<span class=sf-dump-public title=\"Public property\">timestamps</span>: <span class=sf-dump-const>true</span>
      +<span class=sf-dump-public title=\"Public property\">usesUniqueIds</span>: <span class=sf-dump-const>false</span>
      #<span class=sf-dump-protected title=\"Protected property\">hidden</span>: []
      #<span class=sf-dump-protected title=\"Protected property\">visible</span>: []
      #<span class=sf-dump-protected title=\"Protected property\">fillable</span>: <span class=sf-dump-note>array:7</span> [ &#8230;7]
      #<span class=sf-dump-protected title=\"Protected property\">guarded</span>: <span class=sf-dump-note>array:1</span> [ &#8230;1]
    </samp>}
  </samp>]
  #<span class=sf-dump-protected title=\"Protected property\">escapeWhenCastingToString</span>: <span class=sf-dump-const>false</span>
</samp>}
</pre><script>Sfdump(\"sf-dump-869766480\", {\"maxDepth\":3,\"maxStringLength\":160})</script>
","joinRequests":"<pre class=sf-dump id=sf-dump-375791006 data-indent-pad=\"  \"><span class=sf-dump-note>Illuminate\\Database\\Eloquent\\Collection</span> {<a class=sf-dump-ref>#1124</a><samp data-depth=1 class=sf-dump-expanded>
  #<span class=sf-dump-protected title=\"Protected property\">items</span>: []
  #<span class=sf-dump-protected title=\"Protected property\">escapeWhenCastingToString</span>: <span class=sf-dump-const>false</span>
</samp>}
</pre><script>Sfdump(\"sf-dump-375791006\", {\"maxDepth\":3,\"maxStringLength\":160})</script>
"}},"userId":1,"exception":"[object] (Spatie\\LaravelIgnition\\Exceptions\\ViewException(code: 0): Undefined variable $requestedRides at C:/Users/nahid/Downloads/campus-connect-pro-complete-20-features-v2-fixed/campus-connect-pro-complete/resources/views/rides/history.blade.php:34)
[stacktrace]
#0 C:/Users/nahid/Downloads/campus-connect-pro-complete-20-features-v2-fixed/campus-connect-pro-complete/vendor/laravel/framework/src/Illuminate/Filesystem/Filesystem.php(123): require('C://Users//nahid//...')
#1 C:/Users/nahid/Downloads/campus-connect-pro-complete-20-features-v2-fixed/campus-connect-pro-complete/vendor/laravel/framework/src/Illuminate/Filesystem/Filesystem.php(124): Illuminate/Filesystem/Filesystem::Illuminate/Filesystem/{closure}()
#2 C:/Users/nahid/Downloads/campus-connect-pro-complete-20-features-v2-fixed/campus-connect-pro-complete/vendor/laravel/framework/src/Illuminate/View/Engines/PhpEngine.php(58): Illuminate/Filesystem/Filesystem->getRequire('C://Users//nahid//...', Array)
#3 C:/Users/nahid/Downloads/campus-connect-pro-complete-20-features-v2-fixed/campus-connect-pro-complete/vendor/laravel/framework/src/Illuminate/View/Engines/CompilerEngine.php(72): Illuminate/View/Engines/PhpEngine->evaluatePath('C://Users//nahid//...', Array)
#4 C:/Users/nahid/Downloads/campus-connect-pro-complete-20-features-v2-fixed/campus-connect-pro-complete/vendor/laravel/framework/src/Illuminate/View/View.php(207): Illuminate/View/Engines/CompilerEngine->get('C://Users//nahid//...', Array)
#5 C:/Users/nahid/Downloads/campus-connect-pro-complete-20-features-v2-fixed/campus-connect-pro-complete/vendor/laravel/framework/src/Illuminate/View/View.php(190): Illuminate/View/View->getContents()
#6 C:/Users/nahid/Downloads/campus-connect-pro-complete-20-features-v2-fixed/campus-connect-pro-complete/vendor/laravel/framework/src/Illuminate/View/View.php(159): Illuminate/View/View->renderContents()
#7 C:/Users/nahid/Downloads/campus-connect-pro-complete-20-features-v2-fixed/campus-connect-pro-complete/vendor/laravel/framework/src/Illuminate/Http/Response.php(69): Illuminate/View/View->render()
#8 C:/Users/nahid/Downloads/campus-connect-pro-complete-20-features-v2-fixed/campus-connect-pro-complete/vendor/laravel/framework/src/Illuminate/Http/Response.php(35): Illuminate/Http/Response->setContent(Object(Illuminate/View/View))
#9 C:/Users/nahid/Downloads/campus-connect-pro-complete-20-features-v2-fixed/campus-connect-pro-complete/vendor/laravel/framework/src/Illuminate/Routing/Router.php(918): Illuminate/Http/Response->__construct(Object(Illuminate/View/View), 200, Array)
#10 C:/Users/nahid/Downloads/campus-connect-pro-complete-20-features-v2-fixed/campus-connect-pro-complete/vendor/laravel/framework/src/Illuminate/Routing/Router.php(885): Illuminate/Routing/Router::toResponse(Object(Illuminate/Http/Request), Object(Illuminate/View/View))
#11 C:/Users/nahid/Downloads/campus-connect-pro-complete-20-features-v2-fixed/campus-connect-pro-complete/vendor/laravel/framework/src/Illuminate/Routing/Router.php(805): Illuminate/Routing/Router->prepareResponse(Object(Illuminate/Http/Request), Object(Illuminate/View/View))
#12 C:/Users/nahid/Downloads/campus-connect-pro-complete-20-features-v2-fixed/campus-connect-pro-complete/vendor/laravel/framework/src/Illuminate/Pipeline/Pipeline.php(144): Illuminate/Routing/Router->Illuminate/Routing/{closure}(Object(Illuminate/Http/Request))
#13 C:/Users/nahid/Downloads/campus-connect-pro-complete-20-features-v2-fixed/campus-connect-pro-complete/app/Http/Middleware/CheckSuspended.php(19): Illuminate/Pipeline/Pipeline->Illuminate/Pipeline/{closure}(Object(Illuminate/Http/Request))
#14 C:/Users/nahid/Downloads/campus-connect-pro-complete-20-features-v2-fixed/campus-connect-pro-complete/vendor/laravel/framework/src/Illuminate/Pipeline/Pipeline.php(183): App/Http/Middleware/CheckSuspended->handle(Object(Illuminate/Http/Request), Object(Closure))
#15 C:/Users/nahid/Downloads/campus-connect-pro-complete-20-features-v2-fixed/campus-connect-pro-complete/vendor/laravel/framework/src/Illuminate/Routing/Middleware/SubstituteBindings.php(50): Illuminate/Pipeline/Pipeline->Illuminate/Pipeline/{closure}(Object(Illuminate/Http/Request))
#16 C:/Users/nahid/Downloads/campus-connect-pro-complete-20-features-v2-fixed/campus-connect-pro-complete/vendor/laravel/framework/src/Illuminate/Pipeline/Pipeline.php(183): Illuminate/Routing/Middleware/SubstituteBindings->handle(Object(Illuminate/Http/Request), Object(Closure))
#17 C:/Users/nahid/Downloads/campus-connect-pro-complete-20-features-v2-fixed/campus-connect-pro-complete/vendor/laravel/framework/src/Illuminate/Auth/Middleware/Authenticate.php(57): Illuminate/Pipeline/Pipeline->Illuminate/Pipeline/{closure}(Object(Illuminate/Http/Request))
#18 C:/Users/nahid/Downloads/campus-connect-pro-complete-20-features-v2-fixed/campus-connect-pro-complete/vendor/laravel/framework/src/Illuminate/Pipeline/Pipeline.php(183): Illuminate/Auth/Middleware/Authenticate->handle(Object(Illuminate/Http/Request), Object(Closure))
#19 C:/Users/nahid/Downloads/campus-connect-pro-complete-20-features-v2-fixed/campus-connect-pro-complete/vendor/laravel/framework/src/Illuminate/Foundation/Http/Middleware/VerifyCsrfToken.php(78): Illuminate/Pipeline/Pipeline->Illuminate/Pipeline/{closure}(Object(Illuminate/Http/Request))
#20 C:/Users/nahid/Downloads/campus-connect-pro-complete-20-features-v2-fixed/campus-connect-pro-complete/vendor/laravel/framework/src/Illuminate/Pipeline/Pipeline.php(183): Illuminate/Foundation/Http/Middleware/VerifyCsrfToken->handle(Object(Illuminate/Http/Request), Object(Closure))
#21 C:/Users/nahid/Downloads/campus-connect-pro-complete-20-features-v2-fixed/campus-connect-pro-complete/vendor/laravel/framework/src/Illuminate/View/Middleware/ShareErrorsFromSession.php(49): Illuminate/Pipeline/Pipeline->Illuminate/Pipeline/{closure}(Object(Illuminate/Http/Request))
#22 C:/Users/nahid/Downloads/campus-connect-pro-complete-20-features-v2-fixed/campus-connect-pro-complete/vendor/laravel/framework/src/Illuminate/Pipeline/Pipeline.php(183): Illuminate/View/Middleware/ShareErrorsFromSession->handle(Object(Illuminate/Http/Request), Object(Closure))
#23 C:/Users/nahid/Downloads/campus-connect-pro-complete-20-features-v2-fixed/campus-connect-pro-complete/vendor/laravel/framework/src/Illuminate/Session/Middleware/StartSession.php(121): Illuminate/Pipeline/Pipeline->Illuminate/Pipeline/{closure}(Object(Illuminate/Http/Request))
#24 C:/Users/nahid/Downloads/campus-connect-pro-complete-20-features-v2-fixed/campus-connect-pro-complete/vendor/laravel/framework/src/Illuminate/Session/Middleware/StartSession.php(64): Illuminate/Session/Middleware/StartSession->handleStatefulRequest(Object(Illuminate/Http/Request), Object(Illuminate/Session/Store), Object(Closure))
#25 C:/Users/nahid/Downloads/campus-connect-pro-complete-20-features-v2-fixed/campus-connect-pro-complete/vendor/laravel/framework/src/Illuminate/Pipeline/Pipeline.php(183): Illuminate/Session/Middleware/StartSession->handle(Object(Illuminate/Http/Request), Object(Closure))
#26 C:/Users/nahid/Downloads/campus-connect-pro-complete-20-features-v2-fixed/campus-connect-pro-complete/vendor/laravel/framework/src/Illuminate/Cookie/Middleware/AddQueuedCookiesToResponse.php(37): Illuminate/Pipeline/Pipeline->Illuminate/Pipeline/{closure}(Object(Illuminate/Http/Request))
#27 C:/Users/nahid/Downloads/campus-connect-pro-complete-20-features-v2-fixed/campus-connect-pro-complete/vendor/laravel/framework/src/Illuminate/Pipeline/Pipeline.php(183): Illuminate/Cookie/Middleware/AddQueuedCookiesToResponse->handle(Object(Illuminate/Http/Request), Object(Closure))
#28 C:/Users/nahid/Downloads/campus-connect-pro-complete-20-features-v2-fixed/campus-connect-pro-complete/vendor/laravel/framework/src/Illuminate/Cookie/Middleware/EncryptCookies.php(67): Illuminate/Pipeline/Pipeline->Illuminate/Pipeline/{closure}(Object(Illuminate/Http/Request))
#29 C:/Users/nahid/Downloads/campus-connect-pro-complete-20-features-v2-fixed/campus-connect-pro-complete/vendor/laravel/framework/src/Illuminate/Pipeline/Pipeline.php(183): Illuminate/Cookie/Middleware/EncryptCookies->handle(Object(Illuminate/Http/Request), Object(Closure))
#30 C:/Users/nahid/Downloads/campus-connect-pro-complete-20-features-v2-fixed/campus-connect-pro-complete/vendor/laravel/framework/src/Illuminate/Pipeline/Pipeline.php(119): Illuminate/Pipeline/Pipeline->Illuminate/Pipeline/{closure}(Object(Illuminate/Http/Request))
#31 C:/Users/nahid/Downloads/campus-connect-pro-complete-20-features-v2-fixed/campus-connect-pro-complete/vendor/laravel/framework/src/Illuminate/Routing/Router.php(805): Illuminate/Pipeline/Pipeline->then(Object(Closure))
#32 C:/Users/nahid/Downloads/campus-connect-pro-complete-20-features-v2-fixed/campus-connect-pro-complete/vendor/laravel/framework/src/Illuminate/Routing/Router.php(784): Illuminate/Routing/Router->runRouteWithinStack(Object(Illuminate/Routing/Route), Object(Illuminate/Http/Request))
#33 C:/Users/nahid/Downloads/campus-connect-pro-complete-20-features-v2-fixed/campus-connect-pro-complete/vendor/laravel/framework/src/Illuminate/Routing/Router.php(748): Illuminate/Routing/Router->runRoute(Object(Illuminate/Http/Request), Object(Illuminate/Routing/Route))
#34 C:/Users/nahid/Downloads/campus-connect-pro-complete-20-features-v2-fixed/campus-connect-pro-complete/vendor/laravel/framework/src/Illuminate/Routing/Router.php(737): Illuminate/Routing/Router->dispatchToRoute(Object(Illuminate/Http/Request))
#35 C:/Users/nahid/Downloads/campus-connect-pro-complete-20-features-v2-fixed/campus-connect-pro-complete/vendor/laravel/framework/src/Illuminate/Foundation/Http/Kernel.php(200): Illuminate/Routing/Router->dispatch(Object(Illuminate/Http/Request))
#36 C:/Users/nahid/Downloads/campus-connect-pro-complete-20-features-v2-fixed/campus-connect-pro-complete/vendor/laravel/framework/src/Illuminate/Pipeline/Pipeline.php(144): Illuminate/Foundation/Http/Kernel->Illuminate/Foundation/Http/{closure}(Object(Illuminate/Http/Request))
#37 C:/Users/nahid/Downloads/campus-connect-pro-complete-20-features-v2-fixed/campus-connect-pro-complete/vendor/laravel/framework/src/Illuminate/Foundation/Http/Middleware/TransformsRequest.php(21): Illuminate/Pipeline/Pipeline->Illuminate/Pipeline/{closure}(Object(Illuminate/Http/Request))
#38 C:/Users/nahid/Downloads/campus-connect-pro-complete-20-features-v2-fixed/campus-connect-pro-complete/vendor/laravel/framework/src/Illuminate/Foundation/Http/Middleware/ConvertEmptyStringsToNull.php(31): Illuminate/Foundation/Http/Middleware/TransformsRequest->handle(Object(Illuminate/Http/Request), Object(Closure))
#39 C:/Users/nahid/Downloads/campus-connect-pro-complete-20-features-v2-fixed/campus-connect-pro-complete/vendor/laravel/framework/src/Illuminate/Pipeline/Pipeline.php(183): Illuminate/Foundation/Http/Middleware/ConvertEmptyStringsToNull->handle(Object(Illuminate/Http/Request), Object(Closure))
#40 C:/Users/nahid/Downloads/campus-connect-pro-complete-20-features-v2-fixed/campus-connect-pro-complete/vendor/laravel/framework/src/Illuminate/Foundation/Http/Middleware/TransformsRequest.php(21): Illuminate/Pipeline/Pipeline->Illuminate/Pipeline/{closure}(Object(Illuminate/Http/Request))
#41 C:/Users/nahid/Downloads/campus-connect-pro-complete-20-features-v2-fixed/campus-connect-pro-complete/vendor/laravel/framework/src/Illuminate/Foundation/Http/Middleware/TrimStrings.php(40): Illuminate/Foundation/Http/Middleware/TransformsRequest->handle(Object(Illuminate/Http/Request), Object(Closure))
#42 C:/Users/nahid/Downloads/campus-connect-pro-complete-20-features-v2-fixed/campus-connect-pro-complete/vendor/laravel/framework/src/Illuminate/Pipeline/Pipeline.php(183): Illuminate/Foundation/Http/Middleware/TrimStrings->handle(Object(Illuminate/Http/Request), Object(Closure))
#43 C:/Users/nahid/Downloads/campus-connect-pro-complete-20-features-v2-fixed/campus-connect-pro-complete/vendor/laravel/framework/src/Illuminate/Foundation/Http/Middleware/ValidatePostSize.php(27): Illuminate/Pipeline/Pipeline->Illuminate/Pipeline/{closure}(Object(Illuminate/Http/Request))
#44 C:/Users/nahid/Downloads/campus-connect-pro-complete-20-features-v2-fixed/campus-connect-pro-complete/vendor/laravel/framework/src/Illuminate/Pipeline/Pipeline.php(183): Illuminate/Foundation/Http/Middleware/ValidatePostSize->handle(Object(Illuminate/Http/Request), Object(Closure))
#45 C:/Users/nahid/Downloads/campus-connect-pro-complete-20-features-v2-fixed/campus-connect-pro-complete/vendor/laravel/framework/src/Illuminate/Http/Middleware/HandleCors.php(49): Illuminate/Pipeline/Pipeline->Illuminate/Pipeline/{closure}(Object(Illuminate/Http/Request))
#46 C:/Users/nahid/Downloads/campus-connect-pro-complete-20-features-v2-fixed/campus-connect-pro-complete/vendor/laravel/framework/src/Illuminate/Pipeline/Pipeline.php(183): Illuminate/Http/Middleware/HandleCors->handle(Object(Illuminate/Http/Request), Object(Closure))
#47 C:/Users/nahid/Downloads/campus-connect-pro-complete-20-features-v2-fixed/campus-connect-pro-complete/vendor/laravel/framework/src/Illuminate/Pipeline/Pipeline.php(119): Illuminate/Pipeline/Pipeline->Illuminate/Pipeline/{closure}(Object(Illuminate/Http/Request))
#48 C:/Users/nahid/Downloads/campus-connect-pro-complete-20-features-v2-fixed/campus-connect-pro-complete/vendor/laravel/framework/src/Illuminate/Foundation/Http/Kernel.php(175): Illuminate/Pipeline/Pipeline->then(Object(Closure))
#49 C:/Users/nahid/Downloads/campus-connect-pro-complete-20-features-v2-fixed/campus-connect-pro-complete/vendor/laravel/framework/src/Illuminate/Foundation/Http/Kernel.php(144): Illuminate/Foundation/Http/Kernel->sendRequestThroughRouter(Object(Illuminate/Http/Request))
#50 C:/Users/nahid/Downloads/campus-connect-pro-complete-20-features-v2-fixed/campus-connect-pro-complete/public/index.php(20): Illuminate/Foundation/Http/Kernel->handle(Object(Illuminate/Http/Request))
#51 C:/Users/nahid/Downloads/campus-connect-pro-complete-20-features-v2-fixed/campus-connect-pro-complete/vendor/laravel/framework/src/Illuminate/Foundation/resources/server.php(16): require_once('C://Users//nahid//...')
#52 {main}

[previous exception] [object] (ErrorException(code: 0): Undefined variable $requestedRides at C:/Users/nahid/Downloads/campus-connect-pro-complete-20-features-v2-fixed/campus-connect-pro-complete/storage/framework/views/1889eac39de490ba56a791478f199358.php:33)
[stacktrace]
#0 C:/Users/nahid/Downloads/campus-connect-pro-complete-20-features-v2-fixed/campus-connect-pro-complete/vendor/laravel/framework/src/Illuminate/Foundation/Bootstrap/HandleExceptions.php(255): Illuminate/Foundation/Bootstrap/HandleExceptions->handleError(2, 'Undefined varia...', 'C://Users//nahid//...', 33)
#1 C:/Users/nahid/Downloads/campus-connect-pro-complete-20-features-v2-fixed/campus-connect-pro-complete/storage/framework/views/1889eac39de490ba56a791478f199358.php(33): Illuminate/Foundation/Bootstrap/HandleExceptions->Illuminate/Foundation/Bootstrap/{closure}(2, 'Undefined varia...', 'C://Users//nahid//...', 33)
#2 C:/Users/nahid/Downloads/campus-connect-pro-complete-20-features-v2-fixed/campus-connect-pro-complete/vendor/laravel/framework/src/Illuminate/Filesystem/Filesystem.php(123): require('C://Users//nahid//...')
#3 C:/Users/nahid/Downloads/campus-connect-pro-complete-20-features-v2-fixed/campus-connect-pro-complete/vendor/laravel/framework/src/Illuminate/Filesystem/Filesystem.php(124): Illuminate/Filesystem/Filesystem::Illuminate/Filesystem/{closure}()
#4 C:/Users/nahid/Downloads/campus-connect-pro-complete-20-features-v2-fixed/campus-connect-pro-complete/vendor/laravel/framework/src/Illuminate/View/Engines/PhpEngine.php(58): Illuminate/Filesystem/Filesystem->getRequire('C://Users//nahid//...', Array)
#5 C:/Users/nahid/Downloads/campus-connect-pro-complete-20-features-v2-fixed/campus-connect-pro-complete/vendor/laravel/framework/src/Illuminate/View/Engines/CompilerEngine.php(72): Illuminate/View/Engines/PhpEngine->evaluatePath('C://Users//nahid//...', Array)
#6 C:/Users/nahid/Downloads/campus-connect-pro-complete-20-features-v2-fixed/campus-connect-pro-complete/vendor/laravel/framework/src/Illuminate/View/View.php(207): Illuminate/View/Engines/CompilerEngine->get('C://Users//nahid//...', Array)
#7 C:/Users/nahid/Downloads/campus-connect-pro-complete-20-features-v2-fixed/campus-connect-pro-complete/vendor/laravel/framework/src/Illuminate/View/View.php(190): Illuminate/View/View->getContents()
#8 C:/Users/nahid/Downloads/campus-connect-pro-complete-20-features-v2-fixed/campus-connect-pro-complete/vendor/laravel/framework/src/Illuminate/View/View.php(159): Illuminate/View/View->renderContents()
#9 C:/Users/nahid/Downloads/campus-connect-pro-complete-20-features-v2-fixed/campus-connect-pro-complete/vendor/laravel/framework/src/Illuminate/Http/Response.php(69): Illuminate/View/View->render()
#10 C:/Users/nahid/Downloads/campus-connect-pro-complete-20-features-v2-fixed/campus-connect-pro-complete/vendor/laravel/framework/src/Illuminate/Http/Response.php(35): Illuminate/Http/Response->setContent(Object(Illuminate/View/View))
#11 C:/Users/nahid/Downloads/campus-connect-pro-complete-20-features-v2-fixed/campus-connect-pro-complete/vendor/laravel/framework/src/Illuminate/Routing/Router.php(918): Illuminate/Http/Response->__construct(Object(Illuminate/View/View), 200, Array)
#12 C:/Users/nahid/Downloads/campus-connect-pro-complete-20-features-v2-fixed/campus-connect-pro-complete/vendor/laravel/framework/src/Illuminate/Routing/Router.php(885): Illuminate/Routing/Router::toResponse(Object(Illuminate/Http/Request), Object(Illuminate/View/View))
#13 C:/Users/nahid/Downloads/campus-connect-pro-complete-20-features-v2-fixed/campus-connect-pro-complete/vendor/laravel/framework/src/Illuminate/Routing/Router.php(805): Illuminate/Routing/Router->prepareResponse(Object(Illuminate/Http/Request), Object(Illuminate/View/View))
#14 C:/Users/nahid/Downloads/campus-connect-pro-complete-20-features-v2-fixed/campus-connect-pro-complete/vendor/laravel/framework/src/Illuminate/Pipeline/Pipeline.php(144): Illuminate/Routing/Router->Illuminate/Routing/{closure}(Object(Illuminate/Http/Request))
#15 C:/Users/nahid/Downloads/campus-connect-pro-complete-20-features-v2-fixed/campus-connect-pro-complete/app/Http/Middleware/CheckSuspended.php(19): Illuminate/Pipeline/Pipeline->Illuminate/Pipeline/{closure}(Object(Illuminate/Http/Request))
#16 C:/Users/nahid/Downloads/campus-connect-pro-complete-20-features-v2-fixed/campus-connect-pro-complete/vendor/laravel/framework/src/Illuminate/Pipeline/Pipeline.php(183): App/Http/Middleware/CheckSuspended->handle(Object(Illuminate/Http/Request), Object(Closure))
#17 C:/Users/nahid/Downloads/campus-connect-pro-complete-20-features-v2-fixed/campus-connect-pro-complete/vendor/laravel/framework/src/Illuminate/Routing/Middleware/SubstituteBindings.php(50): Illuminate/Pipeline/Pipeline->Illuminate/Pipeline/{closure}(Object(Illuminate/Http/Request))
#18 C:/Users/nahid/Downloads/campus-connect-pro-complete-20-features-v2-fixed/campus-connect-pro-complete/vendor/laravel/framework/src/Illuminate/Pipeline/Pipeline.php(183): Illuminate/Routing/Middleware/SubstituteBindings->handle(Object(Illuminate/Http/Request), Object(Closure))
#19 C:/Users/nahid/Downloads/campus-connect-pro-complete-20-features-v2-fixed/campus-connect-pro-complete/vendor/laravel/framework/src/Illuminate/Auth/Middleware/Authenticate.php(57): Illuminate/Pipeline/Pipeline->Illuminate/Pipeline/{closure}(Object(Illuminate/Http/Request))
#20 C:/Users/nahid/Downloads/campus-connect-pro-complete-20-features-v2-fixed/campus-connect-pro-complete/vendor/laravel/framework/src/Illuminate/Pipeline/Pipeline.php(183): Illuminate/Auth/Middleware/Authenticate->handle(Object(Illuminate/Http/Request), Object(Closure))
#21 C:/Users/nahid/Downloads/campus-connect-pro-complete-20-features-v2-fixed/campus-connect-pro-complete/vendor/laravel/framework/src/Illuminate/Foundation/Http/Middleware/VerifyCsrfToken.php(78): Illuminate/Pipeline/Pipeline->Illuminate/Pipeline/{closure}(Object(Illuminate/Http/Request))
#22 C:/Users/nahid/Downloads/campus-connect-pro-complete-20-features-v2-fixed/campus-connect-pro-complete/vendor/laravel/framework/src/Illuminate/Pipeline/Pipeline.php(183): Illuminate/Foundation/Http/Middleware/VerifyCsrfToken->handle(Object(Illuminate/Http/Request), Object(Closure))
#23 C:/Users/nahid/Downloads/campus-connect-pro-complete-20-features-v2-fixed/campus-connect-pro-complete/vendor/laravel/framework/src/Illuminate/View/Middleware/ShareErrorsFromSession.php(49): Illuminate/Pipeline/Pipeline->Illuminate/Pipeline/{closure}(Object(Illuminate/Http/Request))
#24 C:/Users/nahid/Downloads/campus-connect-pro-complete-20-features-v2-fixed/campus-connect-pro-complete/vendor/laravel/framework/src/Illuminate/Pipeline/Pipeline.php(183): Illuminate/View/Middleware/ShareErrorsFromSession->handle(Object(Illuminate/Http/Request), Object(Closure))
#25 C:/Users/nahid/Downloads/campus-connect-pro-complete-20-features-v2-fixed/campus-connect-pro-complete/vendor/laravel/framework/src/Illuminate/Session/Middleware/StartSession.php(121): Illuminate/Pipeline/Pipeline->Illuminate/Pipeline/{closure}(Object(Illuminate/Http/Request))
#26 C:/Users/nahid/Downloads/campus-connect-pro-complete-20-features-v2-fixed/campus-connect-pro-complete/vendor/laravel/framework/src/Illuminate/Session/Middleware/StartSession.php(64): Illuminate/Session/Middleware/StartSession->handleStatefulRequest(Object(Illuminate/Http/Request), Object(Illuminate/Session/Store), Object(Closure))
#27 C:/Users/nahid/Downloads/campus-connect-pro-complete-20-features-v2-fixed/campus-connect-pro-complete/vendor/laravel/framework/src/Illuminate/Pipeline/Pipeline.php(183): Illuminate/Session/Middleware/StartSession->handle(Object(Illuminate/Http/Request), Object(Closure))
#28 C:/Users/nahid/Downloads/campus-connect-pro-complete-20-features-v2-fixed/campus-connect-pro-complete/vendor/laravel/framework/src/Illuminate/Cookie/Middleware/AddQueuedCookiesToResponse.php(37): Illuminate/Pipeline/Pipeline->Illuminate/Pipeline/{closure}(Object(Illuminate/Http/Request))
#29 C:/Users/nahid/Downloads/campus-connect-pro-complete-20-features-v2-fixed/campus-connect-pro-complete/vendor/laravel/framework/src/Illuminate/Pipeline/Pipeline.php(183): Illuminate/Cookie/Middleware/AddQueuedCookiesToResponse->handle(Object(Illuminate/Http/Request), Object(Closure))
#30 C:/Users/nahid/Downloads/campus-connect-pro-complete-20-features-v2-fixed/campus-connect-pro-complete/vendor/laravel/framework/src/Illuminate/Cookie/Middleware/EncryptCookies.php(67): Illuminate/Pipeline/Pipeline->Illuminate/Pipeline/{closure}(Object(Illuminate/Http/Request))
#31 C:/Users/nahid/Downloads/campus-connect-pro-complete-20-features-v2-fixed/campus-connect-pro-complete/vendor/laravel/framework/src/Illuminate/Pipeline/Pipeline.php(183): Illuminate/Cookie/Middleware/EncryptCookies->handle(Object(Illuminate/Http/Request), Object(Closure))
#32 C:/Users/nahid/Downloads/campus-connect-pro-complete-20-features-v2-fixed/campus-connect-pro-complete/vendor/laravel/framework/src/Illuminate/Pipeline/Pipeline.php(119): Illuminate/Pipeline/Pipeline->Illuminate/Pipeline/{closure}(Object(Illuminate/Http/Request))
#33 C:/Users/nahid/Downloads/campus-connect-pro-complete-20-features-v2-fixed/campus-connect-pro-complete/vendor/laravel/framework/src/Illuminate/Routing/Router.php(805): Illuminate/Pipeline/Pipeline->then(Object(Closure))
#34 C:/Users/nahid/Downloads/campus-connect-pro-complete-20-features-v2-fixed/campus-connect-pro-complete/vendor/laravel/framework/src/Illuminate/Routing/Router.php(784): Illuminate/Routing/Router->runRouteWithinStack(Object(Illuminate/Routing/Route), Object(Illuminate/Http/Request))
#35 C:/Users/nahid/Downloads/campus-connect-pro-complete-20-features-v2-fixed/campus-connect-pro-complete/vendor/laravel/framework/src/Illuminate/Routing/Router.php(748): Illuminate/Routing/Router->runRoute(Object(Illuminate/Http/Request), Object(Illuminate/Routing/Route))
#36 C:/Users/nahid/Downloads/campus-connect-pro-complete-20-features-v2-fixed/campus-connect-pro-complete/vendor/laravel/framework/src/Illuminate/Routing/Router.php(737): Illuminate/Routing/Router->dispatchToRoute(Object(Illuminate/Http/Request))
#37 C:/Users/nahid/Downloads/campus-connect-pro-complete-20-features-v2-fixed/campus-connect-pro-complete/vendor/laravel/framework/src/Illuminate/Foundation/Http/Kernel.php(200): Illuminate/Routing/Router->dispatch(Object(Illuminate/Http/Request))
#38 C:/Users/nahid/Downloads/campus-connect-pro-complete-20-features-v2-fixed/campus-connect-pro-complete/vendor/laravel/framework/src/Illuminate/Pipeline/Pipeline.php(144): Illuminate/Foundation/Http/Kernel->Illuminate/Foundation/Http/{closure}(Object(Illuminate/Http/Request))
#39 C:/Users/nahid/Downloads/campus-connect-pro-complete-20-features-v2-fixed/campus-connect-pro-complete/vendor/laravel/framework/src/Illuminate/Foundation/Http/Middleware/TransformsRequest.php(21): Illuminate/Pipeline/Pipeline->Illuminate/Pipeline/{closure}(Object(Illuminate/Http/Request))
#40 C:/Users/nahid/Downloads/campus-connect-pro-complete-20-features-v2-fixed/campus-connect-pro-complete/vendor/laravel/framework/src/Illuminate/Foundation/Http/Middleware/ConvertEmptyStringsToNull.php(31): Illuminate/Foundation/Http/Middleware/TransformsRequest->handle(Object(Illuminate/Http/Request), Object(Closure))
#41 C:/Users/nahid/Downloads/campus-connect-pro-complete-20-features-v2-fixed/campus-connect-pro-complete/vendor/laravel/framework/src/Illuminate/Pipeline/Pipeline.php(183): Illuminate/Foundation/Http/Middleware/ConvertEmptyStringsToNull->handle(Object(Illuminate/Http/Request), Object(Closure))
#42 C:/Users/nahid/Downloads/campus-connect-pro-complete-20-features-v2-fixed/campus-connect-pro-complete/vendor/laravel/framework/src/Illuminate/Foundation/Http/Middleware/TransformsRequest.php(21): Illuminate/Pipeline/Pipeline->Illuminate/Pipeline/{closure}(Object(Illuminate/Http/Request))
#43 C:/Users/nahid/Downloads/campus-connect-pro-complete-20-features-v2-fixed/campus-connect-pro-complete/vendor/laravel/framework/src/Illuminate/Foundation/Http/Middleware/TrimStrings.php(40): Illuminate/Foundation/Http/Middleware/TransformsRequest->handle(Object(Illuminate/Http/Request), Object(Closure))
#44 C:/Users/nahid/Downloads/campus-connect-pro-complete-20-features-v2-fixed/campus-connect-pro-complete/vendor/laravel/framework/src/Illuminate/Pipeline/Pipeline.php(183): Illuminate/Foundation/Http/Middleware/TrimStrings->handle(Object(Illuminate/Http/Request), Object(Closure))
#45 C:/Users/nahid/Downloads/campus-connect-pro-complete-20-features-v2-fixed/campus-connect-pro-complete/vendor/laravel/framework/src/Illuminate/Foundation/Http/Middleware/ValidatePostSize.php(27): Illuminate/Pipeline/Pipeline->Illuminate/Pipeline/{closure}(Object(Illuminate/Http/Request))
#46 C:/Users/nahid/Downloads/campus-connect-pro-complete-20-features-v2-fixed/campus-connect-pro-complete/vendor/laravel/framework/src/Illuminate/Pipeline/Pipeline.php(183): Illuminate/Foundation/Http/Middleware/ValidatePostSize->handle(Object(Illuminate/Http/Request), Object(Closure))
#47 C:/Users/nahid/Downloads/campus-connect-pro-complete-20-features-v2-fixed/campus-connect-pro-complete/vendor/laravel/framework/src/Illuminate/Http/Middleware/HandleCors.php(49): Illuminate/Pipeline/Pipeline->Illuminate/Pipeline/{closure}(Object(Illuminate/Http/Request))
#48 C:/Users/nahid/Downloads/campus-connect-pro-complete-20-features-v2-fixed/campus-connect-pro-complete/vendor/laravel/framework/src/Illuminate/Pipeline/Pipeline.php(183): Illuminate/Http/Middleware/HandleCors->handle(Object(Illuminate/Http/Request), Object(Closure))
#49 C:/Users/nahid/Downloads/campus-connect-pro-complete-20-features-v2-fixed/campus-connect-pro-complete/vendor/laravel/framework/src/Illuminate/Pipeline/Pipeline.php(119): Illuminate/Pipeline/Pipeline->Illuminate/Pipeline/{closure}(Object(Illuminate/Http/Request))
#50 C:/Users/nahid/Downloads/campus-connect-pro-complete-20-features-v2-fixed/campus-connect-pro-complete/vendor/laravel/framework/src/Illuminate/Foundation/Http/Kernel.php(175): Illuminate/Pipeline/Pipeline->then(Object(Closure))
#51 C:/Users/nahid/Downloads/campus-connect-pro-complete-20-features-v2-fixed/campus-connect-pro-complete/vendor/laravel/framework/src/Illuminate/Foundation/Http/Kernel.php(144): Illuminate/Foundation/Http/Kernel->sendRequestThroughRouter(Object(Illuminate/Http/Request))
#52 C:/Users/nahid/Downloads/campus-connect-pro-complete-20-features-v2-fixed/campus-connect-pro-complete/public/index.php(20): Illuminate/Foundation/Http/Kernel->handle(Object(Illuminate/Http/Request))
#53 C:/Users/nahid/Downloads/campus-connect-pro-complete-20-features-v2-fixed/campus-connect-pro-complete/vendor/laravel/framework/src/Illuminate/Foundation/resources/server.php(16): require_once('C://Users//nahid//...')
#54 {main}
"} 
[2026-05-05 12:20:02] laravel.EMERGENCY: Unable to create configured logger. Using emergency logger. {"exception":"[object] (InvalidArgumentException(code: 0): Log [] is not defined. at C:/Users/nahid/Downloads/campus-connect-pro-complete-20-features-v2-fixed/campus-connect-pro-complete/vendor/laravel/framework/src/Illuminate/Log/LogManager.php:212)
[stacktrace]
#0 C:/Users/nahid/Downloads/campus-connect-pro-complete-20-features-v2-fixed/campus-connect-pro-complete/vendor/laravel/framework/src/Illuminate/Log/LogManager.php(137): Illuminate/Log/LogManager->resolve(NULL, NULL)
#1 C:/Users/nahid/Downloads/campus-connect-pro-complete-20-features-v2-fixed/campus-connect-pro-complete/vendor/laravel/framework/src/Illuminate/Log/LogManager.php(124): Illuminate/Log/LogManager->get(NULL)
#2 C:/Users/nahid/Downloads/campus-connect-pro-complete-20-features-v2-fixed/campus-connect-pro-complete/vendor/laravel/framework/src/Illuminate/Log/LogManager.php(681): Illuminate/Log/LogManager->driver()
#3 C:/Users/nahid/Downloads/campus-connect-pro-complete-20-features-v2-fixed/campus-connect-pro-complete/vendor/laravel/framework/src/Illuminate/Foundation/Exceptions/Handler.php(317): Illuminate/Log/LogManager->error('Undefined varia...', Array)
#4 C:/Users/nahid/Downloads/campus-connect-pro-complete-20-features-v2-fixed/campus-connect-pro-complete/vendor/laravel/framework/src/Illuminate/Foundation/Exceptions/Handler.php(278): Illuminate/Foundation/Exceptions/Handler->reportThrowable(Object(Spatie/LaravelIgnition/Exceptions/ViewException))
#5 C:/Users/nahid/Downloads/campus-connect-pro-complete-20-features-v2-fixed/campus-connect-pro-complete/vendor/laravel/framework/src/Illuminate/Routing/Pipeline.php(49): Illuminate/Foundation/Exceptions/Handler->report(Object(Spatie/LaravelIgnition/Exceptions/ViewException))
#6 C:/Users/nahid/Downloads/campus-connect-pro-complete-20-features-v2-fixed/campus-connect-pro-complete/vendor/laravel/framework/src/Illuminate/Pipeline/Pipeline.php(146): Illuminate/Routing/Pipeline->handleException(Object(Illuminate/Http/Request), Object(Illuminate/View/ViewException))
#7 C:/Users/nahid/Downloads/campus-connect-pro-complete-20-features-v2-fixed/campus-connect-pro-complete/app/Http/Middleware/CheckSuspended.php(19): Illuminate/Pipeline/Pipeline->Illuminate/Pipeline/{closure}(Object(Illuminate/Http/Request))
#8 C:/Users/nahid/Downloads/campus-connect-pro-complete-20-features-v2-fixed/campus-connect-pro-complete/vendor/laravel/framework/src/Illuminate/Pipeline/Pipeline.php(183): App/Http/Middleware/CheckSuspended->handle(Object(Illuminate/Http/Request), Object(Closure))
#9 C:/Users/nahid/Downloads/campus-connect-pro-complete-20-features-v2-fixed/campus-connect-pro-complete/vendor/laravel/framework/src/Illuminate/Routing/Middleware/SubstituteBindings.php(50): Illuminate/Pipeline/Pipeline->Illuminate/Pipeline/{closure}(Object(Illuminate/Http/Request))
#10 C:/Users/nahid/Downloads/campus-connect-pro-complete-20-features-v2-fixed/campus-connect-pro-complete/vendor/laravel/framework/src/Illuminate/Pipeline/Pipeline.php(183): Illuminate/Routing/Middleware/SubstituteBindings->handle(Object(Illuminate/Http/Request), Object(Closure))
#11 C:/Users/nahid/Downloads/campus-connect-pro-complete-20-features-v2-fixed/campus-connect-pro-complete/vendor/laravel/framework/src/Illuminate/Auth/Middleware/Authenticate.php(57): Illuminate/Pipeline/Pipeline->Illuminate/Pipeline/{closure}(Object(Illuminate/Http/Request))
#12 C:/Users/nahid/Downloads/campus-connect-pro-complete-20-features-v2-fixed/campus-connect-pro-complete/vendor/laravel/framework/src/Illuminate/Pipeline/Pipeline.php(183): Illuminate/Auth/Middleware/Authenticate->handle(Object(Illuminate/Http/Request), Object(Closure))
#13 C:/Users/nahid/Downloads/campus-connect-pro-complete-20-features-v2-fixed/campus-connect-pro-complete/vendor/laravel/framework/src/Illuminate/Foundation/Http/Middleware/VerifyCsrfToken.php(78): Illuminate/Pipeline/Pipeline->Illuminate/Pipeline/{closure}(Object(Illuminate/Http/Request))
#14 C:/Users/nahid/Downloads/campus-connect-pro-complete-20-features-v2-fixed/campus-connect-pro-complete/vendor/laravel/framework/src/Illuminate/Pipeline/Pipeline.php(183): Illuminate/Foundation/Http/Middleware/VerifyCsrfToken->handle(Object(Illuminate/Http/Request), Object(Closure))
#15 C:/Users/nahid/Downloads/campus-connect-pro-complete-20-features-v2-fixed/campus-connect-pro-complete/vendor/laravel/framework/src/Illuminate/View/Middleware/ShareErrorsFromSession.php(49): Illuminate/Pipeline/Pipeline->Illuminate/Pipeline/{closure}(Object(Illuminate/Http/Request))
#16 C:/Users/nahid/Downloads/campus-connect-pro-complete-20-features-v2-fixed/campus-connect-pro-complete/vendor/laravel/framework/src/Illuminate/Pipeline/Pipeline.php(183): Illuminate/View/Middleware/ShareErrorsFromSession->handle(Object(Illuminate/Http/Request), Object(Closure))
#17 C:/Users/nahid/Downloads/campus-connect-pro-complete-20-features-v2-fixed/campus-connect-pro-complete/vendor/laravel/framework/src/Illuminate/Session/Middleware/StartSession.php(121): Illuminate/Pipeline/Pipeline->Illuminate/Pipeline/{closure}(Object(Illuminate/Http/Request))
#18 C:/Users/nahid/Downloads/campus-connect-pro-complete-20-features-v2-fixed/campus-connect-pro-complete/vendor/laravel/framework/src/Illuminate/Session/Middleware/StartSession.php(64): Illuminate/Session/Middleware/StartSession->handleStatefulRequest(Object(Illuminate/Http/Request), Object(Illuminate/Session/Store), Object(Closure))
#19 C:/Users/nahid/Downloads/campus-connect-pro-complete-20-features-v2-fixed/campus-connect-pro-complete/vendor/laravel/framework/src/Illuminate/Pipeline/Pipeline.php(183): Illuminate/Session/Middleware/StartSession->handle(Object(Illuminate/Http/Request), Object(Closure))
#20 C:/Users/nahid/Downloads/campus-connect-pro-complete-20-features-v2-fixed/campus-connect-pro-complete/vendor/laravel/framework/src/Illuminate/Cookie/Middleware/AddQueuedCookiesToResponse.php(37): Illuminate/Pipeline/Pipeline->Illuminate/Pipeline/{closure}(Object(Illuminate/Http/Request))
#21 C:/Users/nahid/Downloads/campus-connect-pro-complete-20-features-v2-fixed/campus-connect-pro-complete/vendor/laravel/framework/src/Illuminate/Pipeline/Pipeline.php(183): Illuminate/Cookie/Middleware/AddQueuedCookiesToResponse->handle(Object(Illuminate/Http/Request), Object(Closure))
#22 C:/Users/nahid/Downloads/campus-connect-pro-complete-20-features-v2-fixed/campus-connect-pro-complete/vendor/laravel/framework/src/Illuminate/Cookie/Middleware/EncryptCookies.php(67): Illuminate/Pipeline/Pipeline->Illuminate/Pipeline/{closure}(Object(Illuminate/Http/Request))
#23 C:/Users/nahid/Downloads/campus-connect-pro-complete-20-features-v2-fixed/campus-connect-pro-complete/vendor/laravel/framework/src/Illuminate/Pipeline/Pipeline.php(183): Illuminate/Cookie/Middleware/EncryptCookies->handle(Object(Illuminate/Http/Request), Object(Closure))
#24 C:/Users/nahid/Downloads/campus-connect-pro-complete-20-features-v2-fixed/campus-connect-pro-complete/vendor/laravel/framework/src/Illuminate/Pipeline/Pipeline.php(119): Illuminate/Pipeline/Pipeline->Illuminate/Pipeline/{closure}(Object(Illuminate/Http/Request))
#25 C:/Users/nahid/Downloads/campus-connect-pro-complete-20-features-v2-fixed/campus-connect-pro-complete/vendor/laravel/framework/src/Illuminate/Routing/Router.php(805): Illuminate/Pipeline/Pipeline->then(Object(Closure))
#26 C:/Users/nahid/Downloads/campus-connect-pro-complete-20-features-v2-fixed/campus-connect-pro-complete/vendor/laravel/framework/src/Illuminate/Routing/Router.php(784): Illuminate/Routing/Router->runRouteWithinStack(Object(Illuminate/Routing/Route), Object(Illuminate/Http/Request))
#27 C:/Users/nahid/Downloads/campus-connect-pro-complete-20-features-v2-fixed/campus-connect-pro-complete/vendor/laravel/framework/src/Illuminate/Routing/Router.php(748): Illuminate/Routing/Router->runRoute(Object(Illuminate/Http/Request), Object(Illuminate/Routing/Route))
#28 C:/Users/nahid/Downloads/campus-connect-pro-complete-20-features-v2-fixed/campus-connect-pro-complete/vendor/laravel/framework/src/Illuminate/Routing/Router.php(737): Illuminate/Routing/Router->dispatchToRoute(Object(Illuminate/Http/Request))
#29 C:/Users/nahid/Downloads/campus-connect-pro-complete-20-features-v2-fixed/campus-connect-pro-complete/vendor/laravel/framework/src/Illuminate/Foundation/Http/Kernel.php(200): Illuminate/Routing/Router->dispatch(Object(Illuminate/Http/Request))
#30 C:/Users/nahid/Downloads/campus-connect-pro-complete-20-features-v2-fixed/campus-connect-pro-complete/vendor/laravel/framework/src/Illuminate/Pipeline/Pipeline.php(144): Illuminate/Foundation/Http/Kernel->Illuminate/Foundation/Http/{closure}(Object(Illuminate/Http/Request))
#31 C:/Users/nahid/Downloads/campus-connect-pro-complete-20-features-v2-fixed/campus-connect-pro-complete/vendor/laravel/framework/src/Illuminate/Foundation/Http/Middleware/TransformsRequest.php(21): Illuminate/Pipeline/Pipeline->Illuminate/Pipeline/{closure}(Object(Illuminate/Http/Request))
#32 C:/Users/nahid/Downloads/campus-connect-pro-complete-20-features-v2-fixed/campus-connect-pro-complete/vendor/laravel/framework/src/Illuminate/Foundation/Http/Middleware/ConvertEmptyStringsToNull.php(31): Illuminate/Foundation/Http/Middleware/TransformsRequest->handle(Object(Illuminate/Http/Request), Object(Closure))
#33 C:/Users/nahid/Downloads/campus-connect-pro-complete-20-features-v2-fixed/campus-connect-pro-complete/vendor/laravel/framework/src/Illuminate/Pipeline/Pipeline.php(183): Illuminate/Foundation/Http/Middleware/ConvertEmptyStringsToNull->handle(Object(Illuminate/Http/Request), Object(Closure))
#34 C:/Users/nahid/Downloads/campus-connect-pro-complete-20-features-v2-fixed/campus-connect-pro-complete/vendor/laravel/framework/src/Illuminate/Foundation/Http/Middleware/TransformsRequest.php(21): Illuminate/Pipeline/Pipeline->Illuminate/Pipeline/{closure}(Object(Illuminate/Http/Request))
#35 C:/Users/nahid/Downloads/campus-connect-pro-complete-20-features-v2-fixed/campus-connect-pro-complete/vendor/laravel/framework/src/Illuminate/Foundation/Http/Middleware/TrimStrings.php(40): Illuminate/Foundation/Http/Middleware/TransformsRequest->handle(Object(Illuminate/Http/Request), Object(Closure))
#36 C:/Users/nahid/Downloads/campus-connect-pro-complete-20-features-v2-fixed/campus-connect-pro-complete/vendor/laravel/framework/src/Illuminate/Pipeline/Pipeline.php(183): Illuminate/Foundation/Http/Middleware/TrimStrings->handle(Object(Illuminate/Http/Request), Object(Closure))
#37 C:/Users/nahid/Downloads/campus-connect-pro-complete-20-features-v2-fixed/campus-connect-pro-complete/vendor/laravel/framework/src/Illuminate/Foundation/Http/Middleware/ValidatePostSize.php(27): Illuminate/Pipeline/Pipeline->Illuminate/Pipeline/{closure}(Object(Illuminate/Http/Request))
#38 C:/Users/nahid/Downloads/campus-connect-pro-complete-20-features-v2-fixed/campus-connect-pro-complete/vendor/laravel/framework/src/Illuminate/Pipeline/Pipeline.php(183): Illuminate/Foundation/Http/Middleware/ValidatePostSize->handle(Object(Illuminate/Http/Request), Object(Closure))
#39 C:/Users/nahid/Downloads/campus-connect-pro-complete-20-features-v2-fixed/campus-connect-pro-complete/vendor/laravel/framework/src/Illuminate/Http/Middleware/HandleCors.php(49): Illuminate/Pipeline/Pipeline->Illuminate/Pipeline/{closure}(Object(Illuminate/Http/Request))
#40 C:/Users/nahid/Downloads/campus-connect-pro-complete-20-features-v2-fixed/campus-connect-pro-complete/vendor/laravel/framework/src/Illuminate/Pipeline/Pipeline.php(183): Illuminate/Http/Middleware/HandleCors->handle(Object(Illuminate/Http/Request), Object(Closure))
#41 C:/Users/nahid/Downloads/campus-connect-pro-complete-20-features-v2-fixed/campus-connect-pro-complete/vendor/laravel/framework/src/Illuminate/Pipeline/Pipeline.php(119): Illuminate/Pipeline/Pipeline->Illuminate/Pipeline/{closure}(Object(Illuminate/Http/Request))
#42 C:/Users/nahid/Downloads/campus-connect-pro-complete-20-features-v2-fixed/campus-connect-pro-complete/vendor/laravel/framework/src/Illuminate/Foundation/Http/Kernel.php(175): Illuminate/Pipeline/Pipeline->then(Object(Closure))
#43 C:/Users/nahid/Downloads/campus-connect-pro-complete-20-features-v2-fixed/campus-connect-pro-complete/vendor/laravel/framework/src/Illuminate/Foundation/Http/Kernel.php(144): Illuminate/Foundation/Http/Kernel->sendRequestThroughRouter(Object(Illuminate/Http/Request))
#44 C:/Users/nahid/Downloads/campus-connect-pro-complete-20-features-v2-fixed/campus-connect-pro-complete/public/index.php(20): Illuminate/Foundation/Http/Kernel->handle(Object(Illuminate/Http/Request))
#45 C:/Users/nahid/Downloads/campus-connect-pro-complete-20-features-v2-fixed/campus-connect-pro-complete/vendor/laravel/framework/src/Illuminate/Foundation/resources/server.php(16): require_once('C://Users//nahid//...')
#46 {main}
"} 
[2026-05-05 12:20:02] laravel.ERROR: Undefined variable $requestedRides {"view":{"view":"C:\\Users\\nahid\\Downloads\\campus-connect-pro-complete-20-features-v2-fixed\\campus-connect-pro-complete\\resources\\views\\rides\\history.blade.php","data":{"errors":"<pre class=sf-dump id=sf-dump-1440403213 data-indent-pad=\"  \"><span class=sf-dump-note>Illuminate\\Support\\ViewErrorBag</span> {<a class=sf-dump-ref>#398</a><samp data-depth=1 class=sf-dump-expanded>
  #<span class=sf-dump-protected title=\"Protected property\">bags</span>: []
</samp>}
</pre><script>Sfdump(\"sf-dump-1440403213\", {\"maxDepth\":3,\"maxStringLength\":160})</script>
","offeredRides":"<pre class=sf-dump id=sf-dump-1516364834 data-indent-pad=\"  \"><span class=sf-dump-note>Illuminate\\Database\\Eloquent\\Collection</span> {<a class=sf-dump-ref>#1116</a><samp data-depth=1 class=sf-dump-expanded>
  #<span class=sf-dump-protected title=\"Protected property\">items</span>: <span class=sf-dump-note>array:1</span> [<samp data-depth=2 class=sf-dump-compact>
    <span class=sf-dump-index>0</span> => <span class=\"sf-dump-note sf-dump-ellipsization\" title=\"App\\Models\\Ride
\"><span class=\"sf-dump-ellipsis sf-dump-ellipsis-note\">App\\Models</span><span class=\"sf-dump-ellipsis sf-dump-ellipsis-note\">\\</span><span class=\"sf-dump-ellipsis-tail\">Ride</span></span> {<a class=sf-dump-ref>#1118</a><samp data-depth=3 class=sf-dump-compact>
      #<span class=sf-dump-protected title=\"Protected property\">connection</span>: \"<span class=sf-dump-str title=\"6 characters\">sqlite</span>\"
      #<span class=sf-dump-protected title=\"Protected property\">table</span>: \"<span class=sf-dump-str title=\"5 characters\">rides</span>\"
      #<span class=sf-dump-protected title=\"Protected property\">primaryKey</span>: \"<span class=sf-dump-str title=\"2 characters\">id</span>\"
      #<span class=sf-dump-protected title=\"Protected property\">keyType</span>: \"<span class=sf-dump-str title=\"3 characters\">int</span>\"
      +<span class=sf-dump-public title=\"Public property\">incrementing</span>: <span class=sf-dump-const>true</span>
      #<span class=sf-dump-protected title=\"Protected property\">with</span>: []
      #<span class=sf-dump-protected title=\"Protected property\">withCount</span>: []
      +<span class=sf-dump-public title=\"Public property\">preventsLazyLoading</span>: <span class=sf-dump-const>false</span>
      #<span class=sf-dump-protected title=\"Protected property\">perPage</span>: <span class=sf-dump-num>15</span>
      +<span class=sf-dump-public title=\"Public property\">exists</span>: <span class=sf-dump-const>true</span>
      +<span class=sf-dump-public title=\"Public property\">wasRecentlyCreated</span>: <span class=sf-dump-const>false</span>
      #<span class=sf-dump-protected title=\"Protected property\">escapeWhenCastingToString</span>: <span class=sf-dump-const>false</span>
      #<span class=sf-dump-protected title=\"Protected property\">attributes</span>: <span class=sf-dump-note>array:10</span> [ &#8230;10]
      #<span class=sf-dump-protected title=\"Protected property\">original</span>: <span class=sf-dump-note>array:10</span> [ &#8230;10]
      #<span class=sf-dump-protected title=\"Protected property\">changes</span>: []
      #<span class=sf-dump-protected title=\"Protected property\">casts</span>: []
      #<span class=sf-dump-protected title=\"Protected property\">classCastCache</span>: []
      #<span class=sf-dump-protected title=\"Protected property\">attributeCastCache</span>: []
      #<span class=sf-dump-protected title=\"Protected property\">dateFormat</span>: <span class=sf-dump-const>null</span>
      #<span class=sf-dump-protected title=\"Protected property\">appends</span>: []
      #<span class=sf-dump-protected title=\"Protected property\">dispatchesEvents</span>: []
      #<span class=sf-dump-protected title=\"Protected property\">observables</span>: []
      #<span class=sf-dump-protected title=\"Protected property\">relations</span>: []
      #<span class=sf-dump-protected title=\"Protected property\">touches</span>: []
      +<span class=sf-dump-public title=\"Public property\">timestamps</span>: <span class=sf-dump-const>true</span>
      +<span class=sf-dump-public title=\"Public property\">usesUniqueIds</span>: <span class=sf-dump-const>false</span>
      #<span class=sf-dump-protected title=\"Protected property\">hidden</span>: []
      #<span class=sf-dump-protected title=\"Protected property\">visible</span>: []
      #<span class=sf-dump-protected title=\"Protected property\">fillable</span>: <span class=sf-dump-note>array:7</span> [ &#8230;7]
      #<span class=sf-dump-protected title=\"Protected property\">guarded</span>: <span class=sf-dump-note>array:1</span> [ &#8230;1]
    </samp>}
  </samp>]
  #<span class=sf-dump-protected title=\"Protected property\">escapeWhenCastingToString</span>: <span class=sf-dump-const>false</span>
</samp>}
</pre><script>Sfdump(\"sf-dump-1516364834\", {\"maxDepth\":3,\"maxStringLength\":160})</script>
","joinRequests":"<pre class=sf-dump id=sf-dump-1513758027 data-indent-pad=\"  \"><span class=sf-dump-note>Illuminate\\Database\\Eloquent\\Collection</span> {<a class=sf-dump-ref>#1124</a><samp data-depth=1 class=sf-dump-expanded>
  #<span class=sf-dump-protected title=\"Protected property\">items</span>: []
  #<span class=sf-dump-protected title=\"Protected property\">escapeWhenCastingToString</span>: <span class=sf-dump-const>false</span>
</samp>}
</pre><script>Sfdump(\"sf-dump-1513758027\", {\"maxDepth\":3,\"maxStringLength\":160})</script>
"}},"userId":1,"exception":"[object] (Spatie\\LaravelIgnition\\Exceptions\\ViewException(code: 0): Undefined variable $requestedRides at C:/Users/nahid/Downloads/campus-connect-pro-complete-20-features-v2-fixed/campus-connect-pro-complete/resources/views/rides/history.blade.php:34)
[stacktrace]
#0 C:/Users/nahid/Downloads/campus-connect-pro-complete-20-features-v2-fixed/campus-connect-pro-complete/vendor/laravel/framework/src/Illuminate/Filesystem/Filesystem.php(123): require('C://Users//nahid//...')
#1 C:/Users/nahid/Downloads/campus-connect-pro-complete-20-features-v2-fixed/campus-connect-pro-complete/vendor/laravel/framework/src/Illuminate/Filesystem/Filesystem.php(124): Illuminate/Filesystem/Filesystem::Illuminate/Filesystem/{closure}()
#2 C:/Users/nahid/Downloads/campus-connect-pro-complete-20-features-v2-fixed/campus-connect-pro-complete/vendor/laravel/framework/src/Illuminate/View/Engines/PhpEngine.php(58): Illuminate/Filesystem/Filesystem->getRequire('C://Users//nahid//...', Array)
#3 C:/Users/nahid/Downloads/campus-connect-pro-complete-20-features-v2-fixed/campus-connect-pro-complete/vendor/laravel/framework/src/Illuminate/View/Engines/CompilerEngine.php(72): Illuminate/View/Engines/PhpEngine->evaluatePath('C://Users//nahid//...', Array)
#4 C:/Users/nahid/Downloads/campus-connect-pro-complete-20-features-v2-fixed/campus-connect-pro-complete/vendor/laravel/framework/src/Illuminate/View/View.php(207): Illuminate/View/Engines/CompilerEngine->get('C://Users//nahid//...', Array)
#5 C:/Users/nahid/Downloads/campus-connect-pro-complete-20-features-v2-fixed/campus-connect-pro-complete/vendor/laravel/framework/src/Illuminate/View/View.php(190): Illuminate/View/View->getContents()
#6 C:/Users/nahid/Downloads/campus-connect-pro-complete-20-features-v2-fixed/campus-connect-pro-complete/vendor/laravel/framework/src/Illuminate/View/View.php(159): Illuminate/View/View->renderContents()
#7 C:/Users/nahid/Downloads/campus-connect-pro-complete-20-features-v2-fixed/campus-connect-pro-complete/vendor/laravel/framework/src/Illuminate/Http/Response.php(69): Illuminate/View/View->render()
#8 C:/Users/nahid/Downloads/campus-connect-pro-complete-20-features-v2-fixed/campus-connect-pro-complete/vendor/laravel/framework/src/Illuminate/Http/Response.php(35): Illuminate/Http/Response->setContent(Object(Illuminate/View/View))
#9 C:/Users/nahid/Downloads/campus-connect-pro-complete-20-features-v2-fixed/campus-connect-pro-complete/vendor/laravel/framework/src/Illuminate/Routing/Router.php(918): Illuminate/Http/Response->__construct(Object(Illuminate/View/View), 200, Array)
#10 C:/Users/nahid/Downloads/campus-connect-pro-complete-20-features-v2-fixed/campus-connect-pro-complete/vendor/laravel/framework/src/Illuminate/Routing/Router.php(885): Illuminate/Routing/Router::toResponse(Object(Illuminate/Http/Request), Object(Illuminate/View/View))
#11 C:/Users/nahid/Downloads/campus-connect-pro-complete-20-features-v2-fixed/campus-connect-pro-complete/vendor/laravel/framework/src/Illuminate/Routing/Router.php(805): Illuminate/Routing/Router->prepareResponse(Object(Illuminate/Http/Request), Object(Illuminate/View/View))
#12 C:/Users/nahid/Downloads/campus-connect-pro-complete-20-features-v2-fixed/campus-connect-pro-complete/vendor/laravel/framework/src/Illuminate/Pipeline/Pipeline.php(144): Illuminate/Routing/Router->Illuminate/Routing/{closure}(Object(Illuminate/Http/Request))
#13 C:/Users/nahid/Downloads/campus-connect-pro-complete-20-features-v2-fixed/campus-connect-pro-complete/app/Http/Middleware/CheckSuspended.php(19): Illuminate/Pipeline/Pipeline->Illuminate/Pipeline/{closure}(Object(Illuminate/Http/Request))
#14 C:/Users/nahid/Downloads/campus-connect-pro-complete-20-features-v2-fixed/campus-connect-pro-complete/vendor/laravel/framework/src/Illuminate/Pipeline/Pipeline.php(183): App/Http/Middleware/CheckSuspended->handle(Object(Illuminate/Http/Request), Object(Closure))
#15 C:/Users/nahid/Downloads/campus-connect-pro-complete-20-features-v2-fixed/campus-connect-pro-complete/vendor/laravel/framework/src/Illuminate/Routing/Middleware/SubstituteBindings.php(50): Illuminate/Pipeline/Pipeline->Illuminate/Pipeline/{closure}(Object(Illuminate/Http/Request))
#16 C:/Users/nahid/Downloads/campus-connect-pro-complete-20-features-v2-fixed/campus-connect-pro-complete/vendor/laravel/framework/src/Illuminate/Pipeline/Pipeline.php(183): Illuminate/Routing/Middleware/SubstituteBindings->handle(Object(Illuminate/Http/Request), Object(Closure))
#17 C:/Users/nahid/Downloads/campus-connect-pro-complete-20-features-v2-fixed/campus-connect-pro-complete/vendor/laravel/framework/src/Illuminate/Auth/Middleware/Authenticate.php(57): Illuminate/Pipeline/Pipeline->Illuminate/Pipeline/{closure}(Object(Illuminate/Http/Request))
#18 C:/Users/nahid/Downloads/campus-connect-pro-complete-20-features-v2-fixed/campus-connect-pro-complete/vendor/laravel/framework/src/Illuminate/Pipeline/Pipeline.php(183): Illuminate/Auth/Middleware/Authenticate->handle(Object(Illuminate/Http/Request), Object(Closure))
#19 C:/Users/nahid/Downloads/campus-connect-pro-complete-20-features-v2-fixed/campus-connect-pro-complete/vendor/laravel/framework/src/Illuminate/Foundation/Http/Middleware/VerifyCsrfToken.php(78): Illuminate/Pipeline/Pipeline->Illuminate/Pipeline/{closure}(Object(Illuminate/Http/Request))
#20 C:/Users/nahid/Downloads/campus-connect-pro-complete-20-features-v2-fixed/campus-connect-pro-complete/vendor/laravel/framework/src/Illuminate/Pipeline/Pipeline.php(183): Illuminate/Foundation/Http/Middleware/VerifyCsrfToken->handle(Object(Illuminate/Http/Request), Object(Closure))
#21 C:/Users/nahid/Downloads/campus-connect-pro-complete-20-features-v2-fixed/campus-connect-pro-complete/vendor/laravel/framework/src/Illuminate/View/Middleware/ShareErrorsFromSession.php(49): Illuminate/Pipeline/Pipeline->Illuminate/Pipeline/{closure}(Object(Illuminate/Http/Request))
#22 C:/Users/nahid/Downloads/campus-connect-pro-complete-20-features-v2-fixed/campus-connect-pro-complete/vendor/laravel/framework/src/Illuminate/Pipeline/Pipeline.php(183): Illuminate/View/Middleware/ShareErrorsFromSession->handle(Object(Illuminate/Http/Request), Object(Closure))
#23 C:/Users/nahid/Downloads/campus-connect-pro-complete-20-features-v2-fixed/campus-connect-pro-complete/vendor/laravel/framework/src/Illuminate/Session/Middleware/StartSession.php(121): Illuminate/Pipeline/Pipeline->Illuminate/Pipeline/{closure}(Object(Illuminate/Http/Request))
#24 C:/Users/nahid/Downloads/campus-connect-pro-complete-20-features-v2-fixed/campus-connect-pro-complete/vendor/laravel/framework/src/Illuminate/Session/Middleware/StartSession.php(64): Illuminate/Session/Middleware/StartSession->handleStatefulRequest(Object(Illuminate/Http/Request), Object(Illuminate/Session/Store), Object(Closure))
#25 C:/Users/nahid/Downloads/campus-connect-pro-complete-20-features-v2-fixed/campus-connect-pro-complete/vendor/laravel/framework/src/Illuminate/Pipeline/Pipeline.php(183): Illuminate/Session/Middleware/StartSession->handle(Object(Illuminate/Http/Request), Object(Closure))
#26 C:/Users/nahid/Downloads/campus-connect-pro-complete-20-features-v2-fixed/campus-connect-pro-complete/vendor/laravel/framework/src/Illuminate/Cookie/Middleware/AddQueuedCookiesToResponse.php(37): Illuminate/Pipeline/Pipeline->Illuminate/Pipeline/{closure}(Object(Illuminate/Http/Request))
#27 C:/Users/nahid/Downloads/campus-connect-pro-complete-20-features-v2-fixed/campus-connect-pro-complete/vendor/laravel/framework/src/Illuminate/Pipeline/Pipeline.php(183): Illuminate/Cookie/Middleware/AddQueuedCookiesToResponse->handle(Object(Illuminate/Http/Request), Object(Closure))
#28 C:/Users/nahid/Downloads/campus-connect-pro-complete-20-features-v2-fixed/campus-connect-pro-complete/vendor/laravel/framework/src/Illuminate/Cookie/Middleware/EncryptCookies.php(67): Illuminate/Pipeline/Pipeline->Illuminate/Pipeline/{closure}(Object(Illuminate/Http/Request))
#29 C:/Users/nahid/Downloads/campus-connect-pro-complete-20-features-v2-fixed/campus-connect-pro-complete/vendor/laravel/framework/src/Illuminate/Pipeline/Pipeline.php(183): Illuminate/Cookie/Middleware/EncryptCookies->handle(Object(Illuminate/Http/Request), Object(Closure))
#30 C:/Users/nahid/Downloads/campus-connect-pro-complete-20-features-v2-fixed/campus-connect-pro-complete/vendor/laravel/framework/src/Illuminate/Pipeline/Pipeline.php(119): Illuminate/Pipeline/Pipeline->Illuminate/Pipeline/{closure}(Object(Illuminate/Http/Request))
#31 C:/Users/nahid/Downloads/campus-connect-pro-complete-20-features-v2-fixed/campus-connect-pro-complete/vendor/laravel/framework/src/Illuminate/Routing/Router.php(805): Illuminate/Pipeline/Pipeline->then(Object(Closure))
#32 C:/Users/nahid/Downloads/campus-connect-pro-complete-20-features-v2-fixed/campus-connect-pro-complete/vendor/laravel/framework/src/Illuminate/Routing/Router.php(784): Illuminate/Routing/Router->runRouteWithinStack(Object(Illuminate/Routing/Route), Object(Illuminate/Http/Request))
#33 C:/Users/nahid/Downloads/campus-connect-pro-complete-20-features-v2-fixed/campus-connect-pro-complete/vendor/laravel/framework/src/Illuminate/Routing/Router.php(748): Illuminate/Routing/Router->runRoute(Object(Illuminate/Http/Request), Object(Illuminate/Routing/Route))
#34 C:/Users/nahid/Downloads/campus-connect-pro-complete-20-features-v2-fixed/campus-connect-pro-complete/vendor/laravel/framework/src/Illuminate/Routing/Router.php(737): Illuminate/Routing/Router->dispatchToRoute(Object(Illuminate/Http/Request))
#35 C:/Users/nahid/Downloads/campus-connect-pro-complete-20-features-v2-fixed/campus-connect-pro-complete/vendor/laravel/framework/src/Illuminate/Foundation/Http/Kernel.php(200): Illuminate/Routing/Router->dispatch(Object(Illuminate/Http/Request))
#36 C:/Users/nahid/Downloads/campus-connect-pro-complete-20-features-v2-fixed/campus-connect-pro-complete/vendor/laravel/framework/src/Illuminate/Pipeline/Pipeline.php(144): Illuminate/Foundation/Http/Kernel->Illuminate/Foundation/Http/{closure}(Object(Illuminate/Http/Request))
#37 C:/Users/nahid/Downloads/campus-connect-pro-complete-20-features-v2-fixed/campus-connect-pro-complete/vendor/laravel/framework/src/Illuminate/Foundation/Http/Middleware/TransformsRequest.php(21): Illuminate/Pipeline/Pipeline->Illuminate/Pipeline/{closure}(Object(Illuminate/Http/Request))
#38 C:/Users/nahid/Downloads/campus-connect-pro-complete-20-features-v2-fixed/campus-connect-pro-complete/vendor/laravel/framework/src/Illuminate/Foundation/Http/Middleware/ConvertEmptyStringsToNull.php(31): Illuminate/Foundation/Http/Middleware/TransformsRequest->handle(Object(Illuminate/Http/Request), Object(Closure))
#39 C:/Users/nahid/Downloads/campus-connect-pro-complete-20-features-v2-fixed/campus-connect-pro-complete/vendor/laravel/framework/src/Illuminate/Pipeline/Pipeline.php(183): Illuminate/Foundation/Http/Middleware/ConvertEmptyStringsToNull->handle(Object(Illuminate/Http/Request), Object(Closure))
#40 C:/Users/nahid/Downloads/campus-connect-pro-complete-20-features-v2-fixed/campus-connect-pro-complete/vendor/laravel/framework/src/Illuminate/Foundation/Http/Middleware/TransformsRequest.php(21): Illuminate/Pipeline/Pipeline->Illuminate/Pipeline/{closure}(Object(Illuminate/Http/Request))
#41 C:/Users/nahid/Downloads/campus-connect-pro-complete-20-features-v2-fixed/campus-connect-pro-complete/vendor/laravel/framework/src/Illuminate/Foundation/Http/Middleware/TrimStrings.php(40): Illuminate/Foundation/Http/Middleware/TransformsRequest->handle(Object(Illuminate/Http/Request), Object(Closure))
#42 C:/Users/nahid/Downloads/campus-connect-pro-complete-20-features-v2-fixed/campus-connect-pro-complete/vendor/laravel/framework/src/Illuminate/Pipeline/Pipeline.php(183): Illuminate/Foundation/Http/Middleware/TrimStrings->handle(Object(Illuminate/Http/Request), Object(Closure))
#43 C:/Users/nahid/Downloads/campus-connect-pro-complete-20-features-v2-fixed/campus-connect-pro-complete/vendor/laravel/framework/src/Illuminate/Foundation/Http/Middleware/ValidatePostSize.php(27): Illuminate/Pipeline/Pipeline->Illuminate/Pipeline/{closure}(Object(Illuminate/Http/Request))
#44 C:/Users/nahid/Downloads/campus-connect-pro-complete-20-features-v2-fixed/campus-connect-pro-complete/vendor/laravel/framework/src/Illuminate/Pipeline/Pipeline.php(183): Illuminate/Foundation/Http/Middleware/ValidatePostSize->handle(Object(Illuminate/Http/Request), Object(Closure))
#45 C:/Users/nahid/Downloads/campus-connect-pro-complete-20-features-v2-fixed/campus-connect-pro-complete/vendor/laravel/framework/src/Illuminate/Http/Middleware/HandleCors.php(49): Illuminate/Pipeline/Pipeline->Illuminate/Pipeline/{closure}(Object(Illuminate/Http/Request))
#46 C:/Users/nahid/Downloads/campus-connect-pro-complete-20-features-v2-fixed/campus-connect-pro-complete/vendor/laravel/framework/src/Illuminate/Pipeline/Pipeline.php(183): Illuminate/Http/Middleware/HandleCors->handle(Object(Illuminate/Http/Request), Object(Closure))
#47 C:/Users/nahid/Downloads/campus-connect-pro-complete-20-features-v2-fixed/campus-connect-pro-complete/vendor/laravel/framework/src/Illuminate/Pipeline/Pipeline.php(119): Illuminate/Pipeline/Pipeline->Illuminate/Pipeline/{closure}(Object(Illuminate/Http/Request))
#48 C:/Users/nahid/Downloads/campus-connect-pro-complete-20-features-v2-fixed/campus-connect-pro-complete/vendor/laravel/framework/src/Illuminate/Foundation/Http/Kernel.php(175): Illuminate/Pipeline/Pipeline->then(Object(Closure))
#49 C:/Users/nahid/Downloads/campus-connect-pro-complete-20-features-v2-fixed/campus-connect-pro-complete/vendor/laravel/framework/src/Illuminate/Foundation/Http/Kernel.php(144): Illuminate/Foundation/Http/Kernel->sendRequestThroughRouter(Object(Illuminate/Http/Request))
#50 C:/Users/nahid/Downloads/campus-connect-pro-complete-20-features-v2-fixed/campus-connect-pro-complete/public/index.php(20): Illuminate/Foundation/Http/Kernel->handle(Object(Illuminate/Http/Request))
#51 C:/Users/nahid/Downloads/campus-connect-pro-complete-20-features-v2-fixed/campus-connect-pro-complete/vendor/laravel/framework/src/Illuminate/Foundation/resources/server.php(16): require_once('C://Users//nahid//...')
#52 {main}

[previous exception] [object] (ErrorException(code: 0): Undefined variable $requestedRides at C:/Users/nahid/Downloads/campus-connect-pro-complete-20-features-v2-fixed/campus-connect-pro-complete/storage/framework/views/1889eac39de490ba56a791478f199358.php:33)
[stacktrace]
#0 C:/Users/nahid/Downloads/campus-connect-pro-complete-20-features-v2-fixed/campus-connect-pro-complete/vendor/laravel/framework/src/Illuminate/Foundation/Bootstrap/HandleExceptions.php(255): Illuminate/Foundation/Bootstrap/HandleExceptions->handleError(2, 'Undefined varia...', 'C://Users//nahid//...', 33)
#1 C:/Users/nahid/Downloads/campus-connect-pro-complete-20-features-v2-fixed/campus-connect-pro-complete/storage/framework/views/1889eac39de490ba56a791478f199358.php(33): Illuminate/Foundation/Bootstrap/HandleExceptions->Illuminate/Foundation/Bootstrap/{closure}(2, 'Undefined varia...', 'C://Users//nahid//...', 33)
#2 C:/Users/nahid/Downloads/campus-connect-pro-complete-20-features-v2-fixed/campus-connect-pro-complete/vendor/laravel/framework/src/Illuminate/Filesystem/Filesystem.php(123): require('C://Users//nahid//...')
#3 C:/Users/nahid/Downloads/campus-connect-pro-complete-20-features-v2-fixed/campus-connect-pro-complete/vendor/laravel/framework/src/Illuminate/Filesystem/Filesystem.php(124): Illuminate/Filesystem/Filesystem::Illuminate/Filesystem/{closure}()
#4 C:/Users/nahid/Downloads/campus-connect-pro-complete-20-features-v2-fixed/campus-connect-pro-complete/vendor/laravel/framework/src/Illuminate/View/Engines/PhpEngine.php(58): Illuminate/Filesystem/Filesystem->getRequire('C://Users//nahid//...', Array)
#5 C:/Users/nahid/Downloads/campus-connect-pro-complete-20-features-v2-fixed/campus-connect-pro-complete/vendor/laravel/framework/src/Illuminate/View/Engines/CompilerEngine.php(72): Illuminate/View/Engines/PhpEngine->evaluatePath('C://Users//nahid//...', Array)
#6 C:/Users/nahid/Downloads/campus-connect-pro-complete-20-features-v2-fixed/campus-connect-pro-complete/vendor/laravel/framework/src/Illuminate/View/View.php(207): Illuminate/View/Engines/CompilerEngine->get('C://Users//nahid//...', Array)
#7 C:/Users/nahid/Downloads/campus-connect-pro-complete-20-features-v2-fixed/campus-connect-pro-complete/vendor/laravel/framework/src/Illuminate/View/View.php(190): Illuminate/View/View->getContents()
#8 C:/Users/nahid/Downloads/campus-connect-pro-complete-20-features-v2-fixed/campus-connect-pro-complete/vendor/laravel/framework/src/Illuminate/View/View.php(159): Illuminate/View/View->renderContents()
#9 C:/Users/nahid/Downloads/campus-connect-pro-complete-20-features-v2-fixed/campus-connect-pro-complete/vendor/laravel/framework/src/Illuminate/Http/Response.php(69): Illuminate/View/View->render()
#10 C:/Users/nahid/Downloads/campus-connect-pro-complete-20-features-v2-fixed/campus-connect-pro-complete/vendor/laravel/framework/src/Illuminate/Http/Response.php(35): Illuminate/Http/Response->setContent(Object(Illuminate/View/View))
#11 C:/Users/nahid/Downloads/campus-connect-pro-complete-20-features-v2-fixed/campus-connect-pro-complete/vendor/laravel/framework/src/Illuminate/Routing/Router.php(918): Illuminate/Http/Response->__construct(Object(Illuminate/View/View), 200, Array)
#12 C:/Users/nahid/Downloads/campus-connect-pro-complete-20-features-v2-fixed/campus-connect-pro-complete/vendor/laravel/framework/src/Illuminate/Routing/Router.php(885): Illuminate/Routing/Router::toResponse(Object(Illuminate/Http/Request), Object(Illuminate/View/View))
#13 C:/Users/nahid/Downloads/campus-connect-pro-complete-20-features-v2-fixed/campus-connect-pro-complete/vendor/laravel/framework/src/Illuminate/Routing/Router.php(805): Illuminate/Routing/Router->prepareResponse(Object(Illuminate/Http/Request), Object(Illuminate/View/View))
#14 C:/Users/nahid/Downloads/campus-connect-pro-complete-20-features-v2-fixed/campus-connect-pro-complete/vendor/laravel/framework/src/Illuminate/Pipeline/Pipeline.php(144): Illuminate/Routing/Router->Illuminate/Routing/{closure}(Object(Illuminate/Http/Request))
#15 C:/Users/nahid/Downloads/campus-connect-pro-complete-20-features-v2-fixed/campus-connect-pro-complete/app/Http/Middleware/CheckSuspended.php(19): Illuminate/Pipeline/Pipeline->Illuminate/Pipeline/{closure}(Object(Illuminate/Http/Request))
#16 C:/Users/nahid/Downloads/campus-connect-pro-complete-20-features-v2-fixed/campus-connect-pro-complete/vendor/laravel/framework/src/Illuminate/Pipeline/Pipeline.php(183): App/Http/Middleware/CheckSuspended->handle(Object(Illuminate/Http/Request), Object(Closure))
#17 C:/Users/nahid/Downloads/campus-connect-pro-complete-20-features-v2-fixed/campus-connect-pro-complete/vendor/laravel/framework/src/Illuminate/Routing/Middleware/SubstituteBindings.php(50): Illuminate/Pipeline/Pipeline->Illuminate/Pipeline/{closure}(Object(Illuminate/Http/Request))
#18 C:/Users/nahid/Downloads/campus-connect-pro-complete-20-features-v2-fixed/campus-connect-pro-complete/vendor/laravel/framework/src/Illuminate/Pipeline/Pipeline.php(183): Illuminate/Routing/Middleware/SubstituteBindings->handle(Object(Illuminate/Http/Request), Object(Closure))
#19 C:/Users/nahid/Downloads/campus-connect-pro-complete-20-features-v2-fixed/campus-connect-pro-complete/vendor/laravel/framework/src/Illuminate/Auth/Middleware/Authenticate.php(57): Illuminate/Pipeline/Pipeline->Illuminate/Pipeline/{closure}(Object(Illuminate/Http/Request))
#20 C:/Users/nahid/Downloads/campus-connect-pro-complete-20-features-v2-fixed/campus-connect-pro-complete/vendor/laravel/framework/src/Illuminate/Pipeline/Pipeline.php(183): Illuminate/Auth/Middleware/Authenticate->handle(Object(Illuminate/Http/Request), Object(Closure))
#21 C:/Users/nahid/Downloads/campus-connect-pro-complete-20-features-v2-fixed/campus-connect-pro-complete/vendor/laravel/framework/src/Illuminate/Foundation/Http/Middleware/VerifyCsrfToken.php(78): Illuminate/Pipeline/Pipeline->Illuminate/Pipeline/{closure}(Object(Illuminate/Http/Request))
#22 C:/Users/nahid/Downloads/campus-connect-pro-complete-20-features-v2-fixed/campus-connect-pro-complete/vendor/laravel/framework/src/Illuminate/Pipeline/Pipeline.php(183): Illuminate/Foundation/Http/Middleware/VerifyCsrfToken->handle(Object(Illuminate/Http/Request), Object(Closure))
#23 C:/Users/nahid/Downloads/campus-connect-pro-complete-20-features-v2-fixed/campus-connect-pro-complete/vendor/laravel/framework/src/Illuminate/View/Middleware/ShareErrorsFromSession.php(49): Illuminate/Pipeline/Pipeline->Illuminate/Pipeline/{closure}(Object(Illuminate/Http/Request))
#24 C:/Users/nahid/Downloads/campus-connect-pro-complete-20-features-v2-fixed/campus-connect-pro-complete/vendor/laravel/framework/src/Illuminate/Pipeline/Pipeline.php(183): Illuminate/View/Middleware/ShareErrorsFromSession->handle(Object(Illuminate/Http/Request), Object(Closure))
#25 C:/Users/nahid/Downloads/campus-connect-pro-complete-20-features-v2-fixed/campus-connect-pro-complete/vendor/laravel/framework/src/Illuminate/Session/Middleware/StartSession.php(121): Illuminate/Pipeline/Pipeline->Illuminate/Pipeline/{closure}(Object(Illuminate/Http/Request))
#26 C:/Users/nahid/Downloads/campus-connect-pro-complete-20-features-v2-fixed/campus-connect-pro-complete/vendor/laravel/framework/src/Illuminate/Session/Middleware/StartSession.php(64): Illuminate/Session/Middleware/StartSession->handleStatefulRequest(Object(Illuminate/Http/Request), Object(Illuminate/Session/Store), Object(Closure))
#27 C:/Users/nahid/Downloads/campus-connect-pro-complete-20-features-v2-fixed/campus-connect-pro-complete/vendor/laravel/framework/src/Illuminate/Pipeline/Pipeline.php(183): Illuminate/Session/Middleware/StartSession->handle(Object(Illuminate/Http/Request), Object(Closure))
#28 C:/Users/nahid/Downloads/campus-connect-pro-complete-20-features-v2-fixed/campus-connect-pro-complete/vendor/laravel/framework/src/Illuminate/Cookie/Middleware/AddQueuedCookiesToResponse.php(37): Illuminate/Pipeline/Pipeline->Illuminate/Pipeline/{closure}(Object(Illuminate/Http/Request))
#29 C:/Users/nahid/Downloads/campus-connect-pro-complete-20-features-v2-fixed/campus-connect-pro-complete/vendor/laravel/framework/src/Illuminate/Pipeline/Pipeline.php(183): Illuminate/Cookie/Middleware/AddQueuedCookiesToResponse->handle(Object(Illuminate/Http/Request), Object(Closure))
#30 C:/Users/nahid/Downloads/campus-connect-pro-complete-20-features-v2-fixed/campus-connect-pro-complete/vendor/laravel/framework/src/Illuminate/Cookie/Middleware/EncryptCookies.php(67): Illuminate/Pipeline/Pipeline->Illuminate/Pipeline/{closure}(Object(Illuminate/Http/Request))
#31 C:/Users/nahid/Downloads/campus-connect-pro-complete-20-features-v2-fixed/campus-connect-pro-complete/vendor/laravel/framework/src/Illuminate/Pipeline/Pipeline.php(183): Illuminate/Cookie/Middleware/EncryptCookies->handle(Object(Illuminate/Http/Request), Object(Closure))
#32 C:/Users/nahid/Downloads/campus-connect-pro-complete-20-features-v2-fixed/campus-connect-pro-complete/vendor/laravel/framework/src/Illuminate/Pipeline/Pipeline.php(119): Illuminate/Pipeline/Pipeline->Illuminate/Pipeline/{closure}(Object(Illuminate/Http/Request))
#33 C:/Users/nahid/Downloads/campus-connect-pro-complete-20-features-v2-fixed/campus-connect-pro-complete/vendor/laravel/framework/src/Illuminate/Routing/Router.php(805): Illuminate/Pipeline/Pipeline->then(Object(Closure))
#34 C:/Users/nahid/Downloads/campus-connect-pro-complete-20-features-v2-fixed/campus-connect-pro-complete/vendor/laravel/framework/src/Illuminate/Routing/Router.php(784): Illuminate/Routing/Router->runRouteWithinStack(Object(Illuminate/Routing/Route), Object(Illuminate/Http/Request))
#35 C:/Users/nahid/Downloads/campus-connect-pro-complete-20-features-v2-fixed/campus-connect-pro-complete/vendor/laravel/framework/src/Illuminate/Routing/Router.php(748): Illuminate/Routing/Router->runRoute(Object(Illuminate/Http/Request), Object(Illuminate/Routing/Route))
#36 C:/Users/nahid/Downloads/campus-connect-pro-complete-20-features-v2-fixed/campus-connect-pro-complete/vendor/laravel/framework/src/Illuminate/Routing/Router.php(737): Illuminate/Routing/Router->dispatchToRoute(Object(Illuminate/Http/Request))
#37 C:/Users/nahid/Downloads/campus-connect-pro-complete-20-features-v2-fixed/campus-connect-pro-complete/vendor/laravel/framework/src/Illuminate/Foundation/Http/Kernel.php(200): Illuminate/Routing/Router->dispatch(Object(Illuminate/Http/Request))
#38 C:/Users/nahid/Downloads/campus-connect-pro-complete-20-features-v2-fixed/campus-connect-pro-complete/vendor/laravel/framework/src/Illuminate/Pipeline/Pipeline.php(144): Illuminate/Foundation/Http/Kernel->Illuminate/Foundation/Http/{closure}(Object(Illuminate/Http/Request))
#39 C:/Users/nahid/Downloads/campus-connect-pro-complete-20-features-v2-fixed/campus-connect-pro-complete/vendor/laravel/framework/src/Illuminate/Foundation/Http/Middleware/TransformsRequest.php(21): Illuminate/Pipeline/Pipeline->Illuminate/Pipeline/{closure}(Object(Illuminate/Http/Request))
#40 C:/Users/nahid/Downloads/campus-connect-pro-complete-20-features-v2-fixed/campus-connect-pro-complete/vendor/laravel/framework/src/Illuminate/Foundation/Http/Middleware/ConvertEmptyStringsToNull.php(31): Illuminate/Foundation/Http/Middleware/TransformsRequest->handle(Object(Illuminate/Http/Request), Object(Closure))
#41 C:/Users/nahid/Downloads/campus-connect-pro-complete-20-features-v2-fixed/campus-connect-pro-complete/vendor/laravel/framework/src/Illuminate/Pipeline/Pipeline.php(183): Illuminate/Foundation/Http/Middleware/ConvertEmptyStringsToNull->handle(Object(Illuminate/Http/Request), Object(Closure))
#42 C:/Users/nahid/Downloads/campus-connect-pro-complete-20-features-v2-fixed/campus-connect-pro-complete/vendor/laravel/framework/src/Illuminate/Foundation/Http/Middleware/TransformsRequest.php(21): Illuminate/Pipeline/Pipeline->Illuminate/Pipeline/{closure}(Object(Illuminate/Http/Request))
#43 C:/Users/nahid/Downloads/campus-connect-pro-complete-20-features-v2-fixed/campus-connect-pro-complete/vendor/laravel/framework/src/Illuminate/Foundation/Http/Middleware/TrimStrings.php(40): Illuminate/Foundation/Http/Middleware/TransformsRequest->handle(Object(Illuminate/Http/Request), Object(Closure))
#44 C:/Users/nahid/Downloads/campus-connect-pro-complete-20-features-v2-fixed/campus-connect-pro-complete/vendor/laravel/framework/src/Illuminate/Pipeline/Pipeline.php(183): Illuminate/Foundation/Http/Middleware/TrimStrings->handle(Object(Illuminate/Http/Request), Object(Closure))
#45 C:/Users/nahid/Downloads/campus-connect-pro-complete-20-features-v2-fixed/campus-connect-pro-complete/vendor/laravel/framework/src/Illuminate/Foundation/Http/Middleware/ValidatePostSize.php(27): Illuminate/Pipeline/Pipeline->Illuminate/Pipeline/{closure}(Object(Illuminate/Http/Request))
#46 C:/Users/nahid/Downloads/campus-connect-pro-complete-20-features-v2-fixed/campus-connect-pro-complete/vendor/laravel/framework/src/Illuminate/Pipeline/Pipeline.php(183): Illuminate/Foundation/Http/Middleware/ValidatePostSize->handle(Object(Illuminate/Http/Request), Object(Closure))
#47 C:/Users/nahid/Downloads/campus-connect-pro-complete-20-features-v2-fixed/campus-connect-pro-complete/vendor/laravel/framework/src/Illuminate/Http/Middleware/HandleCors.php(49): Illuminate/Pipeline/Pipeline->Illuminate/Pipeline/{closure}(Object(Illuminate/Http/Request))
#48 C:/Users/nahid/Downloads/campus-connect-pro-complete-20-features-v2-fixed/campus-connect-pro-complete/vendor/laravel/framework/src/Illuminate/Pipeline/Pipeline.php(183): Illuminate/Http/Middleware/HandleCors->handle(Object(Illuminate/Http/Request), Object(Closure))
#49 C:/Users/nahid/Downloads/campus-connect-pro-complete-20-features-v2-fixed/campus-connect-pro-complete/vendor/laravel/framework/src/Illuminate/Pipeline/Pipeline.php(119): Illuminate/Pipeline/Pipeline->Illuminate/Pipeline/{closure}(Object(Illuminate/Http/Request))
#50 C:/Users/nahid/Downloads/campus-connect-pro-complete-20-features-v2-fixed/campus-connect-pro-complete/vendor/laravel/framework/src/Illuminate/Foundation/Http/Kernel.php(175): Illuminate/Pipeline/Pipeline->then(Object(Closure))
#51 C:/Users/nahid/Downloads/campus-connect-pro-complete-20-features-v2-fixed/campus-connect-pro-complete/vendor/laravel/framework/src/Illuminate/Foundation/Http/Kernel.php(144): Illuminate/Foundation/Http/Kernel->sendRequestThroughRouter(Object(Illuminate/Http/Request))
#52 C:/Users/nahid/Downloads/campus-connect-pro-complete-20-features-v2-fixed/campus-connect-pro-complete/public/index.php(20): Illuminate/Foundation/Http/Kernel->handle(Object(Illuminate/Http/Request))
#53 C:/Users/nahid/Downloads/campus-connect-pro-complete-20-features-v2-fixed/campus-connect-pro-complete/vendor/laravel/framework/src/Illuminate/Foundation/resources/server.php(16): require_once('C://Users//nahid//...')
#54 {main}
"} 
[2026-05-05 12:21:28] laravel.EMERGENCY: Unable to create configured logger. Using emergency logger. {"exception":"[object] (InvalidArgumentException(code: 0): Log [] is not defined. at C:/Users/nahid/Downloads/campus-connect-pro-complete-20-features-v2-fixed/campus-connect-pro-complete/vendor/laravel/framework/src/Illuminate/Log/LogManager.php:212)
[stacktrace]
#0 C:/Users/nahid/Downloads/campus-connect-pro-complete-20-features-v2-fixed/campus-connect-pro-complete/vendor/laravel/framework/src/Illuminate/Log/LogManager.php(137): Illuminate/Log/LogManager->resolve(NULL, NULL)
#1 C:/Users/nahid/Downloads/campus-connect-pro-complete-20-features-v2-fixed/campus-connect-pro-complete/vendor/laravel/framework/src/Illuminate/Log/LogManager.php(124): Illuminate/Log/LogManager->get(NULL)
#2 C:/Users/nahid/Downloads/campus-connect-pro-complete-20-features-v2-fixed/campus-connect-pro-complete/vendor/laravel/framework/src/Illuminate/Log/LogManager.php(681): Illuminate/Log/LogManager->driver()
#3 C:/Users/nahid/Downloads/campus-connect-pro-complete-20-features-v2-fixed/campus-connect-pro-complete/vendor/laravel/framework/src/Illuminate/Foundation/Exceptions/Handler.php(317): Illuminate/Log/LogManager->error('Undefined varia...', Array)
#4 C:/Users/nahid/Downloads/campus-connect-pro-complete-20-features-v2-fixed/campus-connect-pro-complete/vendor/laravel/framework/src/Illuminate/Foundation/Exceptions/Handler.php(278): Illuminate/Foundation/Exceptions/Handler->reportThrowable(Object(Spatie/LaravelIgnition/Exceptions/ViewException))
#5 C:/Users/nahid/Downloads/campus-connect-pro-complete-20-features-v2-fixed/campus-connect-pro-complete/vendor/laravel/framework/src/Illuminate/Routing/Pipeline.php(49): Illuminate/Foundation/Exceptions/Handler->report(Object(Spatie/LaravelIgnition/Exceptions/ViewException))
#6 C:/Users/nahid/Downloads/campus-connect-pro-complete-20-features-v2-fixed/campus-connect-pro-complete/vendor/laravel/framework/src/Illuminate/Pipeline/Pipeline.php(146): Illuminate/Routing/Pipeline->handleException(Object(Illuminate/Http/Request), Object(Illuminate/View/ViewException))
#7 C:/Users/nahid/Downloads/campus-connect-pro-complete-20-features-v2-fixed/campus-connect-pro-complete/app/Http/Middleware/CheckSuspended.php(19): Illuminate/Pipeline/Pipeline->Illuminate/Pipeline/{closure}(Object(Illuminate/Http/Request))
#8 C:/Users/nahid/Downloads/campus-connect-pro-complete-20-features-v2-fixed/campus-connect-pro-complete/vendor/laravel/framework/src/Illuminate/Pipeline/Pipeline.php(183): App/Http/Middleware/CheckSuspended->handle(Object(Illuminate/Http/Request), Object(Closure))
#9 C:/Users/nahid/Downloads/campus-connect-pro-complete-20-features-v2-fixed/campus-connect-pro-complete/vendor/laravel/framework/src/Illuminate/Routing/Middleware/SubstituteBindings.php(50): Illuminate/Pipeline/Pipeline->Illuminate/Pipeline/{closure}(Object(Illuminate/Http/Request))
#10 C:/Users/nahid/Downloads/campus-connect-pro-complete-20-features-v2-fixed/campus-connect-pro-complete/vendor/laravel/framework/src/Illuminate/Pipeline/Pipeline.php(183): Illuminate/Routing/Middleware/SubstituteBindings->handle(Object(Illuminate/Http/Request), Object(Closure))
#11 C:/Users/nahid/Downloads/campus-connect-pro-complete-20-features-v2-fixed/campus-connect-pro-complete/vendor/laravel/framework/src/Illuminate/Auth/Middleware/Authenticate.php(57): Illuminate/Pipeline/Pipeline->Illuminate/Pipeline/{closure}(Object(Illuminate/Http/Request))
#12 C:/Users/nahid/Downloads/campus-connect-pro-complete-20-features-v2-fixed/campus-connect-pro-complete/vendor/laravel/framework/src/Illuminate/Pipeline/Pipeline.php(183): Illuminate/Auth/Middleware/Authenticate->handle(Object(Illuminate/Http/Request), Object(Closure))
#13 C:/Users/nahid/Downloads/campus-connect-pro-complete-20-features-v2-fixed/campus-connect-pro-complete/vendor/laravel/framework/src/Illuminate/Foundation/Http/Middleware/VerifyCsrfToken.php(78): Illuminate/Pipeline/Pipeline->Illuminate/Pipeline/{closure}(Object(Illuminate/Http/Request))
#14 C:/Users/nahid/Downloads/campus-connect-pro-complete-20-features-v2-fixed/campus-connect-pro-complete/vendor/laravel/framework/src/Illuminate/Pipeline/Pipeline.php(183): Illuminate/Foundation/Http/Middleware/VerifyCsrfToken->handle(Object(Illuminate/Http/Request), Object(Closure))
#15 C:/Users/nahid/Downloads/campus-connect-pro-complete-20-features-v2-fixed/campus-connect-pro-complete/vendor/laravel/framework/src/Illuminate/View/Middleware/ShareErrorsFromSession.php(49): Illuminate/Pipeline/Pipeline->Illuminate/Pipeline/{closure}(Object(Illuminate/Http/Request))
#16 C:/Users/nahid/Downloads/campus-connect-pro-complete-20-features-v2-fixed/campus-connect-pro-complete/vendor/laravel/framework/src/Illuminate/Pipeline/Pipeline.php(183): Illuminate/View/Middleware/ShareErrorsFromSession->handle(Object(Illuminate/Http/Request), Object(Closure))
#17 C:/Users/nahid/Downloads/campus-connect-pro-complete-20-features-v2-fixed/campus-connect-pro-complete/vendor/laravel/framework/src/Illuminate/Session/Middleware/StartSession.php(121): Illuminate/Pipeline/Pipeline->Illuminate/Pipeline/{closure}(Object(Illuminate/Http/Request))
#18 C:/Users/nahid/Downloads/campus-connect-pro-complete-20-features-v2-fixed/campus-connect-pro-complete/vendor/laravel/framework/src/Illuminate/Session/Middleware/StartSession.php(64): Illuminate/Session/Middleware/StartSession->handleStatefulRequest(Object(Illuminate/Http/Request), Object(Illuminate/Session/Store), Object(Closure))
#19 C:/Users/nahid/Downloads/campus-connect-pro-complete-20-features-v2-fixed/campus-connect-pro-complete/vendor/laravel/framework/src/Illuminate/Pipeline/Pipeline.php(183): Illuminate/Session/Middleware/StartSession->handle(Object(Illuminate/Http/Request), Object(Closure))
#20 C:/Users/nahid/Downloads/campus-connect-pro-complete-20-features-v2-fixed/campus-connect-pro-complete/vendor/laravel/framework/src/Illuminate/Cookie/Middleware/AddQueuedCookiesToResponse.php(37): Illuminate/Pipeline/Pipeline->Illuminate/Pipeline/{closure}(Object(Illuminate/Http/Request))
#21 C:/Users/nahid/Downloads/campus-connect-pro-complete-20-features-v2-fixed/campus-connect-pro-complete/vendor/laravel/framework/src/Illuminate/Pipeline/Pipeline.php(183): Illuminate/Cookie/Middleware/AddQueuedCookiesToResponse->handle(Object(Illuminate/Http/Request), Object(Closure))
#22 C:/Users/nahid/Downloads/campus-connect-pro-complete-20-features-v2-fixed/campus-connect-pro-complete/vendor/laravel/framework/src/Illuminate/Cookie/Middleware/EncryptCookies.php(67): Illuminate/Pipeline/Pipeline->Illuminate/Pipeline/{closure}(Object(Illuminate/Http/Request))
#23 C:/Users/nahid/Downloads/campus-connect-pro-complete-20-features-v2-fixed/campus-connect-pro-complete/vendor/laravel/framework/src/Illuminate/Pipeline/Pipeline.php(183): Illuminate/Cookie/Middleware/EncryptCookies->handle(Object(Illuminate/Http/Request), Object(Closure))
#24 C:/Users/nahid/Downloads/campus-connect-pro-complete-20-features-v2-fixed/campus-connect-pro-complete/vendor/laravel/framework/src/Illuminate/Pipeline/Pipeline.php(119): Illuminate/Pipeline/Pipeline->Illuminate/Pipeline/{closure}(Object(Illuminate/Http/Request))
#25 C:/Users/nahid/Downloads/campus-connect-pro-complete-20-features-v2-fixed/campus-connect-pro-complete/vendor/laravel/framework/src/Illuminate/Routing/Router.php(805): Illuminate/Pipeline/Pipeline->then(Object(Closure))
#26 C:/Users/nahid/Downloads/campus-connect-pro-complete-20-features-v2-fixed/campus-connect-pro-complete/vendor/laravel/framework/src/Illuminate/Routing/Router.php(784): Illuminate/Routing/Router->runRouteWithinStack(Object(Illuminate/Routing/Route), Object(Illuminate/Http/Request))
#27 C:/Users/nahid/Downloads/campus-connect-pro-complete-20-features-v2-fixed/campus-connect-pro-complete/vendor/laravel/framework/src/Illuminate/Routing/Router.php(748): Illuminate/Routing/Router->runRoute(Object(Illuminate/Http/Request), Object(Illuminate/Routing/Route))
#28 C:/Users/nahid/Downloads/campus-connect-pro-complete-20-features-v2-fixed/campus-connect-pro-complete/vendor/laravel/framework/src/Illuminate/Routing/Router.php(737): Illuminate/Routing/Router->dispatchToRoute(Object(Illuminate/Http/Request))
#29 C:/Users/nahid/Downloads/campus-connect-pro-complete-20-features-v2-fixed/campus-connect-pro-complete/vendor/laravel/framework/src/Illuminate/Foundation/Http/Kernel.php(200): Illuminate/Routing/Router->dispatch(Object(Illuminate/Http/Request))
#30 C:/Users/nahid/Downloads/campus-connect-pro-complete-20-features-v2-fixed/campus-connect-pro-complete/vendor/laravel/framework/src/Illuminate/Pipeline/Pipeline.php(144): Illuminate/Foundation/Http/Kernel->Illuminate/Foundation/Http/{closure}(Object(Illuminate/Http/Request))
#31 C:/Users/nahid/Downloads/campus-connect-pro-complete-20-features-v2-fixed/campus-connect-pro-complete/vendor/laravel/framework/src/Illuminate/Foundation/Http/Middleware/TransformsRequest.php(21): Illuminate/Pipeline/Pipeline->Illuminate/Pipeline/{closure}(Object(Illuminate/Http/Request))
#32 C:/Users/nahid/Downloads/campus-connect-pro-complete-20-features-v2-fixed/campus-connect-pro-complete/vendor/laravel/framework/src/Illuminate/Foundation/Http/Middleware/ConvertEmptyStringsToNull.php(31): Illuminate/Foundation/Http/Middleware/TransformsRequest->handle(Object(Illuminate/Http/Request), Object(Closure))
#33 C:/Users/nahid/Downloads/campus-connect-pro-complete-20-features-v2-fixed/campus-connect-pro-complete/vendor/laravel/framework/src/Illuminate/Pipeline/Pipeline.php(183): Illuminate/Foundation/Http/Middleware/ConvertEmptyStringsToNull->handle(Object(Illuminate/Http/Request), Object(Closure))
#34 C:/Users/nahid/Downloads/campus-connect-pro-complete-20-features-v2-fixed/campus-connect-pro-complete/vendor/laravel/framework/src/Illuminate/Foundation/Http/Middleware/TransformsRequest.php(21): Illuminate/Pipeline/Pipeline->Illuminate/Pipeline/{closure}(Object(Illuminate/Http/Request))
#35 C:/Users/nahid/Downloads/campus-connect-pro-complete-20-features-v2-fixed/campus-connect-pro-complete/vendor/laravel/framework/src/Illuminate/Foundation/Http/Middleware/TrimStrings.php(40): Illuminate/Foundation/Http/Middleware/TransformsRequest->handle(Object(Illuminate/Http/Request), Object(Closure))
#36 C:/Users/nahid/Downloads/campus-connect-pro-complete-20-features-v2-fixed/campus-connect-pro-complete/vendor/laravel/framework/src/Illuminate/Pipeline/Pipeline.php(183): Illuminate/Foundation/Http/Middleware/TrimStrings->handle(Object(Illuminate/Http/Request), Object(Closure))
#37 C:/Users/nahid/Downloads/campus-connect-pro-complete-20-features-v2-fixed/campus-connect-pro-complete/vendor/laravel/framework/src/Illuminate/Foundation/Http/Middleware/ValidatePostSize.php(27): Illuminate/Pipeline/Pipeline->Illuminate/Pipeline/{closure}(Object(Illuminate/Http/Request))
#38 C:/Users/nahid/Downloads/campus-connect-pro-complete-20-features-v2-fixed/campus-connect-pro-complete/vendor/laravel/framework/src/Illuminate/Pipeline/Pipeline.php(183): Illuminate/Foundation/Http/Middleware/ValidatePostSize->handle(Object(Illuminate/Http/Request), Object(Closure))
#39 C:/Users/nahid/Downloads/campus-connect-pro-complete-20-features-v2-fixed/campus-connect-pro-complete/vendor/laravel/framework/src/Illuminate/Http/Middleware/HandleCors.php(49): Illuminate/Pipeline/Pipeline->Illuminate/Pipeline/{closure}(Object(Illuminate/Http/Request))
#40 C:/Users/nahid/Downloads/campus-connect-pro-complete-20-features-v2-fixed/campus-connect-pro-complete/vendor/laravel/framework/src/Illuminate/Pipeline/Pipeline.php(183): Illuminate/Http/Middleware/HandleCors->handle(Object(Illuminate/Http/Request), Object(Closure))
#41 C:/Users/nahid/Downloads/campus-connect-pro-complete-20-features-v2-fixed/campus-connect-pro-complete/vendor/laravel/framework/src/Illuminate/Pipeline/Pipeline.php(119): Illuminate/Pipeline/Pipeline->Illuminate/Pipeline/{closure}(Object(Illuminate/Http/Request))
#42 C:/Users/nahid/Downloads/campus-connect-pro-complete-20-features-v2-fixed/campus-connect-pro-complete/vendor/laravel/framework/src/Illuminate/Foundation/Http/Kernel.php(175): Illuminate/Pipeline/Pipeline->then(Object(Closure))
#43 C:/Users/nahid/Downloads/campus-connect-pro-complete-20-features-v2-fixed/campus-connect-pro-complete/vendor/laravel/framework/src/Illuminate/Foundation/Http/Kernel.php(144): Illuminate/Foundation/Http/Kernel->sendRequestThroughRouter(Object(Illuminate/Http/Request))
#44 C:/Users/nahid/Downloads/campus-connect-pro-complete-20-features-v2-fixed/campus-connect-pro-complete/public/index.php(20): Illuminate/Foundation/Http/Kernel->handle(Object(Illuminate/Http/Request))
#45 C:/Users/nahid/Downloads/campus-connect-pro-complete-20-features-v2-fixed/campus-connect-pro-complete/vendor/laravel/framework/src/Illuminate/Foundation/resources/server.php(16): require_once('C://Users//nahid//...')
#46 {main}
"} 
[2026-05-05 12:21:28] laravel.ERROR: Undefined variable $requestedRides {"view":{"view":"C:\\Users\\nahid\\Downloads\\campus-connect-pro-complete-20-features-v2-fixed\\campus-connect-pro-complete\\resources\\views\\rides\\history.blade.php","data":{"errors":"<pre class=sf-dump id=sf-dump-2092917769 data-indent-pad=\"  \"><span class=sf-dump-note>Illuminate\\Support\\ViewErrorBag</span> {<a class=sf-dump-ref>#398</a><samp data-depth=1 class=sf-dump-expanded>
  #<span class=sf-dump-protected title=\"Protected property\">bags</span>: []
</samp>}
</pre><script>Sfdump(\"sf-dump-2092917769\", {\"maxDepth\":3,\"maxStringLength\":160})</script>
","offeredRides":"<pre class=sf-dump id=sf-dump-315306711 data-indent-pad=\"  \"><span class=sf-dump-note>Illuminate\\Database\\Eloquent\\Collection</span> {<a class=sf-dump-ref>#1116</a><samp data-depth=1 class=sf-dump-expanded>
  #<span class=sf-dump-protected title=\"Protected property\">items</span>: <span class=sf-dump-note>array:1</span> [<samp data-depth=2 class=sf-dump-compact>
    <span class=sf-dump-index>0</span> => <span class=\"sf-dump-note sf-dump-ellipsization\" title=\"App\\Models\\Ride
\"><span class=\"sf-dump-ellipsis sf-dump-ellipsis-note\">App\\Models</span><span class=\"sf-dump-ellipsis sf-dump-ellipsis-note\">\\</span><span class=\"sf-dump-ellipsis-tail\">Ride</span></span> {<a class=sf-dump-ref>#1118</a><samp data-depth=3 class=sf-dump-compact>
      #<span class=sf-dump-protected title=\"Protected property\">connection</span>: \"<span class=sf-dump-str title=\"6 characters\">sqlite</span>\"
      #<span class=sf-dump-protected title=\"Protected property\">table</span>: \"<span class=sf-dump-str title=\"5 characters\">rides</span>\"
      #<span class=sf-dump-protected title=\"Protected property\">primaryKey</span>: \"<span class=sf-dump-str title=\"2 characters\">id</span>\"
      #<span class=sf-dump-protected title=\"Protected property\">keyType</span>: \"<span class=sf-dump-str title=\"3 characters\">int</span>\"
      +<span class=sf-dump-public title=\"Public property\">incrementing</span>: <span class=sf-dump-const>true</span>
      #<span class=sf-dump-protected title=\"Protected property\">with</span>: []
      #<span class=sf-dump-protected title=\"Protected property\">withCount</span>: []
      +<span class=sf-dump-public title=\"Public property\">preventsLazyLoading</span>: <span class=sf-dump-const>false</span>
      #<span class=sf-dump-protected title=\"Protected property\">perPage</span>: <span class=sf-dump-num>15</span>
      +<span class=sf-dump-public title=\"Public property\">exists</span>: <span class=sf-dump-const>true</span>
      +<span class=sf-dump-public title=\"Public property\">wasRecentlyCreated</span>: <span class=sf-dump-const>false</span>
      #<span class=sf-dump-protected title=\"Protected property\">escapeWhenCastingToString</span>: <span class=sf-dump-const>false</span>
      #<span class=sf-dump-protected title=\"Protected property\">attributes</span>: <span class=sf-dump-note>array:10</span> [ &#8230;10]
      #<span class=sf-dump-protected title=\"Protected property\">original</span>: <span class=sf-dump-note>array:10</span> [ &#8230;10]
      #<span class=sf-dump-protected title=\"Protected property\">changes</span>: []
      #<span class=sf-dump-protected title=\"Protected property\">casts</span>: []
      #<span class=sf-dump-protected title=\"Protected property\">classCastCache</span>: []
      #<span class=sf-dump-protected title=\"Protected property\">attributeCastCache</span>: []
      #<span class=sf-dump-protected title=\"Protected property\">dateFormat</span>: <span class=sf-dump-const>null</span>
      #<span class=sf-dump-protected title=\"Protected property\">appends</span>: []
      #<span class=sf-dump-protected title=\"Protected property\">dispatchesEvents</span>: []
      #<span class=sf-dump-protected title=\"Protected property\">observables</span>: []
      #<span class=sf-dump-protected title=\"Protected property\">relations</span>: []
      #<span class=sf-dump-protected title=\"Protected property\">touches</span>: []
      +<span class=sf-dump-public title=\"Public property\">timestamps</span>: <span class=sf-dump-const>true</span>
      +<span class=sf-dump-public title=\"Public property\">usesUniqueIds</span>: <span class=sf-dump-const>false</span>
      #<span class=sf-dump-protected title=\"Protected property\">hidden</span>: []
      #<span class=sf-dump-protected title=\"Protected property\">visible</span>: []
      #<span class=sf-dump-protected title=\"Protected property\">fillable</span>: <span class=sf-dump-note>array:7</span> [ &#8230;7]
      #<span class=sf-dump-protected title=\"Protected property\">guarded</span>: <span class=sf-dump-note>array:1</span> [ &#8230;1]
    </samp>}
  </samp>]
  #<span class=sf-dump-protected title=\"Protected property\">escapeWhenCastingToString</span>: <span class=sf-dump-const>false</span>
</samp>}
</pre><script>Sfdump(\"sf-dump-315306711\", {\"maxDepth\":3,\"maxStringLength\":160})</script>
","joinRequests":"<pre class=sf-dump id=sf-dump-1897625343 data-indent-pad=\"  \"><span class=sf-dump-note>Illuminate\\Database\\Eloquent\\Collection</span> {<a class=sf-dump-ref>#1124</a><samp data-depth=1 class=sf-dump-expanded>
  #<span class=sf-dump-protected title=\"Protected property\">items</span>: []
  #<span class=sf-dump-protected title=\"Protected property\">escapeWhenCastingToString</span>: <span class=sf-dump-const>false</span>
</samp>}
</pre><script>Sfdump(\"sf-dump-1897625343\", {\"maxDepth\":3,\"maxStringLength\":160})</script>
"}},"userId":1,"exception":"[object] (Spatie\\LaravelIgnition\\Exceptions\\ViewException(code: 0): Undefined variable $requestedRides at C:/Users/nahid/Downloads/campus-connect-pro-complete-20-features-v2-fixed/campus-connect-pro-complete/resources/views/rides/history.blade.php:34)
[stacktrace]
#0 C:/Users/nahid/Downloads/campus-connect-pro-complete-20-features-v2-fixed/campus-connect-pro-complete/vendor/laravel/framework/src/Illuminate/Filesystem/Filesystem.php(123): require('C://Users//nahid//...')
#1 C:/Users/nahid/Downloads/campus-connect-pro-complete-20-features-v2-fixed/campus-connect-pro-complete/vendor/laravel/framework/src/Illuminate/Filesystem/Filesystem.php(124): Illuminate/Filesystem/Filesystem::Illuminate/Filesystem/{closure}()
#2 C:/Users/nahid/Downloads/campus-connect-pro-complete-20-features-v2-fixed/campus-connect-pro-complete/vendor/laravel/framework/src/Illuminate/View/Engines/PhpEngine.php(58): Illuminate/Filesystem/Filesystem->getRequire('C://Users//nahid//...', Array)
#3 C:/Users/nahid/Downloads/campus-connect-pro-complete-20-features-v2-fixed/campus-connect-pro-complete/vendor/laravel/framework/src/Illuminate/View/Engines/CompilerEngine.php(72): Illuminate/View/Engines/PhpEngine->evaluatePath('C://Users//nahid//...', Array)
#4 C:/Users/nahid/Downloads/campus-connect-pro-complete-20-features-v2-fixed/campus-connect-pro-complete/vendor/laravel/framework/src/Illuminate/View/View.php(207): Illuminate/View/Engines/CompilerEngine->get('C://Users//nahid//...', Array)
#5 C:/Users/nahid/Downloads/campus-connect-pro-complete-20-features-v2-fixed/campus-connect-pro-complete/vendor/laravel/framework/src/Illuminate/View/View.php(190): Illuminate/View/View->getContents()
#6 C:/Users/nahid/Downloads/campus-connect-pro-complete-20-features-v2-fixed/campus-connect-pro-complete/vendor/laravel/framework/src/Illuminate/View/View.php(159): Illuminate/View/View->renderContents()
#7 C:/Users/nahid/Downloads/campus-connect-pro-complete-20-features-v2-fixed/campus-connect-pro-complete/vendor/laravel/framework/src/Illuminate/Http/Response.php(69): Illuminate/View/View->render()
#8 C:/Users/nahid/Downloads/campus-connect-pro-complete-20-features-v2-fixed/campus-connect-pro-complete/vendor/laravel/framework/src/Illuminate/Http/Response.php(35): Illuminate/Http/Response->setContent(Object(Illuminate/View/View))
#9 C:/Users/nahid/Downloads/campus-connect-pro-complete-20-features-v2-fixed/campus-connect-pro-complete/vendor/laravel/framework/src/Illuminate/Routing/Router.php(918): Illuminate/Http/Response->__construct(Object(Illuminate/View/View), 200, Array)
#10 C:/Users/nahid/Downloads/campus-connect-pro-complete-20-features-v2-fixed/campus-connect-pro-complete/vendor/laravel/framework/src/Illuminate/Routing/Router.php(885): Illuminate/Routing/Router::toResponse(Object(Illuminate/Http/Request), Object(Illuminate/View/View))
#11 C:/Users/nahid/Downloads/campus-connect-pro-complete-20-features-v2-fixed/campus-connect-pro-complete/vendor/laravel/framework/src/Illuminate/Routing/Router.php(805): Illuminate/Routing/Router->prepareResponse(Object(Illuminate/Http/Request), Object(Illuminate/View/View))
#12 C:/Users/nahid/Downloads/campus-connect-pro-complete-20-features-v2-fixed/campus-connect-pro-complete/vendor/laravel/framework/src/Illuminate/Pipeline/Pipeline.php(144): Illuminate/Routing/Router->Illuminate/Routing/{closure}(Object(Illuminate/Http/Request))
#13 C:/Users/nahid/Downloads/campus-connect-pro-complete-20-features-v2-fixed/campus-connect-pro-complete/app/Http/Middleware/CheckSuspended.php(19): Illuminate/Pipeline/Pipeline->Illuminate/Pipeline/{closure}(Object(Illuminate/Http/Request))
#14 C:/Users/nahid/Downloads/campus-connect-pro-complete-20-features-v2-fixed/campus-connect-pro-complete/vendor/laravel/framework/src/Illuminate/Pipeline/Pipeline.php(183): App/Http/Middleware/CheckSuspended->handle(Object(Illuminate/Http/Request), Object(Closure))
#15 C:/Users/nahid/Downloads/campus-connect-pro-complete-20-features-v2-fixed/campus-connect-pro-complete/vendor/laravel/framework/src/Illuminate/Routing/Middleware/SubstituteBindings.php(50): Illuminate/Pipeline/Pipeline->Illuminate/Pipeline/{closure}(Object(Illuminate/Http/Request))
#16 C:/Users/nahid/Downloads/campus-connect-pro-complete-20-features-v2-fixed/campus-connect-pro-complete/vendor/laravel/framework/src/Illuminate/Pipeline/Pipeline.php(183): Illuminate/Routing/Middleware/SubstituteBindings->handle(Object(Illuminate/Http/Request), Object(Closure))
#17 C:/Users/nahid/Downloads/campus-connect-pro-complete-20-features-v2-fixed/campus-connect-pro-complete/vendor/laravel/framework/src/Illuminate/Auth/Middleware/Authenticate.php(57): Illuminate/Pipeline/Pipeline->Illuminate/Pipeline/{closure}(Object(Illuminate/Http/Request))
#18 C:/Users/nahid/Downloads/campus-connect-pro-complete-20-features-v2-fixed/campus-connect-pro-complete/vendor/laravel/framework/src/Illuminate/Pipeline/Pipeline.php(183): Illuminate/Auth/Middleware/Authenticate->handle(Object(Illuminate/Http/Request), Object(Closure))
#19 C:/Users/nahid/Downloads/campus-connect-pro-complete-20-features-v2-fixed/campus-connect-pro-complete/vendor/laravel/framework/src/Illuminate/Foundation/Http/Middleware/VerifyCsrfToken.php(78): Illuminate/Pipeline/Pipeline->Illuminate/Pipeline/{closure}(Object(Illuminate/Http/Request))
#20 C:/Users/nahid/Downloads/campus-connect-pro-complete-20-features-v2-fixed/campus-connect-pro-complete/vendor/laravel/framework/src/Illuminate/Pipeline/Pipeline.php(183): Illuminate/Foundation/Http/Middleware/VerifyCsrfToken->handle(Object(Illuminate/Http/Request), Object(Closure))
#21 C:/Users/nahid/Downloads/campus-connect-pro-complete-20-features-v2-fixed/campus-connect-pro-complete/vendor/laravel/framework/src/Illuminate/View/Middleware/ShareErrorsFromSession.php(49): Illuminate/Pipeline/Pipeline->Illuminate/Pipeline/{closure}(Object(Illuminate/Http/Request))
#22 C:/Users/nahid/Downloads/campus-connect-pro-complete-20-features-v2-fixed/campus-connect-pro-complete/vendor/laravel/framework/src/Illuminate/Pipeline/Pipeline.php(183): Illuminate/View/Middleware/ShareErrorsFromSession->handle(Object(Illuminate/Http/Request), Object(Closure))
#23 C:/Users/nahid/Downloads/campus-connect-pro-complete-20-features-v2-fixed/campus-connect-pro-complete/vendor/laravel/framework/src/Illuminate/Session/Middleware/StartSession.php(121): Illuminate/Pipeline/Pipeline->Illuminate/Pipeline/{closure}(Object(Illuminate/Http/Request))
#24 C:/Users/nahid/Downloads/campus-connect-pro-complete-20-features-v2-fixed/campus-connect-pro-complete/vendor/laravel/framework/src/Illuminate/Session/Middleware/StartSession.php(64): Illuminate/Session/Middleware/StartSession->handleStatefulRequest(Object(Illuminate/Http/Request), Object(Illuminate/Session/Store), Object(Closure))
#25 C:/Users/nahid/Downloads/campus-connect-pro-complete-20-features-v2-fixed/campus-connect-pro-complete/vendor/laravel/framework/src/Illuminate/Pipeline/Pipeline.php(183): Illuminate/Session/Middleware/StartSession->handle(Object(Illuminate/Http/Request), Object(Closure))
#26 C:/Users/nahid/Downloads/campus-connect-pro-complete-20-features-v2-fixed/campus-connect-pro-complete/vendor/laravel/framework/src/Illuminate/Cookie/Middleware/AddQueuedCookiesToResponse.php(37): Illuminate/Pipeline/Pipeline->Illuminate/Pipeline/{closure}(Object(Illuminate/Http/Request))
#27 C:/Users/nahid/Downloads/campus-connect-pro-complete-20-features-v2-fixed/campus-connect-pro-complete/vendor/laravel/framework/src/Illuminate/Pipeline/Pipeline.php(183): Illuminate/Cookie/Middleware/AddQueuedCookiesToResponse->handle(Object(Illuminate/Http/Request), Object(Closure))
#28 C:/Users/nahid/Downloads/campus-connect-pro-complete-20-features-v2-fixed/campus-connect-pro-complete/vendor/laravel/framework/src/Illuminate/Cookie/Middleware/EncryptCookies.php(67): Illuminate/Pipeline/Pipeline->Illuminate/Pipeline/{closure}(Object(Illuminate/Http/Request))
#29 C:/Users/nahid/Downloads/campus-connect-pro-complete-20-features-v2-fixed/campus-connect-pro-complete/vendor/laravel/framework/src/Illuminate/Pipeline/Pipeline.php(183): Illuminate/Cookie/Middleware/EncryptCookies->handle(Object(Illuminate/Http/Request), Object(Closure))
#30 C:/Users/nahid/Downloads/campus-connect-pro-complete-20-features-v2-fixed/campus-connect-pro-complete/vendor/laravel/framework/src/Illuminate/Pipeline/Pipeline.php(119): Illuminate/Pipeline/Pipeline->Illuminate/Pipeline/{closure}(Object(Illuminate/Http/Request))
#31 C:/Users/nahid/Downloads/campus-connect-pro-complete-20-features-v2-fixed/campus-connect-pro-complete/vendor/laravel/framework/src/Illuminate/Routing/Router.php(805): Illuminate/Pipeline/Pipeline->then(Object(Closure))
#32 C:/Users/nahid/Downloads/campus-connect-pro-complete-20-features-v2-fixed/campus-connect-pro-complete/vendor/laravel/framework/src/Illuminate/Routing/Router.php(784): Illuminate/Routing/Router->runRouteWithinStack(Object(Illuminate/Routing/Route), Object(Illuminate/Http/Request))
#33 C:/Users/nahid/Downloads/campus-connect-pro-complete-20-features-v2-fixed/campus-connect-pro-complete/vendor/laravel/framework/src/Illuminate/Routing/Router.php(748): Illuminate/Routing/Router->runRoute(Object(Illuminate/Http/Request), Object(Illuminate/Routing/Route))
#34 C:/Users/nahid/Downloads/campus-connect-pro-complete-20-features-v2-fixed/campus-connect-pro-complete/vendor/laravel/framework/src/Illuminate/Routing/Router.php(737): Illuminate/Routing/Router->dispatchToRoute(Object(Illuminate/Http/Request))
#35 C:/Users/nahid/Downloads/campus-connect-pro-complete-20-features-v2-fixed/campus-connect-pro-complete/vendor/laravel/framework/src/Illuminate/Foundation/Http/Kernel.php(200): Illuminate/Routing/Router->dispatch(Object(Illuminate/Http/Request))
#36 C:/Users/nahid/Downloads/campus-connect-pro-complete-20-features-v2-fixed/campus-connect-pro-complete/vendor/laravel/framework/src/Illuminate/Pipeline/Pipeline.php(144): Illuminate/Foundation/Http/Kernel->Illuminate/Foundation/Http/{closure}(Object(Illuminate/Http/Request))
#37 C:/Users/nahid/Downloads/campus-connect-pro-complete-20-features-v2-fixed/campus-connect-pro-complete/vendor/laravel/framework/src/Illuminate/Foundation/Http/Middleware/TransformsRequest.php(21): Illuminate/Pipeline/Pipeline->Illuminate/Pipeline/{closure}(Object(Illuminate/Http/Request))
#38 C:/Users/nahid/Downloads/campus-connect-pro-complete-20-features-v2-fixed/campus-connect-pro-complete/vendor/laravel/framework/src/Illuminate/Foundation/Http/Middleware/ConvertEmptyStringsToNull.php(31): Illuminate/Foundation/Http/Middleware/TransformsRequest->handle(Object(Illuminate/Http/Request), Object(Closure))
#39 C:/Users/nahid/Downloads/campus-connect-pro-complete-20-features-v2-fixed/campus-connect-pro-complete/vendor/laravel/framework/src/Illuminate/Pipeline/Pipeline.php(183): Illuminate/Foundation/Http/Middleware/ConvertEmptyStringsToNull->handle(Object(Illuminate/Http/Request), Object(Closure))
#40 C:/Users/nahid/Downloads/campus-connect-pro-complete-20-features-v2-fixed/campus-connect-pro-complete/vendor/laravel/framework/src/Illuminate/Foundation/Http/Middleware/TransformsRequest.php(21): Illuminate/Pipeline/Pipeline->Illuminate/Pipeline/{closure}(Object(Illuminate/Http/Request))
#41 C:/Users/nahid/Downloads/campus-connect-pro-complete-20-features-v2-fixed/campus-connect-pro-complete/vendor/laravel/framework/src/Illuminate/Foundation/Http/Middleware/TrimStrings.php(40): Illuminate/Foundation/Http/Middleware/TransformsRequest->handle(Object(Illuminate/Http/Request), Object(Closure))
#42 C:/Users/nahid/Downloads/campus-connect-pro-complete-20-features-v2-fixed/campus-connect-pro-complete/vendor/laravel/framework/src/Illuminate/Pipeline/Pipeline.php(183): Illuminate/Foundation/Http/Middleware/TrimStrings->handle(Object(Illuminate/Http/Request), Object(Closure))
#43 C:/Users/nahid/Downloads/campus-connect-pro-complete-20-features-v2-fixed/campus-connect-pro-complete/vendor/laravel/framework/src/Illuminate/Foundation/Http/Middleware/ValidatePostSize.php(27): Illuminate/Pipeline/Pipeline->Illuminate/Pipeline/{closure}(Object(Illuminate/Http/Request))
#44 C:/Users/nahid/Downloads/campus-connect-pro-complete-20-features-v2-fixed/campus-connect-pro-complete/vendor/laravel/framework/src/Illuminate/Pipeline/Pipeline.php(183): Illuminate/Foundation/Http/Middleware/ValidatePostSize->handle(Object(Illuminate/Http/Request), Object(Closure))
#45 C:/Users/nahid/Downloads/campus-connect-pro-complete-20-features-v2-fixed/campus-connect-pro-complete/vendor/laravel/framework/src/Illuminate/Http/Middleware/HandleCors.php(49): Illuminate/Pipeline/Pipeline->Illuminate/Pipeline/{closure}(Object(Illuminate/Http/Request))
#46 C:/Users/nahid/Downloads/campus-connect-pro-complete-20-features-v2-fixed/campus-connect-pro-complete/vendor/laravel/framework/src/Illuminate/Pipeline/Pipeline.php(183): Illuminate/Http/Middleware/HandleCors->handle(Object(Illuminate/Http/Request), Object(Closure))
#47 C:/Users/nahid/Downloads/campus-connect-pro-complete-20-features-v2-fixed/campus-connect-pro-complete/vendor/laravel/framework/src/Illuminate/Pipeline/Pipeline.php(119): Illuminate/Pipeline/Pipeline->Illuminate/Pipeline/{closure}(Object(Illuminate/Http/Request))
#48 C:/Users/nahid/Downloads/campus-connect-pro-complete-20-features-v2-fixed/campus-connect-pro-complete/vendor/laravel/framework/src/Illuminate/Foundation/Http/Kernel.php(175): Illuminate/Pipeline/Pipeline->then(Object(Closure))
#49 C:/Users/nahid/Downloads/campus-connect-pro-complete-20-features-v2-fixed/campus-connect-pro-complete/vendor/laravel/framework/src/Illuminate/Foundation/Http/Kernel.php(144): Illuminate/Foundation/Http/Kernel->sendRequestThroughRouter(Object(Illuminate/Http/Request))
#50 C:/Users/nahid/Downloads/campus-connect-pro-complete-20-features-v2-fixed/campus-connect-pro-complete/public/index.php(20): Illuminate/Foundation/Http/Kernel->handle(Object(Illuminate/Http/Request))
#51 C:/Users/nahid/Downloads/campus-connect-pro-complete-20-features-v2-fixed/campus-connect-pro-complete/vendor/laravel/framework/src/Illuminate/Foundation/resources/server.php(16): require_once('C://Users//nahid//...')
#52 {main}

[previous exception] [object] (ErrorException(code: 0): Undefined variable $requestedRides at C:/Users/nahid/Downloads/campus-connect-pro-complete-20-features-v2-fixed/campus-connect-pro-complete/storage/framework/views/1889eac39de490ba56a791478f199358.php:33)
[stacktrace]
#0 C:/Users/nahid/Downloads/campus-connect-pro-complete-20-features-v2-fixed/campus-connect-pro-complete/vendor/laravel/framework/src/Illuminate/Foundation/Bootstrap/HandleExceptions.php(255): Illuminate/Foundation/Bootstrap/HandleExceptions->handleError(2, 'Undefined varia...', 'C://Users//nahid//...', 33)
#1 C:/Users/nahid/Downloads/campus-connect-pro-complete-20-features-v2-fixed/campus-connect-pro-complete/storage/framework/views/1889eac39de490ba56a791478f199358.php(33): Illuminate/Foundation/Bootstrap/HandleExceptions->Illuminate/Foundation/Bootstrap/{closure}(2, 'Undefined varia...', 'C://Users//nahid//...', 33)
#2 C:/Users/nahid/Downloads/campus-connect-pro-complete-20-features-v2-fixed/campus-connect-pro-complete/vendor/laravel/framework/src/Illuminate/Filesystem/Filesystem.php(123): require('C://Users//nahid//...')
#3 C:/Users/nahid/Downloads/campus-connect-pro-complete-20-features-v2-fixed/campus-connect-pro-complete/vendor/laravel/framework/src/Illuminate/Filesystem/Filesystem.php(124): Illuminate/Filesystem/Filesystem::Illuminate/Filesystem/{closure}()
#4 C:/Users/nahid/Downloads/campus-connect-pro-complete-20-features-v2-fixed/campus-connect-pro-complete/vendor/laravel/framework/src/Illuminate/View/Engines/PhpEngine.php(58): Illuminate/Filesystem/Filesystem->getRequire('C://Users//nahid//...', Array)
#5 C:/Users/nahid/Downloads/campus-connect-pro-complete-20-features-v2-fixed/campus-connect-pro-complete/vendor/laravel/framework/src/Illuminate/View/Engines/CompilerEngine.php(72): Illuminate/View/Engines/PhpEngine->evaluatePath('C://Users//nahid//...', Array)
#6 C:/Users/nahid/Downloads/campus-connect-pro-complete-20-features-v2-fixed/campus-connect-pro-complete/vendor/laravel/framework/src/Illuminate/View/View.php(207): Illuminate/View/Engines/CompilerEngine->get('C://Users//nahid//...', Array)
#7 C:/Users/nahid/Downloads/campus-connect-pro-complete-20-features-v2-fixed/campus-connect-pro-complete/vendor/laravel/framework/src/Illuminate/View/View.php(190): Illuminate/View/View->getContents()
#8 C:/Users/nahid/Downloads/campus-connect-pro-complete-20-features-v2-fixed/campus-connect-pro-complete/vendor/laravel/framework/src/Illuminate/View/View.php(159): Illuminate/View/View->renderContents()
#9 C:/Users/nahid/Downloads/campus-connect-pro-complete-20-features-v2-fixed/campus-connect-pro-complete/vendor/laravel/framework/src/Illuminate/Http/Response.php(69): Illuminate/View/View->render()
#10 C:/Users/nahid/Downloads/campus-connect-pro-complete-20-features-v2-fixed/campus-connect-pro-complete/vendor/laravel/framework/src/Illuminate/Http/Response.php(35): Illuminate/Http/Response->setContent(Object(Illuminate/View/View))
#11 C:/Users/nahid/Downloads/campus-connect-pro-complete-20-features-v2-fixed/campus-connect-pro-complete/vendor/laravel/framework/src/Illuminate/Routing/Router.php(918): Illuminate/Http/Response->__construct(Object(Illuminate/View/View), 200, Array)
#12 C:/Users/nahid/Downloads/campus-connect-pro-complete-20-features-v2-fixed/campus-connect-pro-complete/vendor/laravel/framework/src/Illuminate/Routing/Router.php(885): Illuminate/Routing/Router::toResponse(Object(Illuminate/Http/Request), Object(Illuminate/View/View))
#13 C:/Users/nahid/Downloads/campus-connect-pro-complete-20-features-v2-fixed/campus-connect-pro-complete/vendor/laravel/framework/src/Illuminate/Routing/Router.php(805): Illuminate/Routing/Router->prepareResponse(Object(Illuminate/Http/Request), Object(Illuminate/View/View))
#14 C:/Users/nahid/Downloads/campus-connect-pro-complete-20-features-v2-fixed/campus-connect-pro-complete/vendor/laravel/framework/src/Illuminate/Pipeline/Pipeline.php(144): Illuminate/Routing/Router->Illuminate/Routing/{closure}(Object(Illuminate/Http/Request))
#15 C:/Users/nahid/Downloads/campus-connect-pro-complete-20-features-v2-fixed/campus-connect-pro-complete/app/Http/Middleware/CheckSuspended.php(19): Illuminate/Pipeline/Pipeline->Illuminate/Pipeline/{closure}(Object(Illuminate/Http/Request))
#16 C:/Users/nahid/Downloads/campus-connect-pro-complete-20-features-v2-fixed/campus-connect-pro-complete/vendor/laravel/framework/src/Illuminate/Pipeline/Pipeline.php(183): App/Http/Middleware/CheckSuspended->handle(Object(Illuminate/Http/Request), Object(Closure))
#17 C:/Users/nahid/Downloads/campus-connect-pro-complete-20-features-v2-fixed/campus-connect-pro-complete/vendor/laravel/framework/src/Illuminate/Routing/Middleware/SubstituteBindings.php(50): Illuminate/Pipeline/Pipeline->Illuminate/Pipeline/{closure}(Object(Illuminate/Http/Request))
#18 C:/Users/nahid/Downloads/campus-connect-pro-complete-20-features-v2-fixed/campus-connect-pro-complete/vendor/laravel/framework/src/Illuminate/Pipeline/Pipeline.php(183): Illuminate/Routing/Middleware/SubstituteBindings->handle(Object(Illuminate/Http/Request), Object(Closure))
#19 C:/Users/nahid/Downloads/campus-connect-pro-complete-20-features-v2-fixed/campus-connect-pro-complete/vendor/laravel/framework/src/Illuminate/Auth/Middleware/Authenticate.php(57): Illuminate/Pipeline/Pipeline->Illuminate/Pipeline/{closure}(Object(Illuminate/Http/Request))
#20 C:/Users/nahid/Downloads/campus-connect-pro-complete-20-features-v2-fixed/campus-connect-pro-complete/vendor/laravel/framework/src/Illuminate/Pipeline/Pipeline.php(183): Illuminate/Auth/Middleware/Authenticate->handle(Object(Illuminate/Http/Request), Object(Closure))
#21 C:/Users/nahid/Downloads/campus-connect-pro-complete-20-features-v2-fixed/campus-connect-pro-complete/vendor/laravel/framework/src/Illuminate/Foundation/Http/Middleware/VerifyCsrfToken.php(78): Illuminate/Pipeline/Pipeline->Illuminate/Pipeline/{closure}(Object(Illuminate/Http/Request))
#22 C:/Users/nahid/Downloads/campus-connect-pro-complete-20-features-v2-fixed/campus-connect-pro-complete/vendor/laravel/framework/src/Illuminate/Pipeline/Pipeline.php(183): Illuminate/Foundation/Http/Middleware/VerifyCsrfToken->handle(Object(Illuminate/Http/Request), Object(Closure))
#23 C:/Users/nahid/Downloads/campus-connect-pro-complete-20-features-v2-fixed/campus-connect-pro-complete/vendor/laravel/framework/src/Illuminate/View/Middleware/ShareErrorsFromSession.php(49): Illuminate/Pipeline/Pipeline->Illuminate/Pipeline/{closure}(Object(Illuminate/Http/Request))
#24 C:/Users/nahid/Downloads/campus-connect-pro-complete-20-features-v2-fixed/campus-connect-pro-complete/vendor/laravel/framework/src/Illuminate/Pipeline/Pipeline.php(183): Illuminate/View/Middleware/ShareErrorsFromSession->handle(Object(Illuminate/Http/Request), Object(Closure))
#25 C:/Users/nahid/Downloads/campus-connect-pro-complete-20-features-v2-fixed/campus-connect-pro-complete/vendor/laravel/framework/src/Illuminate/Session/Middleware/StartSession.php(121): Illuminate/Pipeline/Pipeline->Illuminate/Pipeline/{closure}(Object(Illuminate/Http/Request))
#26 C:/Users/nahid/Downloads/campus-connect-pro-complete-20-features-v2-fixed/campus-connect-pro-complete/vendor/laravel/framework/src/Illuminate/Session/Middleware/StartSession.php(64): Illuminate/Session/Middleware/StartSession->handleStatefulRequest(Object(Illuminate/Http/Request), Object(Illuminate/Session/Store), Object(Closure))
#27 C:/Users/nahid/Downloads/campus-connect-pro-complete-20-features-v2-fixed/campus-connect-pro-complete/vendor/laravel/framework/src/Illuminate/Pipeline/Pipeline.php(183): Illuminate/Session/Middleware/StartSession->handle(Object(Illuminate/Http/Request), Object(Closure))
#28 C:/Users/nahid/Downloads/campus-connect-pro-complete-20-features-v2-fixed/campus-connect-pro-complete/vendor/laravel/framework/src/Illuminate/Cookie/Middleware/AddQueuedCookiesToResponse.php(37): Illuminate/Pipeline/Pipeline->Illuminate/Pipeline/{closure}(Object(Illuminate/Http/Request))
#29 C:/Users/nahid/Downloads/campus-connect-pro-complete-20-features-v2-fixed/campus-connect-pro-complete/vendor/laravel/framework/src/Illuminate/Pipeline/Pipeline.php(183): Illuminate/Cookie/Middleware/AddQueuedCookiesToResponse->handle(Object(Illuminate/Http/Request), Object(Closure))
#30 C:/Users/nahid/Downloads/campus-connect-pro-complete-20-features-v2-fixed/campus-connect-pro-complete/vendor/laravel/framework/src/Illuminate/Cookie/Middleware/EncryptCookies.php(67): Illuminate/Pipeline/Pipeline->Illuminate/Pipeline/{closure}(Object(Illuminate/Http/Request))
#31 C:/Users/nahid/Downloads/campus-connect-pro-complete-20-features-v2-fixed/campus-connect-pro-complete/vendor/laravel/framework/src/Illuminate/Pipeline/Pipeline.php(183): Illuminate/Cookie/Middleware/EncryptCookies->handle(Object(Illuminate/Http/Request), Object(Closure))
#32 C:/Users/nahid/Downloads/campus-connect-pro-complete-20-features-v2-fixed/campus-connect-pro-complete/vendor/laravel/framework/src/Illuminate/Pipeline/Pipeline.php(119): Illuminate/Pipeline/Pipeline->Illuminate/Pipeline/{closure}(Object(Illuminate/Http/Request))
#33 C:/Users/nahid/Downloads/campus-connect-pro-complete-20-features-v2-fixed/campus-connect-pro-complete/vendor/laravel/framework/src/Illuminate/Routing/Router.php(805): Illuminate/Pipeline/Pipeline->then(Object(Closure))
#34 C:/Users/nahid/Downloads/campus-connect-pro-complete-20-features-v2-fixed/campus-connect-pro-complete/vendor/laravel/framework/src/Illuminate/Routing/Router.php(784): Illuminate/Routing/Router->runRouteWithinStack(Object(Illuminate/Routing/Route), Object(Illuminate/Http/Request))
#35 C:/Users/nahid/Downloads/campus-connect-pro-complete-20-features-v2-fixed/campus-connect-pro-complete/vendor/laravel/framework/src/Illuminate/Routing/Router.php(748): Illuminate/Routing/Router->runRoute(Object(Illuminate/Http/Request), Object(Illuminate/Routing/Route))
#36 C:/Users/nahid/Downloads/campus-connect-pro-complete-20-features-v2-fixed/campus-connect-pro-complete/vendor/laravel/framework/src/Illuminate/Routing/Router.php(737): Illuminate/Routing/Router->dispatchToRoute(Object(Illuminate/Http/Request))
#37 C:/Users/nahid/Downloads/campus-connect-pro-complete-20-features-v2-fixed/campus-connect-pro-complete/vendor/laravel/framework/src/Illuminate/Foundation/Http/Kernel.php(200): Illuminate/Routing/Router->dispatch(Object(Illuminate/Http/Request))
#38 C:/Users/nahid/Downloads/campus-connect-pro-complete-20-features-v2-fixed/campus-connect-pro-complete/vendor/laravel/framework/src/Illuminate/Pipeline/Pipeline.php(144): Illuminate/Foundation/Http/Kernel->Illuminate/Foundation/Http/{closure}(Object(Illuminate/Http/Request))
#39 C:/Users/nahid/Downloads/campus-connect-pro-complete-20-features-v2-fixed/campus-connect-pro-complete/vendor/laravel/framework/src/Illuminate/Foundation/Http/Middleware/TransformsRequest.php(21): Illuminate/Pipeline/Pipeline->Illuminate/Pipeline/{closure}(Object(Illuminate/Http/Request))
#40 C:/Users/nahid/Downloads/campus-connect-pro-complete-20-features-v2-fixed/campus-connect-pro-complete/vendor/laravel/framework/src/Illuminate/Foundation/Http/Middleware/ConvertEmptyStringsToNull.php(31): Illuminate/Foundation/Http/Middleware/TransformsRequest->handle(Object(Illuminate/Http/Request), Object(Closure))
#41 C:/Users/nahid/Downloads/campus-connect-pro-complete-20-features-v2-fixed/campus-connect-pro-complete/vendor/laravel/framework/src/Illuminate/Pipeline/Pipeline.php(183): Illuminate/Foundation/Http/Middleware/ConvertEmptyStringsToNull->handle(Object(Illuminate/Http/Request), Object(Closure))
#42 C:/Users/nahid/Downloads/campus-connect-pro-complete-20-features-v2-fixed/campus-connect-pro-complete/vendor/laravel/framework/src/Illuminate/Foundation/Http/Middleware/TransformsRequest.php(21): Illuminate/Pipeline/Pipeline->Illuminate/Pipeline/{closure}(Object(Illuminate/Http/Request))
#43 C:/Users/nahid/Downloads/campus-connect-pro-complete-20-features-v2-fixed/campus-connect-pro-complete/vendor/laravel/framework/src/Illuminate/Foundation/Http/Middleware/TrimStrings.php(40): Illuminate/Foundation/Http/Middleware/TransformsRequest->handle(Object(Illuminate/Http/Request), Object(Closure))
#44 C:/Users/nahid/Downloads/campus-connect-pro-complete-20-features-v2-fixed/campus-connect-pro-complete/vendor/laravel/framework/src/Illuminate/Pipeline/Pipeline.php(183): Illuminate/Foundation/Http/Middleware/TrimStrings->handle(Object(Illuminate/Http/Request), Object(Closure))
#45 C:/Users/nahid/Downloads/campus-connect-pro-complete-20-features-v2-fixed/campus-connect-pro-complete/vendor/laravel/framework/src/Illuminate/Foundation/Http/Middleware/ValidatePostSize.php(27): Illuminate/Pipeline/Pipeline->Illuminate/Pipeline/{closure}(Object(Illuminate/Http/Request))
#46 C:/Users/nahid/Downloads/campus-connect-pro-complete-20-features-v2-fixed/campus-connect-pro-complete/vendor/laravel/framework/src/Illuminate/Pipeline/Pipeline.php(183): Illuminate/Foundation/Http/Middleware/ValidatePostSize->handle(Object(Illuminate/Http/Request), Object(Closure))
#47 C:/Users/nahid/Downloads/campus-connect-pro-complete-20-features-v2-fixed/campus-connect-pro-complete/vendor/laravel/framework/src/Illuminate/Http/Middleware/HandleCors.php(49): Illuminate/Pipeline/Pipeline->Illuminate/Pipeline/{closure}(Object(Illuminate/Http/Request))
#48 C:/Users/nahid/Downloads/campus-connect-pro-complete-20-features-v2-fixed/campus-connect-pro-complete/vendor/laravel/framework/src/Illuminate/Pipeline/Pipeline.php(183): Illuminate/Http/Middleware/HandleCors->handle(Object(Illuminate/Http/Request), Object(Closure))
#49 C:/Users/nahid/Downloads/campus-connect-pro-complete-20-features-v2-fixed/campus-connect-pro-complete/vendor/laravel/framework/src/Illuminate/Pipeline/Pipeline.php(119): Illuminate/Pipeline/Pipeline->Illuminate/Pipeline/{closure}(Object(Illuminate/Http/Request))
#50 C:/Users/nahid/Downloads/campus-connect-pro-complete-20-features-v2-fixed/campus-connect-pro-complete/vendor/laravel/framework/src/Illuminate/Foundation/Http/Kernel.php(175): Illuminate/Pipeline/Pipeline->then(Object(Closure))
#51 C:/Users/nahid/Downloads/campus-connect-pro-complete-20-features-v2-fixed/campus-connect-pro-complete/vendor/laravel/framework/src/Illuminate/Foundation/Http/Kernel.php(144): Illuminate/Foundation/Http/Kernel->sendRequestThroughRouter(Object(Illuminate/Http/Request))
#52 C:/Users/nahid/Downloads/campus-connect-pro-complete-20-features-v2-fixed/campus-connect-pro-complete/public/index.php(20): Illuminate/Foundation/Http/Kernel->handle(Object(Illuminate/Http/Request))
#53 C:/Users/nahid/Downloads/campus-connect-pro-complete-20-features-v2-fixed/campus-connect-pro-complete/vendor/laravel/framework/src/Illuminate/Foundation/resources/server.php(16): require_once('C://Users//nahid//...')
#54 {main}
"} 
